base,modelo,data_prevista,residuo,ljung_box_lag,ljung_box_stat,ljung_box_pvalue,residuos_brancos_5pct
base_01,SARIMAX,2025-09-13 11:59:59.999000+00:00,1113.9149927004182,10,40.600335585280405,1.3278504722673726e-05,False
base_01,SARIMAX,2025-09-14 11:59:59.999000+00:00,298.5997102415422,10,40.600335585280405,1.3278504722673726e-05,False
base_01,SARIMAX,2025-09-15 11:59:59.999000+00:00,-330.802763136322,10,40.600335585280405,1.3278504722673726e-05,False
base_01,SARIMAX,2025-09-16 11:59:59.999000+00:00,-228.51927241489466,10,40.600335585280405,1.3278504722673726e-05,False
base_01,SARIMAX,2025-09-17 11:59:59.999000+00:00,1287.9500809003512,10,40.600335585280405,1.3278504722673726e-05,False
base_01,SARIMAX,2025-09-18 11:59:59.999000+00:00,-575.2815902792645,10,40.600335585280405,1.3278504722673726e-05,False
base_01,SARIMAX,2025-09-19 11:59:59.999000+00:00,884.0651646282931,10,40.600335585280405,1.3278504722673726e-05,False
base_01,SARIMAX,2025-09-20 11:59:59.999000+00:00,-1467.7516944614908,10,40.600335585280405,1.3278504722673726e-05,False
base_01,SARIMAX,2025-09-21 11:59:59.999000+00:00,-79.3913487324462,10,40.600335585280405,1.3278504722673726e-05,False
base_01,SARIMAX,2025-09-22 11:59:59.999000+00:00,-614.9222364410816,10,40.600335585280405,1.3278504722673726e-05,False
base_01,SARIMAX,2025-09-23 11:59:59.999000+00:00,-2897.0664208058442,10,40.600335585280405,1.3278504722673726e-05,False
base_01,SARIMAX,2025-09-24 11:59:59.999000+00:00,-1251.8160291069653,10,40.600335585280405,1.3278504722673726e-05,False
base_01,SARIMAX,2025-09-25 11:59:59.999000+00:00,292.38609509548405,10,40.600335585280405,1.3278504722673726e-05,False
base_01,SARIMAX,2025-09-26 11:59:59.999000+00:00,-4250.4137200573605,10,40.600335585280405,1.3278504722673726e-05,False
base_01,SARIMAX,2025-09-27 11:59:59.999000+00:00,106.46146527220844,10,40.600335585280405,1.3278504722673726e-05,False
base_01,SARIMAX,2025-09-28 11:59:59.999000+00:00,-717.6945457847032,10,40.600335585280405,1.3278504722673726e-05,False
base_01,SARIMAX,2025-09-29 11:59:59.999000+00:00,2356.939551480871,10,40.600335585280405,1.3278504722673726e-05,False
base_01,SARIMAX,2025-09-30 11:59:59.999000+00:00,2583.333282397478,10,40.600335585280405,1.3278504722673726e-05,False
base_01,SARIMAX,2025-10-01 11:59:59.999000+00:00,359.3215607394959,10,40.600335585280405,1.3278504722673726e-05,False
base_01,SARIMAX,2025-10-02 11:59:59.999000+00:00,4568.762499046643,10,40.600335585280405,1.3278504722673726e-05,False
base_01,SARIMAX,2025-10-03 11:59:59.999000+00:00,3083.5631102513435,10,40.600335585280405,1.3278504722673726e-05,False
base_01,SARIMAX,2025-10-04 11:59:59.999000+00:00,2571.771805115175,10,40.600335585280405,1.3278504722673726e-05,False
base_01,SARIMAX,2025-10-05 11:59:59.999000+00:00,1075.4276375496265,10,40.600335585280405,1.3278504722673726e-05,False
base_01,SARIMAX,2025-10-06 11:59:59.999000+00:00,1475.1896878936095,10,40.600335585280405,1.3278504722673726e-05,False
base_01,SARIMAX,2025-10-07 11:59:59.999000+00:00,1428.0463154118333,10,40.600335585280405,1.3278504722673726e-05,False
base_01,SARIMAX,2025-10-08 11:59:59.999000+00:00,-2935.712950498346,10,40.600335585280405,1.3278504722673726e-05,False
base_01,SARIMAX,2025-10-09 11:59:59.999000+00:00,1155.9155561356165,10,40.600335585280405,1.3278504722673726e-05,False
base_01,SARIMAX,2025-10-10 11:59:59.999000+00:00,-1765.4429549719061,10,40.600335585280405,1.3278504722673726e-05,False
base_01,SARIMAX,2025-10-11 11:59:59.999000+00:00,-8709.36789973329,10,40.600335585280405,1.3278504722673726e-05,False
base_01,SARIMAX,2025-10-12 11:59:59.999000+00:00,-3398.092320740834,10,40.600335585280405,1.3278504722673726e-05,False
base_01,SARIMAX,2025-10-13 11:59:59.999000+00:00,2057.9928287671646,10,40.600335585280405,1.3278504722673726e-05,False
base_01,SARIMAX,2025-10-14 11:59:59.999000+00:00,-215.26186081291235,10,40.600335585280405,1.3278504722673726e-05,False
base_01,SARIMAX,2025-10-15 11:59:59.999000+00:00,-1882.5410881017888,10,40.600335585280405,1.3278504722673726e-05,False
base_01,SARIMAX,2025-10-16 11:59:59.999000+00:00,-2953.0806492949923,10,40.600335585280405,1.3278504722673726e-05,False
base_01,SARIMAX,2025-10-17 11:59:59.999000+00:00,-3299.310627105442,10,40.600335585280405,1.3278504722673726e-05,False
base_01,SARIMAX,2025-10-18 11:59:59.999000+00:00,-2629.261828628194,10,40.600335585280405,1.3278504722673726e-05,False
base_01,SARIMAX,2025-10-19 11:59:59.999000+00:00,-17.180573893449036,10,40.600335585280405,1.3278504722673726e-05,False
base_01,SARIMAX,2025-10-20 11:59:59.999000+00:00,934.3838365964475,10,40.600335585280405,1.3278504722673726e-05,False
base_01,SARIMAX,2025-10-21 11:59:59.999000+00:00,1990.9843952554947,10,40.600335585280405,1.3278504722673726e-05,False
base_01,SARIMAX,2025-10-22 11:59:59.999000+00:00,-1526.960519404005,10,40.600335585280405,1.3278504722673726e-05,False
base_01,SARIMAX,2025-10-23 11:59:59.999000+00:00,-1079.1899934028042,10,40.600335585280405,1.3278504722673726e-05,False
base_01,SARIMAX,2025-10-24 11:59:59.999000+00:00,1946.6653542920976,10,40.600335585280405,1.3278504722673726e-05,False
base_01,SARIMAX,2025-10-25 11:59:59.999000+00:00,1174.6218494235509,10,40.600335585280405,1.3278504722673726e-05,False
base_01,SARIMAX,2025-10-26 11:59:59.999000+00:00,1062.0780418257054,10,40.600335585280405,1.3278504722673726e-05,False
base_01,SARIMAX,2025-10-27 11:59:59.999000+00:00,3139.004074367447,10,40.600335585280405,1.3278504722673726e-05,False
base_01,SARIMAX,2025-10-28 11:59:59.999000+00:00,174.23160883733362,10,40.600335585280405,1.3278504722673726e-05,False
base_01,SARIMAX,2025-10-29 11:59:59.999000+00:00,-756.8612527871301,10,40.600335585280405,1.3278504722673726e-05,False
base_01,SARIMAX,2025-10-30 11:59:59.999000+00:00,-3399.6353226054925,10,40.600335585280405,1.3278504722673726e-05,False
base_01,SARIMAX,2025-10-31 11:59:59.999000+00:00,-2270.700198812774,10,40.600335585280405,1.3278504722673726e-05,False
base_01,SARIMAX,2025-11-01 11:59:59.999000+00:00,477.69425651911297,10,40.600335585280405,1.3278504722673726e-05,False
base_01,SARIMAX,2025-11-02 11:59:59.999000+00:00,169.80496420734562,10,40.600335585280405,1.3278504722673726e-05,False
base_01,SARIMAX,2025-11-03 11:59:59.999000+00:00,609.6320906789188,10,40.600335585280405,1.3278504722673726e-05,False
base_01,SARIMAX,2025-11-04 11:59:59.999000+00:00,-4137.008451337082,10,40.600335585280405,1.3278504722673726e-05,False
base_01,SARIMAX,2025-11-05 11:59:59.999000+00:00,-5322.614596427826,10,40.600335585280405,1.3278504722673726e-05,False
base_01,SARIMAX,2025-11-06 11:59:59.999000+00:00,662.7208395666967,10,40.600335585280405,1.3278504722673726e-05,False
base_01,SARIMAX,2025-11-07 11:59:59.999000+00:00,-3253.7372000814066,10,40.600335585280405,1.3278504722673726e-05,False
base_01,SARIMAX,2025-11-08 11:59:59.999000+00:00,1631.517753897293,10,40.600335585280405,1.3278504722673726e-05,False
base_01,SARIMAX,2025-11-09 11:59:59.999000+00:00,-1178.0826685291977,10,40.600335585280405,1.3278504722673726e-05,False
base_01,SARIMAX,2025-11-10 11:59:59.999000+00:00,2330.1658028242236,10,40.600335585280405,1.3278504722673726e-05,False
base_01,SARIMAX,2025-11-11 11:59:59.999000+00:00,1417.1582325677591,10,40.600335585280405,1.3278504722673726e-05,False
base_01,SARIMAX,2025-11-12 11:59:59.999000+00:00,-2429.036569084885,10,40.600335585280405,1.3278504722673726e-05,False
base_01,SARIMAX,2025-11-13 11:59:59.999000+00:00,-1772.354346703156,10,40.600335585280405,1.3278504722673726e-05,False
base_01,SARIMAX,2025-11-14 11:59:59.999000+00:00,-2441.6144583570713,10,40.600335585280405,1.3278504722673726e-05,False
base_01,SARIMAX,2025-11-15 11:59:59.999000+00:00,-5916.778616878524,10,40.600335585280405,1.3278504722673726e-05,False
base_01,SARIMAX,2025-11-16 11:59:59.999000+00:00,-35.095949195558205,10,40.600335585280405,1.3278504722673726e-05,False
base_01,SARIMAX,2025-11-17 11:59:59.999000+00:00,-2537.4882444349932,10,40.600335585280405,1.3278504722673726e-05,False
base_01,SARIMAX,2025-11-18 11:59:59.999000+00:00,-2586.0654311777616,10,40.600335585280405,1.3278504722673726e-05,False
base_01,SARIMAX,2025-11-19 11:59:59.999000+00:00,435.69414334581234,10,40.600335585280405,1.3278504722673726e-05,False
base_01,SARIMAX,2025-11-20 11:59:59.999000+00:00,-2238.1135140401457,10,40.600335585280405,1.3278504722673726e-05,False
base_01,SARIMAX,2025-11-21 11:59:59.999000+00:00,-4839.22145565573,10,40.600335585280405,1.3278504722673726e-05,False
base_01,SARIMAX,2025-11-22 11:59:59.999000+00:00,-2281.0393352491083,10,40.600335585280405,1.3278504722673726e-05,False
base_01,SARIMAX,2025-11-23 11:59:59.999000+00:00,-1561.3797897655022,10,40.600335585280405,1.3278504722673726e-05,False
base_01,SARIMAX,2025-11-24 11:59:59.999000+00:00,1191.254944571323,10,40.600335585280405,1.3278504722673726e-05,False
base_01,SARIMAX,2025-11-25 11:59:59.999000+00:00,1292.94943683756,10,40.600335585280405,1.3278504722673726e-05,False
base_01,SARIMAX,2025-11-26 11:59:59.999000+00:00,-286.200848950175,10,40.600335585280405,1.3278504722673726e-05,False
base_01,SARIMAX,2025-11-27 11:59:59.999000+00:00,2956.2535501237726,10,40.600335585280405,1.3278504722673726e-05,False
base_01,SARIMAX,2025-11-28 11:59:59.999000+00:00,1428.5888830624026,10,40.600335585280405,1.3278504722673726e-05,False
base_01,SARIMAX,2025-11-29 11:59:59.999000+00:00,256.63774541513703,10,40.600335585280405,1.3278504722673726e-05,False
base_01,SARIMAX,2025-11-30 11:59:59.999000+00:00,257.57039912688197,10,40.600335585280405,1.3278504722673726e-05,False
base_01,SARIMAX,2025-12-01 11:59:59.999000+00:00,-603.6244946928782,10,40.600335585280405,1.3278504722673726e-05,False
base_01,SARIMAX,2025-12-02 11:59:59.999000+00:00,-4314.690518484989,10,40.600335585280405,1.3278504722673726e-05,False
base_01,SARIMAX,2025-12-03 11:59:59.999000+00:00,4771.344014392293,10,40.600335585280405,1.3278504722673726e-05,False
base_01,SARIMAX,2025-12-04 11:59:59.999000+00:00,1677.0680084340129,10,40.600335585280405,1.3278504722673726e-05,False
base_01,SARIMAX,2025-12-05 11:59:59.999000+00:00,-317.1045399360155,10,40.600335585280405,1.3278504722673726e-05,False
base_01,SARIMAX,2025-12-06 11:59:59.999000+00:00,-2316.425901886556,10,40.600335585280405,1.3278504722673726e-05,False
base_01,SARIMAX,2025-12-07 11:59:59.999000+00:00,-454.9230951416539,10,40.600335585280405,1.3278504722673726e-05,False
base_01,SARIMAX,2025-12-08 11:59:59.999000+00:00,347.70673847153375,10,40.600335585280405,1.3278504722673726e-05,False
base_01,SARIMAX,2025-12-09 11:59:59.999000+00:00,184.44460629187233,10,40.600335585280405,1.3278504722673726e-05,False
base_01,SARIMAX,2025-12-10 11:59:59.999000+00:00,2213.829876506279,10,40.600335585280405,1.3278504722673726e-05,False
base_01,SARIMAX,2025-12-11 11:59:59.999000+00:00,-609.4162134503276,10,40.600335585280405,1.3278504722673726e-05,False
base_01,SARIMAX,2025-12-12 11:59:59.999000+00:00,924.1996532086778,10,40.600335585280405,1.3278504722673726e-05,False
base_01,SARIMAX,2025-12-13 11:59:59.999000+00:00,-2043.5468195967987,10,40.600335585280405,1.3278504722673726e-05,False
base_01,SARIMAX,2025-12-14 11:59:59.999000+00:00,-199.44556453505356,10,40.600335585280405,1.3278504722673726e-05,False
base_01,SARIMAX,2025-12-15 11:59:59.999000+00:00,-2728.0829484805145,10,40.600335585280405,1.3278504722673726e-05,False
base_01,SARIMAX,2025-12-16 11:59:59.999000+00:00,-2190.5731916713266,10,40.600335585280405,1.3278504722673726e-05,False
base_01,SARIMAX,2025-12-17 11:59:59.999000+00:00,899.8659829745739,10,40.600335585280405,1.3278504722673726e-05,False
base_01,SARIMAX,2025-12-18 11:59:59.999000+00:00,-2505.747308804508,10,40.600335585280405,1.3278504722673726e-05,False
base_01,SARIMAX,2025-12-19 11:59:59.999000+00:00,-450.1634687369369,10,40.600335585280405,1.3278504722673726e-05,False
base_01,SARIMAX,2025-12-20 11:59:59.999000+00:00,2397.9750989511376,10,40.600335585280405,1.3278504722673726e-05,False
base_01,SARIMAX,2025-12-21 11:59:59.999000+00:00,373.7098856323428,10,40.600335585280405,1.3278504722673726e-05,False
base_01,SARIMAX,2025-12-22 11:59:59.999000+00:00,511.32697389187524,10,40.600335585280405,1.3278504722673726e-05,False
base_01,SARIMAX,2025-12-23 11:59:59.999000+00:00,-71.10677930076781,10,40.600335585280405,1.3278504722673726e-05,False
base_01,SARIMAX,2025-12-24 11:59:59.999000+00:00,-951.2505742202629,10,40.600335585280405,1.3278504722673726e-05,False
base_01,SARIMAX,2025-12-25 11:59:59.999000+00:00,-341.8529424805747,10,40.600335585280405,1.3278504722673726e-05,False
base_01,SARIMAX,2025-12-26 11:59:59.999000+00:00,-381.7037378141831,10,40.600335585280405,1.3278504722673726e-05,False
base_01,SARIMAX,2025-12-27 11:59:59.999000+00:00,49.23280636566051,10,40.600335585280405,1.3278504722673726e-05,False
base_01,SARIMAX,2025-12-28 11:59:59.999000+00:00,525.1309988880384,10,40.600335585280405,1.3278504722673726e-05,False
base_01,SARIMAX,2025-12-29 11:59:59.999000+00:00,-19.092400247056503,10,40.600335585280405,1.3278504722673726e-05,False
base_01,SARIMAX,2025-12-30 11:59:59.999000+00:00,-763.9076332867844,10,40.600335585280405,1.3278504722673726e-05,False
base_01,SARIMAX,2025-12-31 11:59:59.999000+00:00,1378.8180518642912,10,40.600335585280405,1.3278504722673726e-05,False
base_01,SARIMAX,2026-01-01 11:59:59.999000+00:00,-1266.5792061361572,10,40.600335585280405,1.3278504722673726e-05,False
base_01,SARIMAX,2026-01-02 11:59:59.999000+00:00,1475.5504351829295,10,40.600335585280405,1.3278504722673726e-05,False
base_01,SARIMAX,2026-01-03 11:59:59.999000+00:00,1294.970796684138,10,40.600335585280405,1.3278504722673726e-05,False
base_01,SARIMAX,2026-01-04 11:59:59.999000+00:00,1084.403097565606,10,40.600335585280405,1.3278504722673726e-05,False
base_01,SARIMAX,2026-01-05 11:59:59.999000+00:00,1131.4869064293744,10,40.600335585280405,1.3278504722673726e-05,False
base_01,SARIMAX,2026-01-06 11:59:59.999000+00:00,2644.687110253115,10,40.600335585280405,1.3278504722673726e-05,False
base_01,SARIMAX,2026-01-07 11:59:59.999000+00:00,494.4653498786065,10,40.600335585280405,1.3278504722673726e-05,False
base_01,SARIMAX,2026-01-08 11:59:59.999000+00:00,-2270.3378595579416,10,40.600335585280405,1.3278504722673726e-05,False
base_01,SARIMAX,2026-01-09 11:59:59.999000+00:00,-292.8657331083232,10,40.600335585280405,1.3278504722673726e-05,False
base_01,SARIMAX,2026-01-10 11:59:59.999000+00:00,-967.3732376725675,10,40.600335585280405,1.3278504722673726e-05,False
base_01,SARIMAX,2026-01-11 11:59:59.999000+00:00,-353.7374824137514,10,40.600335585280405,1.3278504722673726e-05,False
base_01,SARIMAX,2026-01-12 11:59:59.999000+00:00,135.96696887396683,10,40.600335585280405,1.3278504722673726e-05,False
base_01,SARIMAX,2026-01-13 11:59:59.999000+00:00,201.43753662898962,10,40.600335585280405,1.3278504722673726e-05,False
base_01,SARIMAX,2026-01-14 11:59:59.999000+00:00,4281.8124574791,10,40.600335585280405,1.3278504722673726e-05,False
base_01,SARIMAX,2026-01-15 11:59:59.999000+00:00,2100.1746513502876,10,40.600335585280405,1.3278504722673726e-05,False
base_01,SARIMAX,2026-01-16 11:59:59.999000+00:00,-198.46055531781167,10,40.600335585280405,1.3278504722673726e-05,False
base_01,SARIMAX,2026-01-17 11:59:59.999000+00:00,284.16252565219474,10,40.600335585280405,1.3278504722673726e-05,False
base_01,SARIMAX,2026-01-18 11:59:59.999000+00:00,-540.4386368246342,10,40.600335585280405,1.3278504722673726e-05,False
base_01,SARIMAX,2026-01-19 11:59:59.999000+00:00,-1672.9317760064587,10,40.600335585280405,1.3278504722673726e-05,False
base_01,SARIMAX,2026-01-20 11:59:59.999000+00:00,-1469.5683458335698,10,40.600335585280405,1.3278504722673726e-05,False
base_01,SARIMAX,2026-01-21 11:59:59.999000+00:00,-4786.732095958476,10,40.600335585280405,1.3278504722673726e-05,False
base_01,SARIMAX,2026-01-22 11:59:59.999000+00:00,24.85582839489507,10,40.600335585280405,1.3278504722673726e-05,False
base_01,SARIMAX,2026-01-23 11:59:59.999000+00:00,-500.1022966253804,10,40.600335585280405,1.3278504722673726e-05,False
base_01,SARIMAX,2026-01-24 11:59:59.999000+00:00,-19.106112172084977,10,40.600335585280405,1.3278504722673726e-05,False
base_01,SARIMAX,2026-01-25 11:59:59.999000+00:00,-338.3390999629919,10,40.600335585280405,1.3278504722673726e-05,False
base_01,SARIMAX,2026-01-26 11:59:59.999000+00:00,-2700.449781477524,10,40.600335585280405,1.3278504722673726e-05,False
base_01,SARIMAX,2026-01-27 11:59:59.999000+00:00,1254.2696910907835,10,40.600335585280405,1.3278504722673726e-05,False
base_01,SARIMAX,2026-01-28 11:59:59.999000+00:00,515.4983327877853,10,40.600335585280405,1.3278504722673726e-05,False
base_01,SARIMAX,2026-01-29 11:59:59.999000+00:00,-16.24498418062285,10,40.600335585280405,1.3278504722673726e-05,False
base_01,SARIMAX,2026-01-30 11:59:59.999000+00:00,-4237.822849616583,10,40.600335585280405,1.3278504722673726e-05,False
base_01,SARIMAX,2026-01-31 11:59:59.999000+00:00,-647.7613806976733,10,40.600335585280405,1.3278504722673726e-05,False
base_01,SARIMAX,2026-02-01 11:59:59.999000+00:00,-6460.92040410389,10,40.600335585280405,1.3278504722673726e-05,False
base_01,SARIMAX,2026-02-02 11:59:59.999000+00:00,-2325.2966780672286,10,40.600335585280405,1.3278504722673726e-05,False
base_01,SARIMAX,2026-02-03 11:59:59.999000+00:00,-17.18796625228424,10,40.600335585280405,1.3278504722673726e-05,False
base_01,SARIMAX,2026-02-04 11:59:59.999000+00:00,-3581.2446415206214,10,40.600335585280405,1.3278504722673726e-05,False
base_01,SARIMAX,2026-02-05 11:59:59.999000+00:00,-3059.7074386576132,10,40.600335585280405,1.3278504722673726e-05,False
base_01,SARIMAX,2026-02-06 11:59:59.999000+00:00,-10974.79532303034,10,40.600335585280405,1.3278504722673726e-05,False
base_01,SARIMAX,2026-02-07 11:59:59.999000+00:00,6716.786273293292,10,40.600335585280405,1.3278504722673726e-05,False
base_01,SARIMAX,2026-02-08 11:59:59.999000+00:00,-2887.6411385945976,10,40.600335585280405,1.3278504722673726e-05,False
base_01,SARIMAX,2026-02-09 11:59:59.999000+00:00,1495.8365573778428,10,40.600335585280405,1.3278504722673726e-05,False
base_01,SARIMAX,2026-02-10 11:59:59.999000+00:00,-367.1460863748216,10,40.600335585280405,1.3278504722673726e-05,False
base_01,SARIMAX,2026-02-11 11:59:59.999000+00:00,-1207.5172823612666,10,40.600335585280405,1.3278504722673726e-05,False
base_01,SARIMAX,2026-02-12 11:59:59.999000+00:00,-2312.8944929646386,10,40.600335585280405,1.3278504722673726e-05,False
base_01,SARIMAX,2026-02-13 11:59:59.999000+00:00,-790.5093694463285,10,40.600335585280405,1.3278504722673726e-05,False
base_01,SARIMAX,2026-02-14 11:59:59.999000+00:00,2081.428883867964,10,40.600335585280405,1.3278504722673726e-05,False
base_01,SARIMAX,2026-02-15 11:59:59.999000+00:00,973.1432617701357,10,40.600335585280405,1.3278504722673726e-05,False
base_01,SARIMAX,2026-02-16 11:59:59.999000+00:00,-529.0851370820892,10,40.600335585280405,1.3278504722673726e-05,False
base_01,SARIMAX,2026-02-17 11:59:59.999000+00:00,237.92550754797412,10,40.600335585280405,1.3278504722673726e-05,False
base_01,SARIMAX,2026-02-18 11:59:59.999000+00:00,-1423.2249909704406,10,40.600335585280405,1.3278504722673726e-05,False
base_01,SARIMAX,2026-02-19 11:59:59.999000+00:00,-1562.8535757860082,10,40.600335585280405,1.3278504722673726e-05,False
base_01,SARIMAX,2026-02-20 11:59:59.999000+00:00,511.4181183465407,10,40.600335585280405,1.3278504722673726e-05,False
base_01,SARIMAX,2026-02-21 11:59:59.999000+00:00,640.65870374121,10,40.600335585280405,1.3278504722673726e-05,False
base_01,SARIMAX,2026-02-22 11:59:59.999000+00:00,218.84407323098276,10,40.600335585280405,1.3278504722673726e-05,False
base_01,SARIMAX,2026-02-23 11:59:59.999000+00:00,-116.01926670315152,10,40.600335585280405,1.3278504722673726e-05,False
base_01,SARIMAX,2026-02-24 11:59:59.999000+00:00,-3170.1217741839064,10,40.600335585280405,1.3278504722673726e-05,False
base_01,SARIMAX,2026-02-25 11:59:59.999000+00:00,-617.448178880768,10,40.600335585280405,1.3278504722673726e-05,False
base_01,SARIMAX,2026-02-26 11:59:59.999000+00:00,2797.912953268642,10,40.600335585280405,1.3278504722673726e-05,False
base_01,SARIMAX,2026-02-27 11:59:59.999000+00:00,106.8144948798872,10,40.600335585280405,1.3278504722673726e-05,False
base_01,SARIMAX,2026-02-28 11:59:59.999000+00:00,-1071.8326390290604,10,40.600335585280405,1.3278504722673726e-05,False
base_01,SARIMAX,2026-03-01 11:59:59.999000+00:00,1244.6643548097927,10,40.600335585280405,1.3278504722673726e-05,False
base_01,SARIMAX,2026-03-02 11:59:59.999000+00:00,-1359.683622922923,10,40.600335585280405,1.3278504722673726e-05,False
base_01,SARIMAX,2026-03-03 11:59:59.999000+00:00,2907.383882049253,10,40.600335585280405,1.3278504722673726e-05,False
base_01,SARIMAX,2026-03-04 11:59:59.999000+00:00,-334.5160988223797,10,40.600335585280405,1.3278504722673726e-05,False
base_01,SARIMAX,2026-03-05 11:59:59.999000+00:00,4545.718924358196,10,40.600335585280405,1.3278504722673726e-05,False
base_01,SARIMAX,2026-03-06 11:59:59.999000+00:00,-804.9252636232268,10,40.600335585280405,1.3278504722673726e-05,False
base_01,SARIMAX,2026-03-07 11:59:59.999000+00:00,-2116.761987520498,10,40.600335585280405,1.3278504722673726e-05,False
base_01,SARIMAX,2026-03-08 11:59:59.999000+00:00,-1116.79925694337,10,40.600335585280405,1.3278504722673726e-05,False
base_01,SARIMAX,2026-03-09 11:59:59.999000+00:00,-2138.8882911760447,10,40.600335585280405,1.3278504722673726e-05,False
base_01,SARIMAX,2026-03-10 11:59:59.999000+00:00,1837.9933202927205,10,40.600335585280405,1.3278504722673726e-05,False
base_01,SARIMAX,2026-03-11 11:59:59.999000+00:00,1460.6949676725635,10,40.600335585280405,1.3278504722673726e-05,False
base_01,SARIMAX,2026-03-12 11:59:59.999000+00:00,460.88244754090556,10,40.600335585280405,1.3278504722673726e-05,False
base_01,SARIMAX,2026-03-13 11:59:59.999000+00:00,1085.1043434479507,10,40.600335585280405,1.3278504722673726e-05,False
base_01,SARIMAX,2026-03-14 11:59:59.999000+00:00,599.5789532931813,10,40.600335585280405,1.3278504722673726e-05,False
base_01,SARIMAX,2026-03-15 11:59:59.999000+00:00,658.3783237877069,10,40.600335585280405,1.3278504722673726e-05,False
base_01,SARIMAX,2026-03-16 11:59:59.999000+00:00,1654.8417857663153,10,40.600335585280405,1.3278504722673726e-05,False
base_01,SARIMAX,2026-03-17 11:59:59.999000+00:00,2205.2690753207135,10,40.600335585280405,1.3278504722673726e-05,False
base_01,SARIMAX,2026-03-18 11:59:59.999000+00:00,-307.89908280312375,10,40.600335585280405,1.3278504722673726e-05,False
base_01,SARIMAX,2026-03-19 11:59:59.999000+00:00,-2603.1360211399297,10,40.600335585280405,1.3278504722673726e-05,False
base_01,SARIMAX,2026-03-20 11:59:59.999000+00:00,-1139.8126165311842,10,40.600335585280405,1.3278504722673726e-05,False
base_01,SARIMAX,2026-03-21 11:59:59.999000+00:00,-183.0274611680652,10,40.600335585280405,1.3278504722673726e-05,False
base_01,SARIMAX,2026-03-22 11:59:59.999000+00:00,-2180.1006627684255,10,40.600335585280405,1.3278504722673726e-05,False
base_01,SARIMAX,2026-03-23 11:59:59.999000+00:00,-970.461539788972,10,40.600335585280405,1.3278504722673726e-05,False
base_01,SARIMAX,2026-03-24 11:59:59.999000+00:00,2384.912380108901,10,40.600335585280405,1.3278504722673726e-05,False
base_01,SARIMAX,2026-03-25 11:59:59.999000+00:00,-243.37627011636505,10,40.600335585280405,1.3278504722673726e-05,False
base_01,SARIMAX,2026-03-26 11:59:59.999000+00:00,893.373962046986,10,40.600335585280405,1.3278504722673726e-05,False
base_01,SARIMAX,2026-03-27 11:59:59.999000+00:00,-2076.4775288067467,10,40.600335585280405,1.3278504722673726e-05,False
base_01,SARIMAX,2026-03-28 11:59:59.999000+00:00,-2400.16741040381,10,40.600335585280405,1.3278504722673726e-05,False
base_01,SARIMAX,2026-03-29 11:59:59.999000+00:00,-523.7165051384945,10,40.600335585280405,1.3278504722673726e-05,False
base_01,SARIMAX,2026-03-30 11:59:59.999000+00:00,-1164.1065811083827,10,40.600335585280405,1.3278504722673726e-05,False
base_01,SARIMAX,2026-03-31 11:59:59.999000+00:00,305.5813198568503,10,40.600335585280405,1.3278504722673726e-05,False
base_01,SARIMAX,2026-04-01 11:59:59.999000+00:00,1504.6998008638475,10,40.600335585280405,1.3278504722673726e-05,False
base_01,SARIMAX,2026-04-02 11:59:59.999000+00:00,-256.9776645569218,10,40.600335585280405,1.3278504722673726e-05,False
base_01,SARIMAX,2026-04-03 11:59:59.999000+00:00,-470.0711781067366,10,40.600335585280405,1.3278504722673726e-05,False
base_01,SARIMAX,2026-04-04 11:59:59.999000+00:00,114.61790706739703,10,40.600335585280405,1.3278504722673726e-05,False
base_01,SARIMAX,2026-04-05 11:59:59.999000+00:00,145.3624537445139,10,40.600335585280405,1.3278504722673726e-05,False
base_01,SARIMAX,2026-04-06 11:59:59.999000+00:00,1651.0651707228099,10,40.600335585280405,1.3278504722673726e-05,False
base_01,SARIMAX,2026-04-07 11:59:59.999000+00:00,-7.499860718875425,10,40.600335585280405,1.3278504722673726e-05,False
base_01,SARIMAX,2026-04-08 11:59:59.999000+00:00,3475.9489670233306,10,40.600335585280405,1.3278504722673726e-05,False
base_01,SARIMAX,2026-04-09 11:59:59.999000+00:00,-587.0086279815296,10,40.600335585280405,1.3278504722673726e-05,False
base_01,SARIMAX,2026-04-10 11:59:59.999000+00:00,1529.0036861032568,10,40.600335585280405,1.3278504722673726e-05,False
base_01,SARIMAX,2026-04-11 11:59:59.999000+00:00,1312.0955666660157,10,40.600335585280405,1.3278504722673726e-05,False
base_01,SARIMAX,2026-04-12 11:59:59.999000+00:00,436.4777756731346,10,40.600335585280405,1.3278504722673726e-05,False
base_01,SARIMAX,2026-04-13 11:59:59.999000+00:00,-2013.7820171305793,10,40.600335585280405,1.3278504722673726e-05,False
base_01,SARIMAX,2026-04-14 11:59:59.999000+00:00,3477.9068783940747,10,40.600335585280405,1.3278504722673726e-05,False
base_01,SARIMAX,2026-04-15 11:59:59.999000+00:00,-288.80497264207224,10,40.600335585280405,1.3278504722673726e-05,False
base_01,SARIMAX,2026-04-16 11:59:59.999000+00:00,788.8434708917193,10,40.600335585280405,1.3278504722673726e-05,False
base_01,SARIMAX,2026-04-17 11:59:59.999000+00:00,889.918808407805,10,40.600335585280405,1.3278504722673726e-05,False
base_01,SARIMAX,2026-04-18 11:59:59.999000+00:00,2178.394599345571,10,40.600335585280405,1.3278504722673726e-05,False
base_01,SARIMAX,2026-04-19 11:59:59.999000+00:00,-811.2016851876688,10,40.600335585280405,1.3278504722673726e-05,False
base_01,SARIMAX,2026-04-20 11:59:59.999000+00:00,-1588.011107674145,10,40.600335585280405,1.3278504722673726e-05,False
base_01,SARIMAX,2026-04-21 11:59:59.999000+00:00,1410.9972522011522,10,40.600335585280405,1.3278504722673726e-05,False
base_01,SARIMAX,2026-04-22 11:59:59.999000+00:00,259.65203042147914,10,40.600335585280405,1.3278504722673726e-05,False
base_01,SARIMAX,2026-04-23 11:59:59.999000+00:00,1776.7168533006916,10,40.600335585280405,1.3278504722673726e-05,False
base_01,SARIMAX,2026-04-24 11:59:59.999000+00:00,909.2391807625099,10,40.600335585280405,1.3278504722673726e-05,False
base_01,SARIMAX,2026-04-25 11:59:59.999000+00:00,-478.3165997307224,10,40.600335585280405,1.3278504722673726e-05,False
base_01,SARIMAX,2026-04-26 11:59:59.999000+00:00,303.5317051327438,10,40.600335585280405,1.3278504722673726e-05,False
base_01,SARIMAX,2026-04-27 11:59:59.999000+00:00,973.2810307515902,10,40.600335585280405,1.3278504722673726e-05,False
base_01,SARIMAX,2026-04-28 11:59:59.999000+00:00,-1404.8600647003914,10,40.600335585280405,1.3278504722673726e-05,False
base_01,SARIMAX,2026-04-29 11:59:59.999000+00:00,-856.134553625423,10,40.600335585280405,1.3278504722673726e-05,False
base_01,SARIMAX,2026-04-30 11:59:59.999000+00:00,-1332.5535190837545,10,40.600335585280405,1.3278504722673726e-05,False
base_01,SARIMAX,2026-05-01 11:59:59.999000+00:00,632.1648904312751,10,40.600335585280405,1.3278504722673726e-05,False
base_01,SARIMAX,2026-05-02 11:59:59.999000+00:00,1625.2221641752112,10,40.600335585280405,1.3278504722673726e-05,False
base_01,SARIMAX,2026-05-03 11:59:59.999000+00:00,940.6678512390063,10,40.600335585280405,1.3278504722673726e-05,False
base_01,SARIMAX,2026-05-04 11:59:59.999000+00:00,348.3067682633409,10,40.600335585280405,1.3278504722673726e-05,False
base_01,SARIMAX,2026-05-05 11:59:59.999000+00:00,1222.563013013103,10,40.600335585280405,1.3278504722673726e-05,False
base_01,SARIMAX,2026-05-06 11:59:59.999000+00:00,1335.7261650976143,10,40.600335585280405,1.3278504722673726e-05,False
base_01,SARIMAX,2026-05-07 11:59:59.999000+00:00,528.8589259621076,10,40.600335585280405,1.3278504722673726e-05,False
base_01,SARIMAX,2026-05-08 11:59:59.999000+00:00,-690.756124882304,10,40.600335585280405,1.3278504722673726e-05,False
base_01,SARIMAX,2026-05-09 11:59:59.999000+00:00,172.62679860756907,10,40.600335585280405,1.3278504722673726e-05,False
base_01,SARIMAX,2026-05-10 11:59:59.999000+00:00,345.01555442427343,10,40.600335585280405,1.3278504722673726e-05,False
base_01,SARIMAX,2026-05-11 11:59:59.999000+00:00,1539.8807962087594,10,40.600335585280405,1.3278504722673726e-05,False
base_01,SARIMAX,2026-05-12 11:59:59.999000+00:00,-347.3054266130348,10,40.600335585280405,1.3278504722673726e-05,False
base_01,SARIMAX,2026-05-13 11:59:59.999000+00:00,-993.3021352011128,10,40.600335585280405,1.3278504722673726e-05,False
base_01,SARIMAX,2026-05-14 11:59:59.999000+00:00,-1724.9805430962297,10,40.600335585280405,1.3278504722673726e-05,False
base_01,SARIMAX,2026-05-15 11:59:59.999000+00:00,1807.0665944084321,10,40.600335585280405,1.3278504722673726e-05,False
base_01,SARIMAX,2026-05-16 11:59:59.999000+00:00,-2087.888993036264,10,40.600335585280405,1.3278504722673726e-05,False
base_01,SARIMAX,2026-05-17 11:59:59.999000+00:00,-740.9478596692206,10,40.600335585280405,1.3278504722673726e-05,False
base_01,SARIMAX,2026-05-18 11:59:59.999000+00:00,-1177.6420310657268,10,40.600335585280405,1.3278504722673726e-05,False
base_01,SARIMAX,2026-05-19 11:59:59.999000+00:00,-1101.4913793177839,10,40.600335585280405,1.3278504722673726e-05,False
base_01,SARIMAX,2026-05-20 11:59:59.999000+00:00,-523.6438637364045,10,40.600335585280405,1.3278504722673726e-05,False
base_01,SARIMAX,2026-05-21 11:59:59.999000+00:00,135.0260259759525,10,40.600335585280405,1.3278504722673726e-05,False
base_01,SARIMAX,2026-05-22 11:59:59.999000+00:00,408.71833078005875,10,40.600335585280405,1.3278504722673726e-05,False
base_01,SARIMAX,2026-05-23 11:59:59.999000+00:00,-1929.943611048002,10,40.600335585280405,1.3278504722673726e-05,False
base_01,SARIMAX,2026-05-24 11:59:59.999000+00:00,1236.099670170399,10,40.600335585280405,1.3278504722673726e-05,False
base_01,SARIMAX,2026-05-25 11:59:59.999000+00:00,147.58639120102453,10,40.600335585280405,1.3278504722673726e-05,False
base_01,SARIMAX,2026-05-26 11:59:59.999000+00:00,132.74016072244558,10,40.600335585280405,1.3278504722673726e-05,False
base_01,SARIMAX,2026-05-27 11:59:59.999000+00:00,-1387.436704829539,10,40.600335585280405,1.3278504722673726e-05,False
base_01,SARIMAX,2026-05-28 11:59:59.999000+00:00,-1856.4210914202413,10,40.600335585280405,1.3278504722673726e-05,False
base_01,SARIMAX,2026-05-29 11:59:59.999000+00:00,-895.1529584303789,10,40.600335585280405,1.3278504722673726e-05,False
base_01,SARIMAX,2026-05-30 11:59:59.999000+00:00,-631.2578137490782,10,40.600335585280405,1.3278504722673726e-05,False
base_01,SARIMAX,2026-05-31 11:59:59.999000+00:00,206.97724704553548,10,40.600335585280405,1.3278504722673726e-05,False
base_01,SARIMAX,2026-06-01 11:59:59.999000+00:00,-254.0318682592042,10,40.600335585280405,1.3278504722673726e-05,False
base_01,SARIMAX,2026-06-02 11:59:59.999000+00:00,-2502.3151794423175,10,40.600335585280405,1.3278504722673726e-05,False
base_01,SARIMAX,2026-06-03 11:59:59.999000+00:00,-4692.188056770465,10,40.600335585280405,1.3278504722673726e-05,False
base_01,SARIMAX,2026-06-04 11:59:59.999000+00:00,-3740.641971511257,10,40.600335585280405,1.3278504722673726e-05,False
base_01,SARIMAX,2026-06-05 11:59:59.999000+00:00,-1295.1573991815167,10,40.600335585280405,1.3278504722673726e-05,False
base_01,SARIMAX,2026-06-06 11:59:59.999000+00:00,-3864.2200993051665,10,40.600335585280405,1.3278504722673726e-05,False
base_01,SARIMAX,2026-06-07 11:59:59.999000+00:00,-319.02468468862935,10,40.600335585280405,1.3278504722673726e-05,False
base_01,SARIMAX,2026-06-08 11:59:59.999000+00:00,1464.047094325142,10,40.600335585280405,1.3278504722673726e-05,False
base_01,SARIMAX,2026-06-09 11:59:59.999000+00:00,-403.5226598110967,10,40.600335585280405,1.3278504722673726e-05,False
base_01,SARIMAX,2026-06-10 11:59:59.999000+00:00,-1019.2969747730749,10,40.600335585280405,1.3278504722673726e-05,False
base_01,SARIMAX,2026-06-11 11:59:59.999000+00:00,-459.84052476233774,10,40.600335585280405,1.3278504722673726e-05,False
base_01,SARIMAX,2026-06-12 11:59:59.999000+00:00,2119.820781179551,10,40.600335585280405,1.3278504722673726e-05,False
base_01,SARIMAX,2026-06-13 11:59:59.999000+00:00,48.78181470657728,10,40.600335585280405,1.3278504722673726e-05,False
base_01,SARIMAX,2026-06-14 11:59:59.999000+00:00,1401.874887220867,10,40.600335585280405,1.3278504722673726e-05,False
base_01,SARIMAX,2026-06-15 11:59:59.999000+00:00,1488.36731888527,10,40.600335585280405,1.3278504722673726e-05,False
base_01,SARIMAX,2026-06-16 11:59:59.999000+00:00,756.5931851941859,10,40.600335585280405,1.3278504722673726e-05,False
base_01,SARIMAX,2026-06-17 11:59:59.999000+00:00,-206.62528239724634,10,40.600335585280405,1.3278504722673726e-05,False
base_01,SARIMAX,2026-06-18 11:59:59.999000+00:00,-1320.6205085707406,10,40.600335585280405,1.3278504722673726e-05,False
base_01,SARIMAX,2026-06-19 11:59:59.999000+00:00,-1296.9089736339956,10,40.600335585280405,1.3278504722673726e-05,False
base_01,SARIMAX,2026-06-20 11:59:59.999000+00:00,319.314939204196,10,40.600335585280405,1.3278504722673726e-05,False
base_01,SARIMAX,2026-06-21 11:59:59.999000+00:00,320.19445550662203,10,40.600335585280405,1.3278504722673726e-05,False
base_01,SARIMAX,2026-06-22 11:59:59.999000+00:00,-943.176310470466,10,40.600335585280405,1.3278504722673726e-05,False
base_01,SARIMAX,2026-06-23 11:59:59.999000+00:00,589.6816414358327,10,40.600335585280405,1.3278504722673726e-05,False
base_01,SARIMAX,2026-06-24 11:59:59.999000+00:00,-1265.1479182999246,10,40.600335585280405,1.3278504722673726e-05,False
base_01,SARIMAX,2026-06-25 11:59:59.999000+00:00,-1915.088831936584,10,40.600335585280405,1.3278504722673726e-05,False
base_01,SARIMAX,2026-06-26 11:59:59.999000+00:00,-1122.382659197312,10,40.600335585280405,1.3278504722673726e-05,False
base_01,SARIMAX,2026-06-27 11:59:59.999000+00:00,-167.38178764227632,10,40.600335585280405,1.3278504722673726e-05,False
base_01,SARIMAX,2026-06-28 11:59:59.999000+00:00,-522.0213266878854,10,40.600335585280405,1.3278504722673726e-05,False
base_01,SARIMAX,2026-06-29 11:59:59.999000+00:00,-570.2983685861982,10,40.600335585280405,1.3278504722673726e-05,False
base_01,SARIMAX,2026-06-30 11:59:59.999000+00:00,301.67969457049185,10,40.600335585280405,1.3278504722673726e-05,False
base_01,SARIMAX,2026-07-01 11:59:59.999000+00:00,-1557.795243454857,10,40.600335585280405,1.3278504722673726e-05,False
base_01,SARIMAX,2026-07-02 11:59:59.999000+00:00,1232.778590093898,10,40.600335585280405,1.3278504722673726e-05,False
base_01,SARIMAX,2026-07-03 11:59:59.999000+00:00,1726.60677718457,10,40.600335585280405,1.3278504722673726e-05,False
base_01,SARIMAX,2026-07-04 11:59:59.999000+00:00,1409.8411570872267,10,40.600335585280405,1.3278504722673726e-05,False
base_01,SARIMAX,2026-07-05 11:59:59.999000+00:00,1077.692364704155,10,40.600335585280405,1.3278504722673726e-05,False
base_01,SARIMAX,2026-07-06 11:59:59.999000+00:00,835.2766395404979,10,40.600335585280405,1.3278504722673726e-05,False
base_01,SARIMAX,2026-07-07 11:59:59.999000+00:00,496.07272929811006,10,40.600335585280405,1.3278504722673726e-05,False
base_01,SARIMAX,2026-07-08 11:59:59.999000+00:00,-234.05188368655945,10,40.600335585280405,1.3278504722673726e-05,False
base_01,SARIMAX,2026-07-09 11:59:59.999000+00:00,-1311.462507167962,10,40.600335585280405,1.3278504722673726e-05,False
base_01,SARIMAX,2026-07-10 11:59:59.999000+00:00,1125.187106503523,10,40.600335585280405,1.3278504722673726e-05,False
base_01,SARIMAX,2026-07-11 11:59:59.999000+00:00,718.9080869186,10,40.600335585280405,1.3278504722673726e-05,False
base_01,SARIMAX,2026-07-12 11:59:59.999000+00:00,-29.402425787382526,10,40.600335585280405,1.3278504722673726e-05,False
base_01,SARIMAX,2026-07-13 11:59:59.999000+00:00,141.3254557587279,10,40.600335585280405,1.3278504722673726e-05,False
base_01,SARIMAX,2026-07-14 11:59:59.999000+00:00,-1809.6674499857254,10,40.600335585280405,1.3278504722673726e-05,False
base_01,SARIMAX,2026-07-15 11:59:59.999000+00:00,2860.9957683629837,10,40.600335585280405,1.3278504722673726e-05,False
base_01,SARIMAX,2026-07-16 11:59:59.999000+00:00,-600.3897059055307,10,40.600335585280405,1.3278504722673726e-05,False
base_01,SARIMAX,2026-07-17 11:59:59.999000+00:00,-197.66659223179886,10,40.600335585280405,1.3278504722673726e-05,False
base_01,SARIMAX,2026-07-18 11:59:59.999000+00:00,139.04630468030518,10,40.600335585280405,1.3278504722673726e-05,False
base_01,SARIMAX,2026-07-19 11:59:59.999000+00:00,870.9092763862427,10,40.600335585280405,1.3278504722673726e-05,False
base_01,SARIMAX,2026-07-20 11:59:59.999000+00:00,-81.85899835503369,10,40.600335585280405,1.3278504722673726e-05,False
base_01,SARIMAX,2026-07-21 11:59:59.999000+00:00,458.8869060888683,10,40.600335585280405,1.3278504722673726e-05,False
base_01,SARIMAX,2026-07-22 11:59:59.999000+00:00,1515.1938142015133,10,40.600335585280405,1.3278504722673726e-05,False
base_01,SARIMAX,2026-07-23 11:59:59.999000+00:00,-410.1479911104834,10,40.600335585280405,1.3278504722673726e-05,False
base_01,SARIMAX,2026-07-24 11:59:59.999000+00:00,-460.5476246979306,10,40.600335585280405,1.3278504722673726e-05,False
base_01,SARIMAX,2026-07-25 11:59:59.999000+00:00,-968.0653217830113,10,40.600335585280405,1.3278504722673726e-05,False
base_01,SARIMAX,2026-07-26 11:59:59.999000+00:00,33.16419607021817,10,40.600335585280405,1.3278504722673726e-05,False
base_01,SARIMAX,2026-07-27 11:59:59.999000+00:00,690.058963816271,10,40.600335585280405,1.3278504722673726e-05,False
base_01,SARIMAX,2026-07-28 11:59:59.999000+00:00,-1777.2845560671558,10,40.600335585280405,1.3278504722673726e-05,False
base_01,SARIMAX,2026-07-29 11:59:59.999000+00:00,373.8435113900123,10,40.600335585280405,1.3278504722673726e-05,False
base_01,SARIMAX,2026-07-30 11:59:59.999000+00:00,-553.8825881964876,10,40.600335585280405,1.3278504722673726e-05,False
base_01,SARIMAX,2026-07-31 11:59:59.999000+00:00,1107.5210335384909,10,40.600335585280405,1.3278504722673726e-05,False
base_01,SARIMAX,2026-08-01 11:59:59.999000+00:00,-1805.620928589793,10,40.600335585280405,1.3278504722673726e-05,False
base_01,SARIMAX,2026-08-02 11:59:59.999000+00:00,210.40192726779787,10,40.600335585280405,1.3278504722673726e-05,False
base_01,SARIMAX,2026-08-03 11:59:59.999000+00:00,224.19867398330825,10,40.600335585280405,1.3278504722673726e-05,False
base_01,SARIMAX,2026-08-04 11:59:59.999000+00:00,-345.1723955374837,10,40.600335585280405,1.3278504722673726e-05,False
base_01,SARIMAX,2026-08-05 11:59:59.999000+00:00,836.3794605568255,10,40.600335585280405,1.3278504722673726e-05,False
base_01,SARIMAX,2026-08-06 11:59:59.999000+00:00,338.94682043766807,10,40.600335585280405,1.3278504722673726e-05,False
base_01,SARIMAX,2026-08-07 11:59:59.999000+00:00,173.77737128908484,10,40.600335585280405,1.3278504722673726e-05,False
base_01,SARIMAX,2026-08-08 11:59:59.999000+00:00,796.0645857355048,10,40.600335585280405,1.3278504722673726e-05,False
base_01,SARIMAX,2026-08-09 11:59:59.999000+00:00,147.12042840326467,10,40.600335585280405,1.3278504722673726e-05,False
base_01,SARIMAX,2026-08-10 11:59:59.999000+00:00,46.949756914509635,10,40.600335585280405,1.3278504722673726e-05,False
base_01,SARIMAX,2026-08-11 11:59:59.999000+00:00,-1086.0961190315356,10,40.600335585280405,1.3278504722673726e-05,False
base_01,SARIMAX,2026-08-12 11:59:59.999000+00:00,-319.11829465614574,10,40.600335585280405,1.3278504722673726e-05,False
base_01,SARIMAX,2026-08-13 11:59:59.999000+00:00,-645.4455894372077,10,40.600335585280405,1.3278504722673726e-05,False
base_01,SARIMAX,2026-08-14 11:59:59.999000+00:00,161.63534308769158,10,40.600335585280405,1.3278504722673726e-05,False
base_01,SARIMAX,2026-08-15 11:59:59.999000+00:00,-450.1922529052099,10,40.600335585280405,1.3278504722673726e-05,False
base_01,SARIMAX,2026-08-16 11:59:59.999000+00:00,70.5490919609656,10,40.600335585280405,1.3278504722673726e-05,False
base_01,SARIMAX,2026-08-17 11:59:59.999000+00:00,-342.24736545801716,10,40.600335585280405,1.3278504722673726e-05,False
base_01,SARIMAX,2026-08-18 11:59:59.999000+00:00,1476.9839826307361,10,40.600335585280405,1.3278504722673726e-05,False
base_01,SARIMAX,2026-08-19 11:59:59.999000+00:00,373.5499049718055,10,40.600335585280405,1.3278504722673726e-05,False
base_01,SARIMAX,2026-08-20 11:59:59.999000+00:00,4705.383751597372,10,40.600335585280405,1.3278504722673726e-05,False
base_01,SARIMAX,2026-08-21 11:59:59.999000+00:00,4974.605812450507,10,40.600335585280405,1.3278504722673726e-05,False
base_01,SARIMAX,2026-08-22 11:59:59.999000+00:00,6803.175129544441,10,40.600335585280405,1.3278504722673726e-05,False
base_01,SARIMAX,2026-08-23 11:59:59.999000+00:00,650.785747514281,10,40.600335585280405,1.3278504722673726e-05,False
base_01,SARIMAX,2026-08-24 11:59:59.999000+00:00,1779.096346857521,10,40.600335585280405,1.3278504722673726e-05,False
base_01,SARIMAX,2026-08-25 11:59:59.999000+00:00,1186.7779659198568,10,40.600335585280405,1.3278504722673726e-05,False
base_01,SARIMAX,2026-08-26 11:59:59.999000+00:00,-6.852874840202276,10,40.600335585280405,1.3278504722673726e-05,False
base_01,SARIMAX,2026-08-27 11:59:59.999000+00:00,452.04639251971093,10,40.600335585280405,1.3278504722673726e-05,False
base_01,SARIMAX,2026-08-28 11:59:59.999000+00:00,1455.8404702977714,10,40.600335585280405,1.3278504722673726e-05,False
base_01,SARIMAX,2026-08-29 11:59:59.999000+00:00,-2217.234048459053,10,40.600335585280405,1.3278504722673726e-05,False
base_01,SARIMAX,2026-08-30 11:59:59.999000+00:00,660.1907233933453,10,40.600335585280405,1.3278504722673726e-05,False
base_01,SARIMAX,2026-08-31 11:59:59.999000+00:00,-1112.8699532355822,10,40.600335585280405,1.3278504722673726e-05,False
base_01,SARIMAX,2026-09-01 11:59:59.999000+00:00,588.2838417860476,10,40.600335585280405,1.3278504722673726e-05,False
base_01,SARIMAX,2026-09-02 11:59:59.999000+00:00,-1157.0793232576398,10,40.600335585280405,1.3278504722673726e-05,False
base_01,SARIMAX,2026-09-03 11:59:59.999000+00:00,-320.9110560340632,10,40.600335585280405,1.3278504722673726e-05,False
base_01,SARIMAX,2026-09-04 11:59:59.999000+00:00,3954.7590615636145,10,40.600335585280405,1.3278504722673726e-05,False
base_01,SARIMAX,2026-09-05 11:59:59.999000+00:00,-992.9912554632174,10,40.600335585280405,1.3278504722673726e-05,False
base_01,SARIMAX,2026-09-06 11:59:59.999000+00:00,741.7717546186323,10,40.600335585280405,1.3278504722673726e-05,False
base_01,SARIMAX,2026-09-07 11:59:59.999000+00:00,313.9554458005732,10,40.600335585280405,1.3278504722673726e-05,False
base_01,SARIMAX,2026-09-08 11:59:59.999000+00:00,-1413.7948848469969,10,40.600335585280405,1.3278504722673726e-05,False
base_01,SARIMAX,2026-09-09 11:59:59.999000+00:00,-621.3768029819184,10,40.600335585280405,1.3278504722673726e-05,False
base_01,SARIMAX,2026-09-10 11:59:59.999000+00:00,-772.1180370300135,10,40.600335585280405,1.3278504722673726e-05,False
base_01,SARIMAX,2026-09-11 11:59:59.999000+00:00,-1667.0739724369341,10,40.600335585280405,1.3278504722673726e-05,False
base_01,SARIMAX,2026-09-12 11:59:59.999000+00:00,345.75380433573446,10,40.600335585280405,1.3278504722673726e-05,False
base_01,Holt-Winters,2025-09-13 11:59:59.999000+00:00,613.2837296178914,10,12.184962780119895,0.2728683821613684,True
base_01,Holt-Winters,2025-09-14 11:59:59.999000+00:00,-83.54017291094351,10,12.184962780119895,0.2728683821613684,True
base_01,Holt-Winters,2025-09-15 11:59:59.999000+00:00,-543.9041328156454,10,12.184962780119895,0.2728683821613684,True
base_01,Holt-Winters,2025-09-16 11:59:59.999000+00:00,-113.0015422336146,10,12.184962780119895,0.2728683821613684,True
base_01,Holt-Winters,2025-09-17 11:59:59.999000+00:00,1334.6222710920556,10,12.184962780119895,0.2728683821613684,True
base_01,Holt-Winters,2025-09-18 11:59:59.999000+00:00,-932.7792022866925,10,12.184962780119895,0.2728683821613684,True
base_01,Holt-Winters,2025-09-19 11:59:59.999000+00:00,1049.3906406482274,10,12.184962780119895,0.2728683821613684,True
base_01,Holt-Winters,2025-09-20 11:59:59.999000+00:00,-1434.8522999277338,10,12.184962780119895,0.2728683821613684,True
base_01,Holt-Winters,2025-09-21 11:59:59.999000+00:00,100.6583302190993,10,12.184962780119895,0.2728683821613684,True
base_01,Holt-Winters,2025-09-22 11:59:59.999000+00:00,-408.8934572879807,10,12.184962780119895,0.2728683821613684,True
base_01,Holt-Winters,2025-09-23 11:59:59.999000+00:00,-2706.1614455294475,10,12.184962780119895,0.2728683821613684,True
base_01,Holt-Winters,2025-09-24 11:59:59.999000+00:00,-720.4301561015745,10,12.184962780119895,0.2728683821613684,True
base_01,Holt-Winters,2025-09-25 11:59:59.999000+00:00,782.9773137531593,10,12.184962780119895,0.2728683821613684,True
base_01,Holt-Winters,2025-09-26 11:59:59.999000+00:00,-3931.7936691296345,10,12.184962780119895,0.2728683821613684,True
base_01,Holt-Winters,2025-09-27 11:59:59.999000+00:00,680.6002204928081,10,12.184962780119895,0.2728683821613684,True
base_01,Holt-Winters,2025-09-28 11:59:59.999000+00:00,19.23113784690213,10,12.184962780119895,0.2728683821613684,True
base_01,Holt-Winters,2025-09-29 11:59:59.999000+00:00,2440.6933480775624,10,12.184962780119895,0.2728683821613684,True
base_01,Holt-Winters,2025-09-30 11:59:59.999000+00:00,2166.6822457434027,10,12.184962780119895,0.2728683821613684,True
base_01,Holt-Winters,2025-10-01 11:59:59.999000+00:00,-123.19949733496469,10,12.184962780119895,0.2728683821613684,True
base_01,Holt-Winters,2025-10-02 11:59:59.999000+00:00,4044.4630832186085,10,12.184962780119895,0.2728683821613684,True
base_01,Holt-Winters,2025-10-03 11:59:59.999000+00:00,2467.8843001736386,10,12.184962780119895,0.2728683821613684,True
base_01,Holt-Winters,2025-10-04 11:59:59.999000+00:00,1619.9201657195372,10,12.184962780119895,0.2728683821613684,True
base_01,Holt-Winters,2025-10-05 11:59:59.999000+00:00,243.20869843942637,10,12.184962780119895,0.2728683821613684,True
base_01,Holt-Winters,2025-10-06 11:59:59.999000+00:00,1079.8711018565664,10,12.184962780119895,0.2728683821613684,True
base_01,Holt-Winters,2025-10-07 11:59:59.999000+00:00,1109.2184545962518,10,12.184962780119895,0.2728683821613684,True
base_01,Holt-Winters,2025-10-08 11:59:59.999000+00:00,-3033.164994251012,10,12.184962780119895,0.2728683821613684,True
base_01,Holt-Winters,2025-10-09 11:59:59.999000+00:00,1272.7152956226346,10,12.184962780119895,0.2728683821613684,True
base_01,Holt-Winters,2025-10-10 11:59:59.999000+00:00,-1225.9463263215293,10,12.184962780119895,0.2728683821613684,True
base_01,Holt-Winters,2025-10-11 11:59:59.999000+00:00,-8480.758511957654,10,12.184962780119895,0.2728683821613684,True
base_01,Holt-Winters,2025-10-12 11:59:59.999000+00:00,-2457.5086464924534,10,12.184962780119895,0.2728683821613684,True
base_01,Holt-Winters,2025-10-13 11:59:59.999000+00:00,4313.153534058933,10,12.184962780119895,0.2728683821613684,True
base_01,Holt-Winters,2025-10-14 11:59:59.999000+00:00,-56.78670464998868,10,12.184962780119895,0.2728683821613684,True
base_01,Holt-Winters,2025-10-15 11:59:59.999000+00:00,-1878.0853044965042,10,12.184962780119895,0.2728683821613684,True
base_01,Holt-Winters,2025-10-16 11:59:59.999000+00:00,-2961.0817713910074,10,12.184962780119895,0.2728683821613684,True
base_01,Holt-Winters,2025-10-17 11:59:59.999000+00:00,-2224.9889491322538,10,12.184962780119895,0.2728683821613684,True
base_01,Holt-Winters,2025-10-18 11:59:59.999000+00:00,-1612.809010007346,10,12.184962780119895,0.2728683821613684,True
base_01,Holt-Winters,2025-10-19 11:59:59.999000+00:00,800.1129210911458,10,12.184962780119895,0.2728683821613684,True
base_01,Holt-Winters,2025-10-20 11:59:59.999000+00:00,1357.5483318935294,10,12.184962780119895,0.2728683821613684,True
base_01,Holt-Winters,2025-10-21 11:59:59.999000+00:00,1792.7181068233622,10,12.184962780119895,0.2728683821613684,True
base_01,Holt-Winters,2025-10-22 11:59:59.999000+00:00,-1832.0577921745717,10,12.184962780119895,0.2728683821613684,True
base_01,Holt-Winters,2025-10-23 11:59:59.999000+00:00,-1357.183822247709,10,12.184962780119895,0.2728683821613684,True
base_01,Holt-Winters,2025-10-24 11:59:59.999000+00:00,2765.8382267120032,10,12.184962780119895,0.2728683821613684,True
base_01,Holt-Winters,2025-10-25 11:59:59.999000+00:00,1095.8653007137618,10,12.184962780119895,0.2728683821613684,True
base_01,Holt-Winters,2025-10-26 11:59:59.999000+00:00,678.5474994263204,10,12.184962780119895,0.2728683821613684,True
base_01,Holt-Winters,2025-10-27 11:59:59.999000+00:00,2705.667962086416,10,12.184962780119895,0.2728683821613684,True
base_01,Holt-Winters,2025-10-28 11:59:59.999000+00:00,-588.4801448644866,10,12.184962780119895,0.2728683821613684,True
base_01,Holt-Winters,2025-10-29 11:59:59.999000+00:00,-842.367821158201,10,12.184962780119895,0.2728683821613684,True
base_01,Holt-Winters,2025-10-30 11:59:59.999000+00:00,-3466.597405639477,10,12.184962780119895,0.2728683821613684,True
base_01,Holt-Winters,2025-10-31 11:59:59.999000+00:00,-1387.5835912597104,10,12.184962780119895,0.2728683821613684,True
base_01,Holt-Winters,2025-11-01 11:59:59.999000+00:00,1362.7077099252056,10,12.184962780119895,0.2728683821613684,True
base_01,Holt-Winters,2025-11-02 11:59:59.999000+00:00,565.7661163446028,10,12.184962780119895,0.2728683821613684,True
base_01,Holt-Winters,2025-11-03 11:59:59.999000+00:00,413.3421811061853,10,12.184962780119895,0.2728683821613684,True
base_01,Holt-Winters,2025-11-04 11:59:59.999000+00:00,-4268.522577364754,10,12.184962780119895,0.2728683821613684,True
base_01,Holt-Winters,2025-11-05 11:59:59.999000+00:00,-4660.4238755978295,10,12.184962780119895,0.2728683821613684,True
base_01,Holt-Winters,2025-11-06 11:59:59.999000+00:00,1815.839471369909,10,12.184962780119895,0.2728683821613684,True
base_01,Holt-Winters,2025-11-07 11:59:59.999000+00:00,-2242.5196748328744,10,12.184962780119895,0.2728683821613684,True
base_01,Holt-Winters,2025-11-08 11:59:59.999000+00:00,2148.3083647636668,10,12.184962780119895,0.2728683821613684,True
base_01,Holt-Winters,2025-11-09 11:59:59.999000+00:00,-1053.3275562489434,10,12.184962780119895,0.2728683821613684,True
base_01,Holt-Winters,2025-11-10 11:59:59.999000+00:00,2268.4015319416794,10,12.184962780119895,0.2728683821613684,True
base_01,Holt-Winters,2025-11-11 11:59:59.999000+00:00,1151.787925623401,10,12.184962780119895,0.2728683821613684,True
base_01,Holt-Winters,2025-11-12 11:59:59.999000+00:00,-2649.793311046684,10,12.184962780119895,0.2728683821613684,True
base_01,Holt-Winters,2025-11-13 11:59:59.999000+00:00,-1844.5960785185453,10,12.184962780119895,0.2728683821613684,True
base_01,Holt-Winters,2025-11-14 11:59:59.999000+00:00,-1603.9131606607407,10,12.184962780119895,0.2728683821613684,True
base_01,Holt-Winters,2025-11-15 11:59:59.999000+00:00,-5249.228294049404,10,12.184962780119895,0.2728683821613684,True
base_01,Holt-Winters,2025-11-16 11:59:59.999000+00:00,1183.0190022373572,10,12.184962780119895,0.2728683821613684,True
base_01,Holt-Winters,2025-11-17 11:59:59.999000+00:00,-1563.3412291316345,10,12.184962780119895,0.2728683821613684,True
base_01,Holt-Winters,2025-11-18 11:59:59.999000+00:00,-2222.813257904825,10,12.184962780119895,0.2728683821613684,True
base_01,Holt-Winters,2025-11-19 11:59:59.999000+00:00,1166.2265245337767,10,12.184962780119895,0.2728683821613684,True
base_01,Holt-Winters,2025-11-20 11:59:59.999000+00:00,-1938.8866353242338,10,12.184962780119895,0.2728683821613684,True
base_01,Holt-Winters,2025-11-21 11:59:59.999000+00:00,-4506.74971843441,10,12.184962780119895,0.2728683821613684,True
base_01,Holt-Winters,2025-11-22 11:59:59.999000+00:00,-1466.1819387798168,10,12.184962780119895,0.2728683821613684,True
base_01,Holt-Winters,2025-11-23 11:59:59.999000+00:00,-434.66111137937696,10,12.184962780119895,0.2728683821613684,True
base_01,Holt-Winters,2025-11-24 11:59:59.999000+00:00,1987.7632835505647,10,12.184962780119895,0.2728683821613684,True
base_01,Holt-Winters,2025-11-25 11:59:59.999000+00:00,1346.9722962292726,10,12.184962780119895,0.2728683821613684,True
base_01,Holt-Winters,2025-11-26 11:59:59.999000+00:00,-644.8924769729929,10,12.184962780119895,0.2728683821613684,True
base_01,Holt-Winters,2025-11-27 11:59:59.999000+00:00,2757.5544288699457,10,12.184962780119895,0.2728683821613684,True
base_01,Holt-Winters,2025-11-28 11:59:59.999000+00:00,1127.8756975073047,10,12.184962780119895,0.2728683821613684,True
base_01,Holt-Winters,2025-11-29 11:59:59.999000+00:00,-269.5141222624079,10,12.184962780119895,0.2728683821613684,True
base_01,Holt-Winters,2025-11-30 11:59:59.999000+00:00,-48.91677628045727,10,12.184962780119895,0.2728683821613684,True
base_01,Holt-Winters,2025-12-01 11:59:59.999000+00:00,-647.2712960877398,10,12.184962780119895,0.2728683821613684,True
base_01,Holt-Winters,2025-12-02 11:59:59.999000+00:00,-4202.980335076936,10,12.184962780119895,0.2728683821613684,True
base_01,Holt-Winters,2025-12-03 11:59:59.999000+00:00,5308.868857527676,10,12.184962780119895,0.2728683821613684,True
base_01,Holt-Winters,2025-12-04 11:59:59.999000+00:00,1721.1978775187454,10,12.184962780119895,0.2728683821613684,True
base_01,Holt-Winters,2025-12-05 11:59:59.999000+00:00,-1032.1646428055828,10,12.184962780119895,0.2728683821613684,True
base_01,Holt-Winters,2025-12-06 11:59:59.999000+00:00,-2653.33389873094,10,12.184962780119895,0.2728683821613684,True
base_01,Holt-Winters,2025-12-07 11:59:59.999000+00:00,-98.87069569114828,10,12.184962780119895,0.2728683821613684,True
base_01,Holt-Winters,2025-12-08 11:59:59.999000+00:00,949.844036551789,10,12.184962780119895,0.2728683821613684,True
base_01,Holt-Winters,2025-12-09 11:59:59.999000+00:00,139.0741996572906,10,12.184962780119895,0.2728683821613684,True
base_01,Holt-Winters,2025-12-10 11:59:59.999000+00:00,2308.280797100175,10,12.184962780119895,0.2728683821613684,True
base_01,Holt-Winters,2025-12-11 11:59:59.999000+00:00,-1147.2490007954038,10,12.184962780119895,0.2728683821613684,True
base_01,Holt-Winters,2025-12-12 11:59:59.999000+00:00,857.9319085776515,10,12.184962780119895,0.2728683821613684,True
base_01,Holt-Winters,2025-12-13 11:59:59.999000+00:00,-2116.6342262740945,10,12.184962780119895,0.2728683821613684,True
base_01,Holt-Winters,2025-12-14 11:59:59.999000+00:00,46.76184301490139,10,12.184962780119895,0.2728683821613684,True
base_01,Holt-Winters,2025-12-15 11:59:59.999000+00:00,-2315.6937595322815,10,12.184962780119895,0.2728683821613684,True
base_01,Holt-Winters,2025-12-16 11:59:59.999000+00:00,-1852.2614368089417,10,12.184962780119895,0.2728683821613684,True
base_01,Holt-Winters,2025-12-17 11:59:59.999000+00:00,1645.878316729184,10,12.184962780119895,0.2728683821613684,True
base_01,Holt-Winters,2025-12-18 11:59:59.999000+00:00,-2148.005995920059,10,12.184962780119895,0.2728683821613684,True
base_01,Holt-Winters,2025-12-19 11:59:59.999000+00:00,-350.5649826777808,10,12.184962780119895,0.2728683821613684,True
base_01,Holt-Winters,2025-12-20 11:59:59.999000+00:00,2764.714443628225,10,12.184962780119895,0.2728683821613684,True
base_01,Holt-Winters,2025-12-21 11:59:59.999000+00:00,255.6234290443681,10,12.184962780119895,0.2728683821613684,True
base_01,Holt-Winters,2025-12-22 11:59:59.999000+00:00,105.99697844938783,10,12.184962780119895,0.2728683821613684,True
base_01,Holt-Winters,2025-12-23 11:59:59.999000+00:00,-214.17117891242378,10,12.184962780119895,0.2728683821613684,True
base_01,Holt-Winters,2025-12-24 11:59:59.999000+00:00,-859.3406488396868,10,12.184962780119895,0.2728683821613684,True
base_01,Holt-Winters,2025-12-25 11:59:59.999000+00:00,-231.56256148175453,10,12.184962780119895,0.2728683821613684,True
base_01,Holt-Winters,2025-12-26 11:59:59.999000+00:00,-36.794262781739235,10,12.184962780119895,0.2728683821613684,True
base_01,Holt-Winters,2025-12-27 11:59:59.999000+00:00,174.27276380505646,10,12.184962780119895,0.2728683821613684,True
base_01,Holt-Winters,2025-12-28 11:59:59.999000+00:00,512.7396039896266,10,12.184962780119895,0.2728683821613684,True
base_01,Holt-Winters,2025-12-29 11:59:59.999000+00:00,-138.45772678429785,10,12.184962780119895,0.2728683821613684,True
base_01,Holt-Winters,2025-12-30 11:59:59.999000+00:00,-778.6165171020839,10,12.184962780119895,0.2728683821613684,True
base_01,Holt-Winters,2025-12-31 11:59:59.999000+00:00,1510.4561820268136,10,12.184962780119895,0.2728683821613684,True
base_01,Holt-Winters,2026-01-01 11:59:59.999000+00:00,-1352.939670954831,10,12.184962780119895,0.2728683821613684,True
base_01,Holt-Winters,2026-01-02 11:59:59.999000+00:00,1563.3850360967335,10,12.184962780119895,0.2728683821613684,True
base_01,Holt-Winters,2026-01-03 11:59:59.999000+00:00,1322.4491824283323,10,12.184962780119895,0.2728683821613684,True
base_01,Holt-Winters,2026-01-04 11:59:59.999000+00:00,669.7913432263013,10,12.184962780119895,0.2728683821613684,True
base_01,Holt-Winters,2026-01-05 11:59:59.999000+00:00,636.9479668844142,10,12.184962780119895,0.2728683821613684,True
base_01,Holt-Winters,2026-01-06 11:59:59.999000+00:00,2395.097009491961,10,12.184962780119895,0.2728683821613684,True
base_01,Holt-Winters,2026-01-07 11:59:59.999000+00:00,83.89841166084807,10,12.184962780119895,0.2728683821613684,True
base_01,Holt-Winters,2026-01-08 11:59:59.999000+00:00,-2861.0279450371017,10,12.184962780119895,0.2728683821613684,True
base_01,Holt-Winters,2026-01-09 11:59:59.999000+00:00,66.03169596751104,10,12.184962780119895,0.2728683821613684,True
base_01,Holt-Winters,2026-01-10 11:59:59.999000+00:00,-409.41303626161243,10,12.184962780119895,0.2728683821613684,True
base_01,Holt-Winters,2026-01-11 11:59:59.999000+00:00,-119.89400287170429,10,12.184962780119895,0.2728683821613684,True
base_01,Holt-Winters,2026-01-12 11:59:59.999000+00:00,262.3692458815349,10,12.184962780119895,0.2728683821613684,True
base_01,Holt-Winters,2026-01-13 11:59:59.999000+00:00,271.74688649500604,10,12.184962780119895,0.2728683821613684,True
base_01,Holt-Winters,2026-01-14 11:59:59.999000+00:00,4349.419786155442,10,12.184962780119895,0.2728683821613684,True
base_01,Holt-Winters,2026-01-15 11:59:59.999000+00:00,1186.9517093316535,10,12.184962780119895,0.2728683821613684,True
base_01,Holt-Winters,2026-01-16 11:59:59.999000+00:00,-947.0631341052358,10,12.184962780119895,0.2728683821613684,True
base_01,Holt-Winters,2026-01-17 11:59:59.999000+00:00,92.73298885968688,10,12.184962780119895,0.2728683821613684,True
base_01,Holt-Winters,2026-01-18 11:59:59.999000+00:00,-411.1290532770654,10,12.184962780119895,0.2728683821613684,True
base_01,Holt-Winters,2026-01-19 11:59:59.999000+00:00,-1649.7520862449455,10,12.184962780119895,0.2728683821613684,True
base_01,Holt-Winters,2026-01-20 11:59:59.999000+00:00,-1176.529621714275,10,12.184962780119895,0.2728683821613684,True
base_01,Holt-Winters,2026-01-21 11:59:59.999000+00:00,-4052.9502764587814,10,12.184962780119895,0.2728683821613684,True
base_01,Holt-Winters,2026-01-22 11:59:59.999000+00:00,658.5955443798157,10,12.184962780119895,0.2728683821613684,True
base_01,Holt-Winters,2026-01-23 11:59:59.999000+00:00,430.6278624325205,10,12.184962780119895,0.2728683821613684,True
base_01,Holt-Winters,2026-01-24 11:59:59.999000+00:00,144.74751946247125,10,12.184962780119895,0.2728683821613684,True
base_01,Holt-Winters,2026-01-25 11:59:59.999000+00:00,-383.6478850141575,10,12.184962780119895,0.2728683821613684,True
base_01,Holt-Winters,2026-01-26 11:59:59.999000+00:00,-2704.5591939270525,10,12.184962780119895,0.2728683821613684,True
base_01,Holt-Winters,2026-01-27 11:59:59.999000+00:00,1607.9005302720761,10,12.184962780119895,0.2728683821613684,True
base_01,Holt-Winters,2026-01-28 11:59:59.999000+00:00,1043.3863175293955,10,12.184962780119895,0.2728683821613684,True
base_01,Holt-Winters,2026-01-29 11:59:59.999000+00:00,-333.30493517708965,10,12.184962780119895,0.2728683821613684,True
base_01,Holt-Winters,2026-01-30 11:59:59.999000+00:00,-4282.150455368552,10,12.184962780119895,0.2728683821613684,True
base_01,Holt-Winters,2026-01-31 11:59:59.999000+00:00,-341.4518529056513,10,12.184962780119895,0.2728683821613684,True
base_01,Holt-Winters,2026-02-01 11:59:59.999000+00:00,-5501.412133233855,10,12.184962780119895,0.2728683821613684,True
base_01,Holt-Winters,2026-02-02 11:59:59.999000+00:00,-1784.7690744700958,10,12.184962780119895,0.2728683821613684,True
base_01,Holt-Winters,2026-02-03 11:59:59.999000+00:00,1618.1300853271969,10,12.184962780119895,0.2728683821613684,True
base_01,Holt-Winters,2026-02-04 11:59:59.999000+00:00,-2885.6259498460713,10,12.184962780119895,0.2728683821613684,True
base_01,Holt-Winters,2026-02-05 11:59:59.999000+00:00,-2976.015171725652,10,12.184962780119895,0.2728683821613684,True
base_01,Holt-Winters,2026-02-06 11:59:59.999000+00:00,-10025.378079451213,10,12.184962780119895,0.2728683821613684,True
base_01,Holt-Winters,2026-02-07 11:59:59.999000+00:00,7908.3999531197915,10,12.184962780119895,0.2728683821613684,True
base_01,Holt-Winters,2026-02-08 11:59:59.999000+00:00,-1248.219706621603,10,12.184962780119895,0.2728683821613684,True
base_01,Holt-Winters,2026-02-09 11:59:59.999000+00:00,862.9093671437149,10,12.184962780119895,0.2728683821613684,True
base_01,Holt-Winters,2026-02-10 11:59:59.999000+00:00,-245.7382905597915,10,12.184962780119895,0.2728683821613684,True
base_01,Holt-Winters,2026-02-11 11:59:59.999000+00:00,-1167.5149582236772,10,12.184962780119895,0.2728683821613684,True
base_01,Holt-Winters,2026-02-12 11:59:59.999000+00:00,-2122.120103819514,10,12.184962780119895,0.2728683821613684,True
base_01,Holt-Winters,2026-02-13 11:59:59.999000+00:00,-460.245566158992,10,12.184962780119895,0.2728683821613684,True
base_01,Holt-Winters,2026-02-14 11:59:59.999000+00:00,2664.6401432300627,10,12.184962780119895,0.2728683821613684,True
base_01,Holt-Winters,2026-02-15 11:59:59.999000+00:00,938.9275201639684,10,12.184962780119895,0.2728683821613684,True
base_01,Holt-Winters,2026-02-16 11:59:59.999000+00:00,-1103.8207174633571,10,12.184962780119895,0.2728683821613684,True
base_01,Holt-Winters,2026-02-17 11:59:59.999000+00:00,-44.563196999108186,10,12.184962780119895,0.2728683821613684,True
base_01,Holt-Winters,2026-02-18 11:59:59.999000+00:00,-1188.0625639448845,10,12.184962780119895,0.2728683821613684,True
base_01,Holt-Winters,2026-02-19 11:59:59.999000+00:00,-1374.4678037715203,10,12.184962780119895,0.2728683821613684,True
base_01,Holt-Winters,2026-02-20 11:59:59.999000+00:00,840.9185789865005,10,12.184962780119895,0.2728683821613684,True
base_01,Holt-Winters,2026-02-21 11:59:59.999000+00:00,1066.037861520992,10,12.184962780119895,0.2728683821613684,True
base_01,Holt-Winters,2026-02-22 11:59:59.999000+00:00,22.405614349772804,10,12.184962780119895,0.2728683821613684,True
base_01,Holt-Winters,2026-02-23 11:59:59.999000+00:00,-461.8501850452594,10,12.184962780119895,0.2728683821613684,True
base_01,Holt-Winters,2026-02-24 11:59:59.999000+00:00,-3141.0577538668877,10,12.184962780119895,0.2728683821613684,True
base_01,Holt-Winters,2026-02-25 11:59:59.999000+00:00,-383.30404387066665,10,12.184962780119895,0.2728683821613684,True
base_01,Holt-Winters,2026-02-26 11:59:59.999000+00:00,3593.585633681061,10,12.184962780119895,0.2728683821613684,True
base_01,Holt-Winters,2026-02-27 11:59:59.999000+00:00,-193.22251714799495,10,12.184962780119895,0.2728683821613684,True
base_01,Holt-Winters,2026-02-28 11:59:59.999000+00:00,-1558.0073696016334,10,12.184962780119895,0.2728683821613684,True
base_01,Holt-Winters,2026-03-01 11:59:59.999000+00:00,1135.9006632231612,10,12.184962780119895,0.2728683821613684,True
base_01,Holt-Winters,2026-03-02 11:59:59.999000+00:00,-1324.2227706473786,10,12.184962780119895,0.2728683821613684,True
base_01,Holt-Winters,2026-03-03 11:59:59.999000+00:00,2954.0077554433956,10,12.184962780119895,0.2728683821613684,True
base_01,Holt-Winters,2026-03-04 11:59:59.999000+00:00,-314.8864763817546,10,12.184962780119895,0.2728683821613684,True
base_01,Holt-Winters,2026-03-05 11:59:59.999000+00:00,4099.225562618696,10,12.184962780119895,0.2728683821613684,True
base_01,Holt-Winters,2026-03-06 11:59:59.999000+00:00,-1530.5017923078121,10,12.184962780119895,0.2728683821613684,True
base_01,Holt-Winters,2026-03-07 11:59:59.999000+00:00,-2680.897885247221,10,12.184962780119895,0.2728683821613684,True
base_01,Holt-Winters,2026-03-08 11:59:59.999000+00:00,-844.8863929580548,10,12.184962780119895,0.2728683821613684,True
base_01,Holt-Winters,2026-03-09 11:59:59.999000+00:00,-1411.917320646331,10,12.184962780119895,0.2728683821613684,True
base_01,Holt-Winters,2026-03-10 11:59:59.999000+00:00,2336.533943008093,10,12.184962780119895,0.2728683821613684,True
base_01,Holt-Winters,2026-03-11 11:59:59.999000+00:00,1691.9253948654077,10,12.184962780119895,0.2728683821613684,True
base_01,Holt-Winters,2026-03-12 11:59:59.999000+00:00,-80.77083604646032,10,12.184962780119895,0.2728683821613684,True
base_01,Holt-Winters,2026-03-13 11:59:59.999000+00:00,621.3688555001863,10,12.184962780119895,0.2728683821613684,True
base_01,Holt-Winters,2026-03-14 11:59:59.999000+00:00,510.6359766575915,10,12.184962780119895,0.2728683821613684,True
base_01,Holt-Winters,2026-03-15 11:59:59.999000+00:00,271.8158460553532,10,12.184962780119895,0.2728683821613684,True
base_01,Holt-Winters,2026-03-16 11:59:59.999000+00:00,1468.6801133556728,10,12.184962780119895,0.2728683821613684,True
base_01,Holt-Winters,2026-03-17 11:59:59.999000+00:00,1959.2331823615823,10,12.184962780119895,0.2728683821613684,True
base_01,Holt-Winters,2026-03-18 11:59:59.999000+00:00,-758.8984973903425,10,12.184962780119895,0.2728683821613684,True
base_01,Holt-Winters,2026-03-19 11:59:59.999000+00:00,-3036.157737653819,10,12.184962780119895,0.2728683821613684,True
base_01,Holt-Winters,2026-03-20 11:59:59.999000+00:00,-997.3256095896068,10,12.184962780119895,0.2728683821613684,True
base_01,Holt-Winters,2026-03-21 11:59:59.999000+00:00,642.5186884635477,10,12.184962780119895,0.2728683821613684,True
base_01,Holt-Winters,2026-03-22 11:59:59.999000+00:00,-1787.4357301981945,10,12.184962780119895,0.2728683821613684,True
base_01,Holt-Winters,2026-03-23 11:59:59.999000+00:00,-977.5684178541705,10,12.184962780119895,0.2728683821613684,True
base_01,Holt-Winters,2026-03-24 11:59:59.999000+00:00,2953.1282677772106,10,12.184962780119895,0.2728683821613684,True
base_01,Holt-Winters,2026-03-25 11:59:59.999000+00:00,-225.8625458357128,10,12.184962780119895,0.2728683821613684,True
base_01,Holt-Winters,2026-03-26 11:59:59.999000+00:00,461.5907882051979,10,12.184962780119895,0.2728683821613684,True
base_01,Holt-Winters,2026-03-27 11:59:59.999000+00:00,-2177.84499961666,10,12.184962780119895,0.2728683821613684,True
base_01,Holt-Winters,2026-03-28 11:59:59.999000+00:00,-2424.672287006935,10,12.184962780119895,0.2728683821613684,True
base_01,Holt-Winters,2026-03-29 11:59:59.999000+00:00,8.692459114507074,10,12.184962780119895,0.2728683821613684,True
base_01,Holt-Winters,2026-03-30 11:59:59.999000+00:00,-469.5189834997873,10,12.184962780119895,0.2728683821613684,True
base_01,Holt-Winters,2026-03-31 11:59:59.999000+00:00,609.8437211554847,10,12.184962780119895,0.2728683821613684,True
base_01,Holt-Winters,2026-04-01 11:59:59.999000+00:00,1701.205909241311,10,12.184962780119895,0.2728683821613684,True
base_01,Holt-Winters,2026-04-02 11:59:59.999000+00:00,-478.0362134385796,10,12.184962780119895,0.2728683821613684,True
base_01,Holt-Winters,2026-04-03 11:59:59.999000+00:00,-857.3980106113013,10,12.184962780119895,0.2728683821613684,True
base_01,Holt-Winters,2026-04-04 11:59:59.999000+00:00,79.37980710316333,10,12.184962780119895,0.2728683821613684,True
base_01,Holt-Winters,2026-04-05 11:59:59.999000+00:00,387.3146836634696,10,12.184962780119895,0.2728683821613684,True
base_01,Holt-Winters,2026-04-06 11:59:59.999000+00:00,1587.5909467745805,10,12.184962780119895,0.2728683821613684,True
base_01,Holt-Winters,2026-04-07 11:59:59.999000+00:00,-286.8541362149117,10,12.184962780119895,0.2728683821613684,True
base_01,Holt-Winters,2026-04-08 11:59:59.999000+00:00,3239.504784389923,10,12.184962780119895,0.2728683821613684,True
base_01,Holt-Winters,2026-04-09 11:59:59.999000+00:00,-1153.6304687002848,10,12.184962780119895,0.2728683821613684,True
base_01,Holt-Winters,2026-04-10 11:59:59.999000+00:00,997.5812315916119,10,12.184962780119895,0.2728683821613684,True
base_01,Holt-Winters,2026-04-11 11:59:59.999000+00:00,1253.5485509268765,10,12.184962780119895,0.2728683821613684,True
base_01,Holt-Winters,2026-04-12 11:59:59.999000+00:00,107.89536337838217,10,12.184962780119895,0.2728683821613684,True
base_01,Holt-Winters,2026-04-13 11:59:59.999000+00:00,-2416.9004177390016,10,12.184962780119895,0.2728683821613684,True
base_01,Holt-Winters,2026-04-14 11:59:59.999000+00:00,3596.7819967054384,10,12.184962780119895,0.2728683821613684,True
base_01,Holt-Winters,2026-04-15 11:59:59.999000+00:00,-142.8284328271111,10,12.184962780119895,0.2728683821613684,True
base_01,Holt-Winters,2026-04-16 11:59:59.999000+00:00,283.8066571703821,10,12.184962780119895,0.2728683821613684,True
base_01,Holt-Winters,2026-04-17 11:59:59.999000+00:00,716.1140281229455,10,12.184962780119895,0.2728683821613684,True
base_01,Holt-Winters,2026-04-18 11:59:59.999000+00:00,2015.2411855036771,10,12.184962780119895,0.2728683821613684,True
base_01,Holt-Winters,2026-04-19 11:59:59.999000+00:00,-1363.654800876422,10,12.184962780119895,0.2728683821613684,True
base_01,Holt-Winters,2026-04-20 11:59:59.999000+00:00,-1976.049547840652,10,12.184962780119895,0.2728683821613684,True
base_01,Holt-Winters,2026-04-21 11:59:59.999000+00:00,1860.7165728687978,10,12.184962780119895,0.2728683821613684,True
base_01,Holt-Winters,2026-04-22 11:59:59.999000+00:00,645.0912652696425,10,12.184962780119895,0.2728683821613684,True
base_01,Holt-Winters,2026-04-23 11:59:59.999000+00:00,1500.8068835516751,10,12.184962780119895,0.2728683821613684,True
base_01,Holt-Winters,2026-04-24 11:59:59.999000+00:00,450.4529097011982,10,12.184962780119895,0.2728683821613684,True
base_01,Holt-Winters,2026-04-25 11:59:59.999000+00:00,-779.9052656052809,10,12.184962780119895,0.2728683821613684,True
base_01,Holt-Winters,2026-04-26 11:59:59.999000+00:00,201.47929303048295,10,12.184962780119895,0.2728683821613684,True
base_01,Holt-Winters,2026-04-27 11:59:59.999000+00:00,948.6592627357313,10,12.184962780119895,0.2728683821613684,True
base_01,Holt-Winters,2026-04-28 11:59:59.999000+00:00,-1462.6158535422,10,12.184962780119895,0.2728683821613684,True
base_01,Holt-Winters,2026-04-29 11:59:59.999000+00:00,-850.1474500781769,10,12.184962780119895,0.2728683821613684,True
base_01,Holt-Winters,2026-04-30 11:59:59.999000+00:00,-932.0141830675275,10,12.184962780119895,0.2728683821613684,True
base_01,Holt-Winters,2026-05-01 11:59:59.999000+00:00,896.6117783918598,10,12.184962780119895,0.2728683821613684,True
base_01,Holt-Winters,2026-05-02 11:59:59.999000+00:00,1910.248471586965,10,12.184962780119895,0.2728683821613684,True
base_01,Holt-Winters,2026-05-03 11:59:59.999000+00:00,522.8671064215014,10,12.184962780119895,0.2728683821613684,True
base_01,Holt-Winters,2026-05-04 11:59:59.999000+00:00,-221.65402233137866,10,12.184962780119895,0.2728683821613684,True
base_01,Holt-Winters,2026-05-05 11:59:59.999000+00:00,1126.2874373671657,10,12.184962780119895,0.2728683821613684,True
base_01,Holt-Winters,2026-05-06 11:59:59.999000+00:00,1276.8836698787927,10,12.184962780119895,0.2728683821613684,True
base_01,Holt-Winters,2026-05-07 11:59:59.999000+00:00,130.47492041056103,10,12.184962780119895,0.2728683821613684,True
base_01,Holt-Winters,2026-05-08 11:59:59.999000+00:00,-1022.0314921887475,10,12.184962780119895,0.2728683821613684,True
base_01,Holt-Winters,2026-05-09 11:59:59.999000+00:00,206.47587908669084,10,12.184962780119895,0.2728683821613684,True
base_01,Holt-Winters,2026-05-10 11:59:59.999000+00:00,521.9820770404767,10,12.184962780119895,0.2728683821613684,True
base_01,Holt-Winters,2026-05-11 11:59:59.999000+00:00,1372.268072761275,10,12.184962780119895,0.2728683821613684,True
base_01,Holt-Winters,2026-05-12 11:59:59.999000+00:00,-585.0318143304758,10,12.184962780119895,0.2728683821613684,True
base_01,Holt-Winters,2026-05-13 11:59:59.999000+00:00,-1074.7491476500581,10,12.184962780119895,0.2728683821613684,True
base_01,Holt-Winters,2026-05-14 11:59:59.999000+00:00,-1569.495040521011,10,12.184962780119895,0.2728683821613684,True
base_01,Holt-Winters,2026-05-15 11:59:59.999000+00:00,2163.3045250355935,10,12.184962780119895,0.2728683821613684,True
base_01,Holt-Winters,2026-05-16 11:59:59.999000+00:00,-2038.4771573012258,10,12.184962780119895,0.2728683821613684,True
base_01,Holt-Winters,2026-05-17 11:59:59.999000+00:00,-894.3831748864177,10,12.184962780119895,0.2728683821613684,True
base_01,Holt-Winters,2026-05-18 11:59:59.999000+00:00,-811.0258515780006,10,12.184962780119895,0.2728683821613684,True
base_01,Holt-Winters,2026-05-19 11:59:59.999000+00:00,-640.0678062476945,10,12.184962780119895,0.2728683821613684,True
base_01,Holt-Winters,2026-05-20 11:59:59.999000+00:00,-35.22925500734709,10,12.184962780119895,0.2728683821613684,True
base_01,Holt-Winters,2026-05-21 11:59:59.999000+00:00,360.5684748618951,10,12.184962780119895,0.2728683821613684,True
base_01,Holt-Winters,2026-05-22 11:59:59.999000+00:00,448.49232791241957,10,12.184962780119895,0.2728683821613684,True
base_01,Holt-Winters,2026-05-23 11:59:59.999000+00:00,-2014.3285249465844,10,12.184962780119895,0.2728683821613684,True
base_01,Holt-Winters,2026-05-24 11:59:59.999000+00:00,1225.2651972849708,10,12.184962780119895,0.2728683821613684,True
base_01,Holt-Winters,2026-05-25 11:59:59.999000+00:00,204.0277967248112,10,12.184962780119895,0.2728683821613684,True
base_01,Holt-Winters,2026-05-26 11:59:59.999000+00:00,137.90841895337508,10,12.184962780119895,0.2728683821613684,True
base_01,Holt-Winters,2026-05-27 11:59:59.999000+00:00,-1285.0225741026225,10,12.184962780119895,0.2728683821613684,True
base_01,Holt-Winters,2026-05-28 11:59:59.999000+00:00,-1825.791188126299,10,12.184962780119895,0.2728683821613684,True
base_01,Holt-Winters,2026-05-29 11:59:59.999000+00:00,-460.32385671068914,10,12.184962780119895,0.2728683821613684,True
base_01,Holt-Winters,2026-05-30 11:59:59.999000+00:00,-121.98707931667741,10,12.184962780119895,0.2728683821613684,True
base_01,Holt-Winters,2026-05-31 11:59:59.999000+00:00,413.800229964967,10,12.184962780119895,0.2728683821613684,True
base_01,Holt-Winters,2026-06-01 11:59:59.999000+00:00,-278.02918558495,10,12.184962780119895,0.2728683821613684,True
base_01,Holt-Winters,2026-06-02 11:59:59.999000+00:00,-2416.788734746049,10,12.184962780119895,0.2728683821613684,True
base_01,Holt-Winters,2026-06-03 11:59:59.999000+00:00,-4457.790612677127,10,12.184962780119895,0.2728683821613684,True
base_01,Holt-Winters,2026-06-04 11:59:59.999000+00:00,-2989.9589038254926,10,12.184962780119895,0.2728683821613684,True
base_01,Holt-Winters,2026-06-05 11:59:59.999000+00:00,82.82118048037955,10,12.184962780119895,0.2728683821613684,True
base_01,Holt-Winters,2026-06-06 11:59:59.999000+00:00,-2847.476348984914,10,12.184962780119895,0.2728683821613684,True
base_01,Holt-Winters,2026-06-07 11:59:59.999000+00:00,-37.33803315168916,10,12.184962780119895,0.2728683821613684,True
base_01,Holt-Winters,2026-06-08 11:59:59.999000+00:00,2281.4544491600172,10,12.184962780119895,0.2728683821613684,True
base_01,Holt-Winters,2026-06-09 11:59:59.999000+00:00,-279.66966080863494,10,12.184962780119895,0.2728683821613684,True
base_01,Holt-Winters,2026-06-10 11:59:59.999000+00:00,-1293.7153517845873,10,12.184962780119895,0.2728683821613684,True
base_01,Holt-Winters,2026-06-11 11:59:59.999000+00:00,-464.20747143142216,10,12.184962780119895,0.2728683821613684,True
base_01,Holt-Winters,2026-06-12 11:59:59.999000+00:00,2393.930586986411,10,12.184962780119895,0.2728683821613684,True
base_01,Holt-Winters,2026-06-13 11:59:59.999000+00:00,23.400440313671425,10,12.184962780119895,0.2728683821613684,True
base_01,Holt-Winters,2026-06-14 11:59:59.999000+00:00,898.177538329146,10,12.184962780119895,0.2728683821613684,True
base_01,Holt-Winters,2026-06-15 11:59:59.999000+00:00,1187.0269001538982,10,12.184962780119895,0.2728683821613684,True
base_01,Holt-Winters,2026-06-16 11:59:59.999000+00:00,445.5283693962556,10,12.184962780119895,0.2728683821613684,True
base_01,Holt-Winters,2026-06-17 11:59:59.999000+00:00,-521.6270623917953,10,12.184962780119895,0.2728683821613684,True
base_01,Holt-Winters,2026-06-18 11:59:59.999000+00:00,-1465.472298610468,10,12.184962780119895,0.2728683821613684,True
base_01,Holt-Winters,2026-06-19 11:59:59.999000+00:00,-1232.9382293403323,10,12.184962780119895,0.2728683821613684,True
base_01,Holt-Winters,2026-06-20 11:59:59.999000+00:00,684.7478641125272,10,12.184962780119895,0.2728683821613684,True
base_01,Holt-Winters,2026-06-21 11:59:59.999000+00:00,715.7237844056071,10,12.184962780119895,0.2728683821613684,True
base_01,Holt-Winters,2026-06-22 11:59:59.999000+00:00,-1108.3215608308383,10,12.184962780119895,0.2728683821613684,True
base_01,Holt-Winters,2026-06-23 11:59:59.999000+00:00,583.1290755691516,10,12.184962780119895,0.2728683821613684,True
base_01,Holt-Winters,2026-06-24 11:59:59.999000+00:00,-1090.97091116714,10,12.184962780119895,0.2728683821613684,True
base_01,Holt-Winters,2026-06-25 11:59:59.999000+00:00,-1939.7195282585817,10,12.184962780119895,0.2728683821613684,True
base_01,Holt-Winters,2026-06-26 11:59:59.999000+00:00,-997.2540957667879,10,12.184962780119895,0.2728683821613684,True
base_01,Holt-Winters,2026-06-27 11:59:59.999000+00:00,329.4581074128655,10,12.184962780119895,0.2728683821613684,True
base_01,Holt-Winters,2026-06-28 11:59:59.999000+00:00,-64.44237061376043,10,12.184962780119895,0.2728683821613684,True
base_01,Holt-Winters,2026-06-29 11:59:59.999000+00:00,-505.1297250960706,10,12.184962780119895,0.2728683821613684,True
base_01,Holt-Winters,2026-06-30 11:59:59.999000+00:00,478.67610886147304,10,12.184962780119895,0.2728683821613684,True
base_01,Holt-Winters,2026-07-01 11:59:59.999000+00:00,-1425.2176719824856,10,12.184962780119895,0.2728683821613684,True
base_01,Holt-Winters,2026-07-02 11:59:59.999000+00:00,1199.8843365329594,10,12.184962780119895,0.2728683821613684,True
base_01,Holt-Winters,2026-07-03 11:59:59.999000+00:00,1755.9520840019977,10,12.184962780119895,0.2728683821613684,True
base_01,Holt-Winters,2026-07-04 11:59:59.999000+00:00,1094.2709436050354,10,12.184962780119895,0.2728683821613684,True
base_01,Holt-Winters,2026-07-05 11:59:59.999000+00:00,557.8692637340064,10,12.184962780119895,0.2728683821613684,True
base_01,Holt-Winters,2026-07-06 11:59:59.999000+00:00,360.2370593175219,10,12.184962780119895,0.2728683821613684,True
base_01,Holt-Winters,2026-07-07 11:59:59.999000+00:00,311.5389423936649,10,12.184962780119895,0.2728683821613684,True
base_01,Holt-Winters,2026-07-08 11:59:59.999000+00:00,-526.8276615756331,10,12.184962780119895,0.2728683821613684,True
base_01,Holt-Winters,2026-07-09 11:59:59.999000+00:00,-1306.2627755799986,10,12.184962780119895,0.2728683821613684,True
base_01,Holt-Winters,2026-07-10 11:59:59.999000+00:00,1215.6628813159186,10,12.184962780119895,0.2728683821613684,True
base_01,Holt-Winters,2026-07-11 11:59:59.999000+00:00,967.5034475095599,10,12.184962780119895,0.2728683821613684,True
base_01,Holt-Winters,2026-07-12 11:59:59.999000+00:00,-312.15763732373307,10,12.184962780119895,0.2728683821613684,True
base_01,Holt-Winters,2026-07-13 11:59:59.999000+00:00,-145.19762904859817,10,12.184962780119895,0.2728683821613684,True
base_01,Holt-Winters,2026-07-14 11:59:59.999000+00:00,-1656.151477964937,10,12.184962780119895,0.2728683821613684,True
base_01,Holt-Winters,2026-07-15 11:59:59.999000+00:00,2884.015828499745,10,12.184962780119895,0.2728683821613684,True
base_01,Holt-Winters,2026-07-16 11:59:59.999000+00:00,-456.0051740511626,10,12.184962780119895,0.2728683821613684,True
base_01,Holt-Winters,2026-07-17 11:59:59.999000+00:00,-634.9768512003939,10,12.184962780119895,0.2728683821613684,True
base_01,Holt-Winters,2026-07-18 11:59:59.999000+00:00,140.88385398542596,10,12.184962780119895,0.2728683821613684,True
base_01,Holt-Winters,2026-07-19 11:59:59.999000+00:00,911.042011448757,10,12.184962780119895,0.2728683821613684,True
base_01,Holt-Winters,2026-07-20 11:59:59.999000+00:00,-207.78577132624196,10,12.184962780119895,0.2728683821613684,True
base_01,Holt-Winters,2026-07-21 11:59:59.999000+00:00,406.47156797775824,10,12.184962780119895,0.2728683821613684,True
base_01,Holt-Winters,2026-07-22 11:59:59.999000+00:00,1441.600236202852,10,12.184962780119895,0.2728683821613684,True
base_01,Holt-Winters,2026-07-23 11:59:59.999000+00:00,-675.9859004043683,10,12.184962780119895,0.2728683821613684,True
base_01,Holt-Winters,2026-07-24 11:59:59.999000+00:00,-758.6538928723239,10,12.184962780119895,0.2728683821613684,True
base_01,Holt-Winters,2026-07-25 11:59:59.999000+00:00,-914.8873236339932,10,12.184962780119895,0.2728683821613684,True
base_01,Holt-Winters,2026-07-26 11:59:59.999000+00:00,224.08433179974236,10,12.184962780119895,0.2728683821613684,True
base_01,Holt-Winters,2026-07-27 11:59:59.999000+00:00,927.7463221522848,10,12.184962780119895,0.2728683821613684,True
base_01,Holt-Winters,2026-07-28 11:59:59.999000+00:00,-1750.6427733682212,10,12.184962780119895,0.2728683821613684,True
base_01,Holt-Winters,2026-07-29 11:59:59.999000+00:00,303.2281126029775,10,12.184962780119895,0.2728683821613684,True
base_01,Holt-Winters,2026-07-30 11:59:59.999000+00:00,-223.00835099101096,10,12.184962780119895,0.2728683821613684,True
base_01,Holt-Winters,2026-07-31 11:59:59.999000+00:00,1106.2062875955962,10,12.184962780119895,0.2728683821613684,True
base_01,Holt-Winters,2026-08-01 11:59:59.999000+00:00,-1877.1702416238477,10,12.184962780119895,0.2728683821613684,True
base_01,Holt-Winters,2026-08-02 11:59:59.999000+00:00,-41.30551208520774,10,12.184962780119895,0.2728683821613684,True
base_01,Holt-Winters,2026-08-03 11:59:59.999000+00:00,680.8273588174852,10,12.184962780119895,0.2728683821613684,True
base_01,Holt-Winters,2026-08-04 11:59:59.999000+00:00,-147.24671191495872,10,12.184962780119895,0.2728683821613684,True
base_01,Holt-Winters,2026-08-05 11:59:59.999000+00:00,750.0180808018267,10,12.184962780119895,0.2728683821613684,True
base_01,Holt-Winters,2026-08-06 11:59:59.999000+00:00,281.8250174259374,10,12.184962780119895,0.2728683821613684,True
base_01,Holt-Winters,2026-08-07 11:59:59.999000+00:00,-46.74880734195176,10,12.184962780119895,0.2728683821613684,True
base_01,Holt-Winters,2026-08-08 11:59:59.999000+00:00,658.6332702939399,10,12.184962780119895,0.2728683821613684,True
base_01,Holt-Winters,2026-08-09 11:59:59.999000+00:00,35.0747906801771,10,12.184962780119895,0.2728683821613684,True
base_01,Holt-Winters,2026-08-10 11:59:59.999000+00:00,-166.6798606598677,10,12.184962780119895,0.2728683821613684,True
base_01,Holt-Winters,2026-08-11 11:59:59.999000+00:00,-1061.952822593972,10,12.184962780119895,0.2728683821613684,True
base_01,Holt-Winters,2026-08-12 11:59:59.999000+00:00,-205.07000751269516,10,12.184962780119895,0.2728683821613684,True
base_01,Holt-Winters,2026-08-13 11:59:59.999000+00:00,-408.3687416044413,10,12.184962780119895,0.2728683821613684,True
base_01,Holt-Winters,2026-08-14 11:59:59.999000+00:00,282.5970854806583,10,12.184962780119895,0.2728683821613684,True
base_01,Holt-Winters,2026-08-15 11:59:59.999000+00:00,-389.2371896356417,10,12.184962780119895,0.2728683821613684,True
base_01,Holt-Winters,2026-08-16 11:59:59.999000+00:00,58.002275897335494,10,12.184962780119895,0.2728683821613684,True
base_01,Holt-Winters,2026-08-17 11:59:59.999000+00:00,-309.79799943981925,10,12.184962780119895,0.2728683821613684,True
base_01,Holt-Winters,2026-08-18 11:59:59.999000+00:00,1566.6046135241777,10,12.184962780119895,0.2728683821613684,True
base_01,Holt-Winters,2026-08-19 11:59:59.999000+00:00,330.5398689912763,10,12.184962780119895,0.2728683821613684,True
base_01,Holt-Winters,2026-08-20 11:59:59.999000+00:00,4323.930180627707,10,12.184962780119895,0.2728683821613684,True
base_01,Holt-Winters,2026-08-21 11:59:59.999000+00:00,4077.702079337221,10,12.184962780119895,0.2728683821613684,True
base_01,Holt-Winters,2026-08-22 11:59:59.999000+00:00,5352.5719965118915,10,12.184962780119895,0.2728683821613684,True
base_01,Holt-Winters,2026-08-23 11:59:59.999000+00:00,-1230.5211668047123,10,12.184962780119895,0.2728683821613684,True
base_01,Holt-Winters,2026-08-24 11:59:59.999000+00:00,554.7349424948625,10,12.184962780119895,0.2728683821613684,True
base_01,Holt-Winters,2026-08-25 11:59:59.999000+00:00,1062.5265330313414,10,12.184962780119895,0.2728683821613684,True
base_01,Holt-Winters,2026-08-26 11:59:59.999000+00:00,-200.26832911554084,10,12.184962780119895,0.2728683821613684,True
base_01,Holt-Winters,2026-08-27 11:59:59.999000+00:00,135.29776707959536,10,12.184962780119895,0.2728683821613684,True
base_01,Holt-Winters,2026-08-28 11:59:59.999000+00:00,1572.9989873326704,10,12.184962780119895,0.2728683821613684,True
base_01,Holt-Winters,2026-08-29 11:59:59.999000+00:00,-2393.3971135758766,10,12.184962780119895,0.2728683821613684,True
base_01,Holt-Winters,2026-08-30 11:59:59.999000+00:00,442.5574993193586,10,12.184962780119895,0.2728683821613684,True
base_01,Holt-Winters,2026-08-31 11:59:59.999000+00:00,-699.214454512985,10,12.184962780119895,0.2728683821613684,True
base_01,Holt-Winters,2026-09-01 11:59:59.999000+00:00,729.0121495104686,10,12.184962780119895,0.2728683821613684,True
base_01,Holt-Winters,2026-09-02 11:59:59.999000+00:00,-946.1956102524709,10,12.184962780119895,0.2728683821613684,True
base_01,Holt-Winters,2026-09-03 11:59:59.999000+00:00,-427.02810145242256,10,12.184962780119895,0.2728683821613684,True
base_01,Holt-Winters,2026-09-04 11:59:59.999000+00:00,4297.35679297708,10,12.184962780119895,0.2728683821613684,True
base_01,Holt-Winters,2026-09-05 11:59:59.999000+00:00,-1551.7518934505351,10,12.184962780119895,0.2728683821613684,True
base_01,Holt-Winters,2026-09-06 11:59:59.999000+00:00,178.54215790485614,10,12.184962780119895,0.2728683821613684,True
base_01,Holt-Winters,2026-09-07 11:59:59.999000+00:00,407.5299792440055,10,12.184962780119895,0.2728683821613684,True
base_01,Holt-Winters,2026-09-08 11:59:59.999000+00:00,-1393.370498416727,10,12.184962780119895,0.2728683821613684,True
base_01,Holt-Winters,2026-09-09 11:59:59.999000+00:00,-471.7986667958903,10,12.184962780119895,0.2728683821613684,True
base_01,Holt-Winters,2026-09-10 11:59:59.999000+00:00,-504.5003528462548,10,12.184962780119895,0.2728683821613684,True
base_01,Holt-Winters,2026-09-11 11:59:59.999000+00:00,-1382.2841446340026,10,12.184962780119895,0.2728683821613684,True
base_01,Holt-Winters,2026-09-12 11:59:59.999000+00:00,655.5547105059813,10,12.184962780119895,0.2728683821613684,True
base_01,Random Forest,2025-09-13 11:59:59.999000+00:00,1322.6628399771434,10,45.06848820880471,2.1137204323618455e-06,False
base_01,Random Forest,2025-09-14 11:59:59.999000+00:00,341.53440258052433,10,45.06848820880471,2.1137204323618455e-06,False
base_01,Random Forest,2025-09-15 11:59:59.999000+00:00,-716.8518618728413,10,45.06848820880471,2.1137204323618455e-06,False
base_01,Random Forest,2025-09-16 11:59:59.999000+00:00,394.90366289809754,10,45.06848820880471,2.1137204323618455e-06,False
base_01,Random Forest,2025-09-17 11:59:59.999000+00:00,1648.3552062496601,10,45.06848820880471,2.1137204323618455e-06,False
base_01,Random Forest,2025-09-18 11:59:59.999000+00:00,-1057.9135233101551,10,45.06848820880471,2.1137204323618455e-06,False
base_01,Random Forest,2025-09-19 11:59:59.999000+00:00,283.12295156306936,10,45.06848820880471,2.1137204323618455e-06,False
base_01,Random Forest,2025-09-20 11:59:59.999000+00:00,-1774.1049273294193,10,45.06848820880471,2.1137204323618455e-06,False
base_01,Random Forest,2025-09-21 11:59:59.999000+00:00,-158.38915281226218,10,45.06848820880471,2.1137204323618455e-06,False
base_01,Random Forest,2025-09-22 11:59:59.999000+00:00,-460.8208942897327,10,45.06848820880471,2.1137204323618455e-06,False
base_01,Random Forest,2025-09-23 11:59:59.999000+00:00,-2749.337598406244,10,45.06848820880471,2.1137204323618455e-06,False
base_01,Random Forest,2025-09-24 11:59:59.999000+00:00,-1009.5508165721258,10,45.06848820880471,2.1137204323618455e-06,False
base_01,Random Forest,2025-09-25 11:59:59.999000+00:00,25.34088744755718,10,45.06848820880471,2.1137204323618455e-06,False
base_01,Random Forest,2025-09-26 11:59:59.999000+00:00,-4408.886753737053,10,45.06848820880471,2.1137204323618455e-06,False
base_01,Random Forest,2025-09-27 11:59:59.999000+00:00,-968.3255885292747,10,45.06848820880471,2.1137204323618455e-06,False
base_01,Random Forest,2025-09-28 11:59:59.999000+00:00,-509.2982226591703,10,45.06848820880471,2.1137204323618455e-06,False
base_01,Random Forest,2025-09-29 11:59:59.999000+00:00,1713.150862921655,10,45.06848820880471,2.1137204323618455e-06,False
base_01,Random Forest,2025-09-30 11:59:59.999000+00:00,1906.0810009095294,10,45.06848820880471,2.1137204323618455e-06,False
base_01,Random Forest,2025-10-01 11:59:59.999000+00:00,-349.24219860740413,10,45.06848820880471,2.1137204323618455e-06,False
base_01,Random Forest,2025-10-02 11:59:59.999000+00:00,4531.695239417822,10,45.06848820880471,2.1137204323618455e-06,False
base_01,Random Forest,2025-10-03 11:59:59.999000+00:00,2968.486311311397,10,45.06848820880471,2.1137204323618455e-06,False
base_01,Random Forest,2025-10-04 11:59:59.999000+00:00,3293.9943983898847,10,45.06848820880471,2.1137204323618455e-06,False
base_01,Random Forest,2025-10-05 11:59:59.999000+00:00,2381.049701298194,10,45.06848820880471,2.1137204323618455e-06,False
base_01,Random Forest,2025-10-06 11:59:59.999000+00:00,2973.0274049257423,10,45.06848820880471,2.1137204323618455e-06,False
base_01,Random Forest,2025-10-07 11:59:59.999000+00:00,3975.08671841507,10,45.06848820880471,2.1137204323618455e-06,False
base_01,Random Forest,2025-10-08 11:59:59.999000+00:00,-494.10253997867403,10,45.06848820880471,2.1137204323618455e-06,False
base_01,Random Forest,2025-10-09 11:59:59.999000+00:00,1992.1684363589447,10,45.06848820880471,2.1137204323618455e-06,False
base_01,Random Forest,2025-10-10 11:59:59.999000+00:00,-30.37814009396243,10,45.06848820880471,2.1137204323618455e-06,False
base_01,Random Forest,2025-10-11 11:59:59.999000+00:00,-8487.058268599983,10,45.06848820880471,2.1137204323618455e-06,False
base_01,Random Forest,2025-10-12 11:59:59.999000+00:00,-2471.3264607607853,10,45.06848820880471,2.1137204323618455e-06,False
base_01,Random Forest,2025-10-13 11:59:59.999000+00:00,3752.117163332383,10,45.06848820880471,2.1137204323618455e-06,False
base_01,Random Forest,2025-10-14 11:59:59.999000+00:00,1729.1803277320723,10,45.06848820880471,2.1137204323618455e-06,False
base_01,Random Forest,2025-10-15 11:59:59.999000+00:00,-1048.9197357682278,10,45.06848820880471,2.1137204323618455e-06,False
base_01,Random Forest,2025-10-16 11:59:59.999000+00:00,-1976.9571266014827,10,45.06848820880471,2.1137204323618455e-06,False
base_01,Random Forest,2025-10-17 11:59:59.999000+00:00,-3710.1589823266695,10,45.06848820880471,2.1137204323618455e-06,False
base_01,Random Forest,2025-10-18 11:59:59.999000+00:00,-2767.0656824386533,10,45.06848820880471,2.1137204323618455e-06,False
base_01,Random Forest,2025-10-19 11:59:59.999000+00:00,406.734530380636,10,45.06848820880471,2.1137204323618455e-06,False
base_01,Random Forest,2025-10-20 11:59:59.999000+00:00,589.078572272032,10,45.06848820880471,2.1137204323618455e-06,False
base_01,Random Forest,2025-10-21 11:59:59.999000+00:00,1978.9862816337118,10,45.06848820880471,2.1137204323618455e-06,False
base_01,Random Forest,2025-10-22 11:59:59.999000+00:00,-2145.372382675647,10,45.06848820880471,2.1137204323618455e-06,False
base_01,Random Forest,2025-10-23 11:59:59.999000+00:00,-1325.7558257098717,10,45.06848820880471,2.1137204323618455e-06,False
base_01,Random Forest,2025-10-24 11:59:59.999000+00:00,2063.9046809919673,10,45.06848820880471,2.1137204323618455e-06,False
base_01,Random Forest,2025-10-25 11:59:59.999000+00:00,491.3413993272552,10,45.06848820880471,2.1137204323618455e-06,False
base_01,Random Forest,2025-10-26 11:59:59.999000+00:00,-71.94177532216418,10,45.06848820880471,2.1137204323618455e-06,False
base_01,Random Forest,2025-10-27 11:59:59.999000+00:00,2210.029890994527,10,45.06848820880471,2.1137204323618455e-06,False
base_01,Random Forest,2025-10-28 11:59:59.999000+00:00,-834.2385176385724,10,45.06848820880471,2.1137204323618455e-06,False
base_01,Random Forest,2025-10-29 11:59:59.999000+00:00,-2018.7818680484052,10,45.06848820880471,2.1137204323618455e-06,False
base_01,Random Forest,2025-10-30 11:59:59.999000+00:00,-2486.1996926961438,10,45.06848820880471,2.1137204323618455e-06,False
base_01,Random Forest,2025-10-31 11:59:59.999000+00:00,-1852.7546991476556,10,45.06848820880471,2.1137204323618455e-06,False
base_01,Random Forest,2025-11-01 11:59:59.999000+00:00,1174.9672389325715,10,45.06848820880471,2.1137204323618455e-06,False
base_01,Random Forest,2025-11-02 11:59:59.999000+00:00,97.93783475429518,10,45.06848820880471,2.1137204323618455e-06,False
base_01,Random Forest,2025-11-03 11:59:59.999000+00:00,-85.844313270165,10,45.06848820880471,2.1137204323618455e-06,False
base_01,Random Forest,2025-11-04 11:59:59.999000+00:00,-4160.8098998747155,10,45.06848820880471,2.1137204323618455e-06,False
base_01,Random Forest,2025-11-05 11:59:59.999000+00:00,-5533.150057137333,10,45.06848820880471,2.1137204323618455e-06,False
base_01,Random Forest,2025-11-06 11:59:59.999000+00:00,1359.8235505727062,10,45.06848820880471,2.1137204323618455e-06,False
base_01,Random Forest,2025-11-07 11:59:59.999000+00:00,-3645.7665493567183,10,45.06848820880471,2.1137204323618455e-06,False
base_01,Random Forest,2025-11-08 11:59:59.999000+00:00,788.4692501697136,10,45.06848820880471,2.1137204323618455e-06,False
base_01,Random Forest,2025-11-09 11:59:59.999000+00:00,-1189.7204332987021,10,45.06848820880471,2.1137204323618455e-06,False
base_01,Random Forest,2025-11-10 11:59:59.999000+00:00,1812.679191592033,10,45.06848820880471,2.1137204323618455e-06,False
base_01,Random Forest,2025-11-11 11:59:59.999000+00:00,2064.5620618982794,10,45.06848820880471,2.1137204323618455e-06,False
base_01,Random Forest,2025-11-12 11:59:59.999000+00:00,-2332.282124920137,10,45.06848820880471,2.1137204323618455e-06,False
base_01,Random Forest,2025-11-13 11:59:59.999000+00:00,-2147.794656682585,10,45.06848820880471,2.1137204323618455e-06,False
base_01,Random Forest,2025-11-14 11:59:59.999000+00:00,-3033.8419946410286,10,45.06848820880471,2.1137204323618455e-06,False
base_01,Random Forest,2025-11-15 11:59:59.999000+00:00,-5750.704102109332,10,45.06848820880471,2.1137204323618455e-06,False
base_01,Random Forest,2025-11-16 11:59:59.999000+00:00,194.97777393867727,10,45.06848820880471,2.1137204323618455e-06,False
base_01,Random Forest,2025-11-17 11:59:59.999000+00:00,-1088.8328828412486,10,45.06848820880471,2.1137204323618455e-06,False
base_01,Random Forest,2025-11-18 11:59:59.999000+00:00,-3404.7127443790378,10,45.06848820880471,2.1137204323618455e-06,False
base_01,Random Forest,2025-11-19 11:59:59.999000+00:00,-1546.78473031272,10,45.06848820880471,2.1137204323618455e-06,False
base_01,Random Forest,2025-11-20 11:59:59.999000+00:00,-2707.682875067825,10,45.06848820880471,2.1137204323618455e-06,False
base_01,Random Forest,2025-11-21 11:59:59.999000+00:00,-4279.326833418032,10,45.06848820880471,2.1137204323618455e-06,False
base_01,Random Forest,2025-11-22 11:59:59.999000+00:00,-3509.607200261453,10,45.06848820880471,2.1137204323618455e-06,False
base_01,Random Forest,2025-11-23 11:59:59.999000+00:00,-2557.9048014495347,10,45.06848820880471,2.1137204323618455e-06,False
base_01,Random Forest,2025-11-24 11:59:59.999000+00:00,1127.6615695906803,10,45.06848820880471,2.1137204323618455e-06,False
base_01,Random Forest,2025-11-25 11:59:59.999000+00:00,735.7429851280322,10,45.06848820880471,2.1137204323618455e-06,False
base_01,Random Forest,2025-11-26 11:59:59.999000+00:00,-1181.7143439834472,10,45.06848820880471,2.1137204323618455e-06,False
base_01,Random Forest,2025-11-27 11:59:59.999000+00:00,2964.534066433611,10,45.06848820880471,2.1137204323618455e-06,False
base_01,Random Forest,2025-11-28 11:59:59.999000+00:00,3145.9768948186247,10,45.06848820880471,2.1137204323618455e-06,False
base_01,Random Forest,2025-11-29 11:59:59.999000+00:00,2410.919784434387,10,45.06848820880471,2.1137204323618455e-06,False
base_01,Random Forest,2025-11-30 11:59:59.999000+00:00,1605.2204644160083,10,45.06848820880471,2.1137204323618455e-06,False
base_01,Random Forest,2025-12-01 11:59:59.999000+00:00,981.5138001008454,10,45.06848820880471,2.1137204323618455e-06,False
base_01,Random Forest,2025-12-02 11:59:59.999000+00:00,-3455.558331335822,10,45.06848820880471,2.1137204323618455e-06,False
base_01,Random Forest,2025-12-03 11:59:59.999000+00:00,5323.399304192106,10,45.06848820880471,2.1137204323618455e-06,False
base_01,Random Forest,2025-12-04 11:59:59.999000+00:00,5728.1427510007925,10,45.06848820880471,2.1137204323618455e-06,False
base_01,Random Forest,2025-12-05 11:59:59.999000+00:00,-1116.2270605972153,10,45.06848820880471,2.1137204323618455e-06,False
base_01,Random Forest,2025-12-06 11:59:59.999000+00:00,-4946.693545631875,10,45.06848820880471,2.1137204323618455e-06,False
base_01,Random Forest,2025-12-07 11:59:59.999000+00:00,209.3791860302881,10,45.06848820880471,2.1137204323618455e-06,False
base_01,Random Forest,2025-12-08 11:59:59.999000+00:00,1973.1901555281947,10,45.06848820880471,2.1137204323618455e-06,False
base_01,Random Forest,2025-12-09 11:59:59.999000+00:00,1663.8337162676908,10,45.06848820880471,2.1137204323618455e-06,False
base_01,Random Forest,2025-12-10 11:59:59.999000+00:00,3320.705538110342,10,45.06848820880471,2.1137204323618455e-06,False
base_01,Random Forest,2025-12-11 11:59:59.999000+00:00,-675.3452889147447,10,45.06848820880471,2.1137204323618455e-06,False
base_01,Random Forest,2025-12-12 11:59:59.999000+00:00,-357.6503869175067,10,45.06848820880471,2.1137204323618455e-06,False
base_01,Random Forest,2025-12-13 11:59:59.999000+00:00,-2836.6299147758255,10,45.06848820880471,2.1137204323618455e-06,False
base_01,Random Forest,2025-12-14 11:59:59.999000+00:00,915.7864720258221,10,45.06848820880471,2.1137204323618455e-06,False
base_01,Random Forest,2025-12-15 11:59:59.999000+00:00,-1589.2910618916358,10,45.06848820880471,2.1137204323618455e-06,False
base_01,Random Forest,2025-12-16 11:59:59.999000+00:00,-2826.4994637680356,10,45.06848820880471,2.1137204323618455e-06,False
base_01,Random Forest,2025-12-17 11:59:59.999000+00:00,1315.400371016949,10,45.06848820880471,2.1137204323618455e-06,False
base_01,Random Forest,2025-12-18 11:59:59.999000+00:00,-1729.6000818521425,10,45.06848820880471,2.1137204323618455e-06,False
base_01,Random Forest,2025-12-19 11:59:59.999000+00:00,-936.6962753162225,10,45.06848820880471,2.1137204323618455e-06,False
base_01,Random Forest,2025-12-20 11:59:59.999000+00:00,3212.764077845408,10,45.06848820880471,2.1137204323618455e-06,False
base_01,Random Forest,2025-12-21 11:59:59.999000+00:00,288.5383395267272,10,45.06848820880471,2.1137204323618455e-06,False
base_01,Random Forest,2025-12-22 11:59:59.999000+00:00,1197.3077602934354,10,45.06848820880471,2.1137204323618455e-06,False
base_01,Random Forest,2025-12-23 11:59:59.999000+00:00,789.0907240611705,10,45.06848820880471,2.1137204323618455e-06,False
base_01,Random Forest,2025-12-24 11:59:59.999000+00:00,-841.8165595888859,10,45.06848820880471,2.1137204323618455e-06,False
base_01,Random Forest,2025-12-25 11:59:59.999000+00:00,-74.00211834064976,10,45.06848820880471,2.1137204323618455e-06,False
base_01,Random Forest,2025-12-26 11:59:59.999000+00:00,-310.7379861028312,10,45.06848820880471,2.1137204323618455e-06,False
base_01,Random Forest,2025-12-27 11:59:59.999000+00:00,-93.44991410202056,10,45.06848820880471,2.1137204323618455e-06,False
base_01,Random Forest,2025-12-28 11:59:59.999000+00:00,-215.09114205517108,10,45.06848820880471,2.1137204323618455e-06,False
base_01,Random Forest,2025-12-29 11:59:59.999000+00:00,184.2584695750411,10,45.06848820880471,2.1137204323618455e-06,False
base_01,Random Forest,2025-12-30 11:59:59.999000+00:00,-630.0358080064325,10,45.06848820880471,2.1137204323618455e-06,False
base_01,Random Forest,2025-12-31 11:59:59.999000+00:00,537.8616384528868,10,45.06848820880471,2.1137204323618455e-06,False
base_01,Random Forest,2026-01-01 11:59:59.999000+00:00,-177.79817846439255,10,45.06848820880471,2.1137204323618455e-06,False
base_01,Random Forest,2026-01-02 11:59:59.999000+00:00,1233.4927147778944,10,45.06848820880471,2.1137204323618455e-06,False
base_01,Random Forest,2026-01-03 11:59:59.999000+00:00,2256.6636899009027,10,45.06848820880471,2.1137204323618455e-06,False
base_01,Random Forest,2026-01-04 11:59:59.999000+00:00,1951.5101410666684,10,45.06848820880471,2.1137204323618455e-06,False
base_01,Random Forest,2026-01-05 11:59:59.999000+00:00,2294.5711821854784,10,45.06848820880471,2.1137204323618455e-06,False
base_01,Random Forest,2026-01-06 11:59:59.999000+00:00,3382.5018976137508,10,45.06848820880471,2.1137204323618455e-06,False
base_01,Random Forest,2026-01-07 11:59:59.999000+00:00,56.885482532539754,10,45.06848820880471,2.1137204323618455e-06,False
base_01,Random Forest,2026-01-08 11:59:59.999000+00:00,-2866.44289177467,10,45.06848820880471,2.1137204323618455e-06,False
base_01,Random Forest,2026-01-09 11:59:59.999000+00:00,739.1951460116543,10,45.06848820880471,2.1137204323618455e-06,False
base_01,Random Forest,2026-01-10 11:59:59.999000+00:00,177.1683072592714,10,45.06848820880471,2.1137204323618455e-06,False
base_01,Random Forest,2026-01-11 11:59:59.999000+00:00,857.6365046153078,10,45.06848820880471,2.1137204323618455e-06,False
base_01,Random Forest,2026-01-12 11:59:59.999000+00:00,1738.172931924637,10,45.06848820880471,2.1137204323618455e-06,False
base_01,Random Forest,2026-01-13 11:59:59.999000+00:00,199.6584467868961,10,45.06848820880471,2.1137204323618455e-06,False
base_01,Random Forest,2026-01-14 11:59:59.999000+00:00,4069.969606605009,10,45.06848820880471,2.1137204323618455e-06,False
base_01,Random Forest,2026-01-15 11:59:59.999000+00:00,2270.0638828101073,10,45.06848820880471,2.1137204323618455e-06,False
base_01,Random Forest,2026-01-16 11:59:59.999000+00:00,-2520.65434858315,10,45.06848820880471,2.1137204323618455e-06,False
base_01,Random Forest,2026-01-17 11:59:59.999000+00:00,-47.168886490151635,10,45.06848820880471,2.1137204323618455e-06,False
base_01,Random Forest,2026-01-18 11:59:59.999000+00:00,94.2661642844032,10,45.06848820880471,2.1137204323618455e-06,False
base_01,Random Forest,2026-01-19 11:59:59.999000+00:00,-830.4975440989365,10,45.06848820880471,2.1137204323618455e-06,False
base_01,Random Forest,2026-01-20 11:59:59.999000+00:00,-1038.9118030157115,10,45.06848820880471,2.1137204323618455e-06,False
base_01,Random Forest,2026-01-21 11:59:59.999000+00:00,-4841.603548792671,10,45.06848820880471,2.1137204323618455e-06,False
base_01,Random Forest,2026-01-22 11:59:59.999000+00:00,1417.9670124734694,10,45.06848820880471,2.1137204323618455e-06,False
base_01,Random Forest,2026-01-23 11:59:59.999000+00:00,661.9306281858735,10,45.06848820880471,2.1137204323618455e-06,False
base_01,Random Forest,2026-01-24 11:59:59.999000+00:00,624.1365648008796,10,45.06848820880471,2.1137204323618455e-06,False
base_01,Random Forest,2026-01-25 11:59:59.999000+00:00,-121.71164920958108,10,45.06848820880471,2.1137204323618455e-06,False
base_01,Random Forest,2026-01-26 11:59:59.999000+00:00,-2611.2218579669134,10,45.06848820880471,2.1137204323618455e-06,False
base_01,Random Forest,2026-01-27 11:59:59.999000+00:00,1051.700704052375,10,45.06848820880471,2.1137204323618455e-06,False
base_01,Random Forest,2026-01-28 11:59:59.999000+00:00,1372.0210414700705,10,45.06848820880471,2.1137204323618455e-06,False
base_01,Random Forest,2026-01-29 11:59:59.999000+00:00,1025.2221757582593,10,45.06848820880471,2.1137204323618455e-06,False
base_01,Random Forest,2026-01-30 11:59:59.999000+00:00,-4013.3813195785915,10,45.06848820880471,2.1137204323618455e-06,False
base_01,Random Forest,2026-01-31 11:59:59.999000+00:00,-562.0646682183869,10,45.06848820880471,2.1137204323618455e-06,False
base_01,Random Forest,2026-02-01 11:59:59.999000+00:00,-6052.7182580332155,10,45.06848820880471,2.1137204323618455e-06,False
base_01,Random Forest,2026-02-02 11:59:59.999000+00:00,-3149.900290301419,10,45.06848820880471,2.1137204323618455e-06,False
base_01,Random Forest,2026-02-03 11:59:59.999000+00:00,-1613.4149539073696,10,45.06848820880471,2.1137204323618455e-06,False
base_01,Random Forest,2026-02-04 11:59:59.999000+00:00,-3448.2869144104334,10,45.06848820880471,2.1137204323618455e-06,False
base_01,Random Forest,2026-02-05 11:59:59.999000+00:00,-5787.496831073615,10,45.06848820880471,2.1137204323618455e-06,False
base_01,Random Forest,2026-02-06 11:59:59.999000+00:00,-12345.176667126521,10,45.06848820880471,2.1137204323618455e-06,False
base_01,Random Forest,2026-02-07 11:59:59.999000+00:00,4863.608696802417,10,45.06848820880471,2.1137204323618455e-06,False
base_01,Random Forest,2026-02-08 11:59:59.999000+00:00,1078.437853961892,10,45.06848820880471,2.1137204323618455e-06,False
base_01,Random Forest,2026-02-09 11:59:59.999000+00:00,1110.967055114219,10,45.06848820880471,2.1137204323618455e-06,False
base_01,Random Forest,2026-02-10 11:59:59.999000+00:00,243.07146175544767,10,45.06848820880471,2.1137204323618455e-06,False
base_01,Random Forest,2026-02-11 11:59:59.999000+00:00,-838.8390460782975,10,45.06848820880471,2.1137204323618455e-06,False
base_01,Random Forest,2026-02-12 11:59:59.999000+00:00,-2404.0753525674227,10,45.06848820880471,2.1137204323618455e-06,False
base_01,Random Forest,2026-02-13 11:59:59.999000+00:00,111.08783945045434,10,45.06848820880471,2.1137204323618455e-06,False
base_01,Random Forest,2026-02-14 11:59:59.999000+00:00,2012.8005123768235,10,45.06848820880471,2.1137204323618455e-06,False
base_01,Random Forest,2026-02-15 11:59:59.999000+00:00,499.82228555371694,10,45.06848820880471,2.1137204323618455e-06,False
base_01,Random Forest,2026-02-16 11:59:59.999000+00:00,-1016.7286275799706,10,45.06848820880471,2.1137204323618455e-06,False
base_01,Random Forest,2026-02-17 11:59:59.999000+00:00,240.94876998454856,10,45.06848820880471,2.1137204323618455e-06,False
base_01,Random Forest,2026-02-18 11:59:59.999000+00:00,-1393.3515007507522,10,45.06848820880471,2.1137204323618455e-06,False
base_01,Random Forest,2026-02-19 11:59:59.999000+00:00,-986.2352710471896,10,45.06848820880471,2.1137204323618455e-06,False
base_01,Random Forest,2026-02-20 11:59:59.999000+00:00,161.7660444137873,10,45.06848820880471,2.1137204323618455e-06,False
base_01,Random Forest,2026-02-21 11:59:59.999000+00:00,1041.0621415548958,10,45.06848820880471,2.1137204323618455e-06,False
base_01,Random Forest,2026-02-22 11:59:59.999000+00:00,126.43671579891816,10,45.06848820880471,2.1137204323618455e-06,False
base_01,Random Forest,2026-02-23 11:59:59.999000+00:00,-471.35366418008925,10,45.06848820880471,2.1137204323618455e-06,False
base_01,Random Forest,2026-02-24 11:59:59.999000+00:00,-3205.0245388150506,10,45.06848820880471,2.1137204323618455e-06,False
base_01,Random Forest,2026-02-25 11:59:59.999000+00:00,-1025.4418960742769,10,45.06848820880471,2.1137204323618455e-06,False
base_01,Random Forest,2026-02-26 11:59:59.999000+00:00,4168.330426042521,10,45.06848820880471,2.1137204323618455e-06,False
base_01,Random Forest,2026-02-27 11:59:59.999000+00:00,578.4639246753213,10,45.06848820880471,2.1137204323618455e-06,False
base_01,Random Forest,2026-02-28 11:59:59.999000+00:00,-897.4643411683501,10,45.06848820880471,2.1137204323618455e-06,False
base_01,Random Forest,2026-03-01 11:59:59.999000+00:00,1301.4739878871624,10,45.06848820880471,2.1137204323618455e-06,False
base_01,Random Forest,2026-03-02 11:59:59.999000+00:00,-1256.6679991832643,10,45.06848820880471,2.1137204323618455e-06,False
base_01,Random Forest,2026-03-03 11:59:59.999000+00:00,3337.0163945264067,10,45.06848820880471,2.1137204323618455e-06,False
base_01,Random Forest,2026-03-04 11:59:59.999000+00:00,-201.29720648106013,10,45.06848820880471,2.1137204323618455e-06,False
base_01,Random Forest,2026-03-05 11:59:59.999000+00:00,5103.888508266769,10,45.06848820880471,2.1137204323618455e-06,False
base_01,Random Forest,2026-03-06 11:59:59.999000+00:00,775.1895515697252,10,45.06848820880471,2.1137204323618455e-06,False
base_01,Random Forest,2026-03-07 11:59:59.999000+00:00,-873.3905290958646,10,45.06848820880471,2.1137204323618455e-06,False
base_01,Random Forest,2026-03-08 11:59:59.999000+00:00,-805.2914402185124,10,45.06848820880471,2.1137204323618455e-06,False
base_01,Random Forest,2026-03-09 11:59:59.999000+00:00,-1169.7348755792482,10,45.06848820880471,2.1137204323618455e-06,False
base_01,Random Forest,2026-03-10 11:59:59.999000+00:00,1710.550408946452,10,45.06848820880471,2.1137204323618455e-06,False
base_01,Random Forest,2026-03-11 11:59:59.999000+00:00,1428.70599701647,10,45.06848820880471,2.1137204323618455e-06,False
base_01,Random Forest,2026-03-12 11:59:59.999000+00:00,-239.20539744428243,10,45.06848820880471,2.1137204323618455e-06,False
base_01,Random Forest,2026-03-13 11:59:59.999000+00:00,1072.7185236715013,10,45.06848820880471,2.1137204323618455e-06,False
base_01,Random Forest,2026-03-14 11:59:59.999000+00:00,1786.8232322765252,10,45.06848820880471,2.1137204323618455e-06,False
base_01,Random Forest,2026-03-15 11:59:59.999000+00:00,1327.9095259281748,10,45.06848820880471,2.1137204323618455e-06,False
base_01,Random Forest,2026-03-16 11:59:59.999000+00:00,3029.186224884237,10,45.06848820880471,2.1137204323618455e-06,False
base_01,Random Forest,2026-03-17 11:59:59.999000+00:00,4452.376624810029,10,45.06848820880471,2.1137204323618455e-06,False
base_01,Random Forest,2026-03-18 11:59:59.999000+00:00,-1175.2919034158986,10,45.06848820880471,2.1137204323618455e-06,False
base_01,Random Forest,2026-03-19 11:59:59.999000+00:00,-530.0312340502715,10,45.06848820880471,2.1137204323618455e-06,False
base_01,Random Forest,2026-03-20 11:59:59.999000+00:00,1529.9115590521978,10,45.06848820880471,2.1137204323618455e-06,False
base_01,Random Forest,2026-03-21 11:59:59.999000+00:00,1483.6317112400284,10,45.06848820880471,2.1137204323618455e-06,False
base_01,Random Forest,2026-03-22 11:59:59.999000+00:00,-1350.5199535055435,10,45.06848820880471,2.1137204323618455e-06,False
base_01,Random Forest,2026-03-23 11:59:59.999000+00:00,-627.6285511123278,10,45.06848820880471,2.1137204323618455e-06,False
base_01,Random Forest,2026-03-24 11:59:59.999000+00:00,3166.136086912782,10,45.06848820880471,2.1137204323618455e-06,False
base_01,Random Forest,2026-03-25 11:59:59.999000+00:00,-85.35294222658558,10,45.06848820880471,2.1137204323618455e-06,False
base_01,Random Forest,2026-03-26 11:59:59.999000+00:00,1476.3456022682658,10,45.06848820880471,2.1137204323618455e-06,False
base_01,Random Forest,2026-03-27 11:59:59.999000+00:00,-1188.1977923456288,10,45.06848820880471,2.1137204323618455e-06,False
base_01,Random Forest,2026-03-28 11:59:59.999000+00:00,-2083.134748362121,10,45.06848820880471,2.1137204323618455e-06,False
base_01,Random Forest,2026-03-29 11:59:59.999000+00:00,-64.6797613446688,10,45.06848820880471,2.1137204323618455e-06,False
base_01,Random Forest,2026-03-30 11:59:59.999000+00:00,-959.7294334774051,10,45.06848820880471,2.1137204323618455e-06,False
base_01,Random Forest,2026-03-31 11:59:59.999000+00:00,-281.5295400979958,10,45.06848820880471,2.1137204323618455e-06,False
base_01,Random Forest,2026-04-01 11:59:59.999000+00:00,1527.955846820987,10,45.06848820880471,2.1137204323618455e-06,False
base_01,Random Forest,2026-04-02 11:59:59.999000+00:00,-246.69223565718858,10,45.06848820880471,2.1137204323618455e-06,False
base_01,Random Forest,2026-04-03 11:59:59.999000+00:00,-915.2801295208337,10,45.06848820880471,2.1137204323618455e-06,False
base_01,Random Forest,2026-04-04 11:59:59.999000+00:00,232.96314423374133,10,45.06848820880471,2.1137204323618455e-06,False
base_01,Random Forest,2026-04-05 11:59:59.999000+00:00,754.9884404746117,10,45.06848820880471,2.1137204323618455e-06,False
base_01,Random Forest,2026-04-06 11:59:59.999000+00:00,1867.7491229984444,10,45.06848820880471,2.1137204323618455e-06,False
base_01,Random Forest,2026-04-07 11:59:59.999000+00:00,-299.32895667159755,10,45.06848820880471,2.1137204323618455e-06,False
base_01,Random Forest,2026-04-08 11:59:59.999000+00:00,2813.8896227204095,10,45.06848820880471,2.1137204323618455e-06,False
base_01,Random Forest,2026-04-09 11:59:59.999000+00:00,228.21614752709866,10,45.06848820880471,2.1137204323618455e-06,False
base_01,Random Forest,2026-04-10 11:59:59.999000+00:00,1621.5824284424743,10,45.06848820880471,2.1137204323618455e-06,False
base_01,Random Forest,2026-04-11 11:59:59.999000+00:00,2168.959614150692,10,45.06848820880471,2.1137204323618455e-06,False
base_01,Random Forest,2026-04-12 11:59:59.999000+00:00,1333.589632212097,10,45.06848820880471,2.1137204323618455e-06,False
base_01,Random Forest,2026-04-13 11:59:59.999000+00:00,-1236.757865952488,10,45.06848820880471,2.1137204323618455e-06,False
base_01,Random Forest,2026-04-14 11:59:59.999000+00:00,5526.635396050042,10,45.06848820880471,2.1137204323618455e-06,False
base_01,Random Forest,2026-04-15 11:59:59.999000+00:00,176.90877005782386,10,45.06848820880471,2.1137204323618455e-06,False
base_01,Random Forest,2026-04-16 11:59:59.999000+00:00,1936.1063627902622,10,45.06848820880471,2.1137204323618455e-06,False
base_01,Random Forest,2026-04-17 11:59:59.999000+00:00,434.9857296951959,10,45.06848820880471,2.1137204323618455e-06,False
base_01,Random Forest,2026-04-18 11:59:59.999000+00:00,2309.0004747065686,10,45.06848820880471,2.1137204323618455e-06,False
base_01,Random Forest,2026-04-19 11:59:59.999000+00:00,-1454.6351646310213,10,45.06848820880471,2.1137204323618455e-06,False
base_01,Random Forest,2026-04-20 11:59:59.999000+00:00,-3753.8408133506164,10,45.06848820880471,2.1137204323618455e-06,False
base_01,Random Forest,2026-04-21 11:59:59.999000+00:00,3014.9993950896605,10,45.06848820880471,2.1137204323618455e-06,False
base_01,Random Forest,2026-04-22 11:59:59.999000+00:00,309.51347366803384,10,45.06848820880471,2.1137204323618455e-06,False
base_01,Random Forest,2026-04-23 11:59:59.999000+00:00,1781.272915715599,10,45.06848820880471,2.1137204323618455e-06,False
base_01,Random Forest,2026-04-24 11:59:59.999000+00:00,1046.9325246927474,10,45.06848820880471,2.1137204323618455e-06,False
base_01,Random Forest,2026-04-25 11:59:59.999000+00:00,-510.2486133381608,10,45.06848820880471,2.1137204323618455e-06,False
base_01,Random Forest,2026-04-26 11:59:59.999000+00:00,-291.80751129866985,10,45.06848820880471,2.1137204323618455e-06,False
base_01,Random Forest,2026-04-27 11:59:59.999000+00:00,580.7398290041165,10,45.06848820880471,2.1137204323618455e-06,False
base_01,Random Forest,2026-04-28 11:59:59.999000+00:00,-577.8212717837596,10,45.06848820880471,2.1137204323618455e-06,False
base_01,Random Forest,2026-04-29 11:59:59.999000+00:00,-1852.588268049978,10,45.06848820880471,2.1137204323618455e-06,False
base_01,Random Forest,2026-04-30 11:59:59.999000+00:00,-2251.492003457155,10,45.06848820880471,2.1137204323618455e-06,False
base_01,Random Forest,2026-05-01 11:59:59.999000+00:00,89.99189265299356,10,45.06848820880471,2.1137204323618455e-06,False
base_01,Random Forest,2026-05-02 11:59:59.999000+00:00,1141.1187650215434,10,45.06848820880471,2.1137204323618455e-06,False
base_01,Random Forest,2026-05-03 11:59:59.999000+00:00,1540.7618717966543,10,45.06848820880471,2.1137204323618455e-06,False
base_01,Random Forest,2026-05-04 11:59:59.999000+00:00,186.94966422473954,10,45.06848820880471,2.1137204323618455e-06,False
base_01,Random Forest,2026-05-05 11:59:59.999000+00:00,1911.755412248851,10,45.06848820880471,2.1137204323618455e-06,False
base_01,Random Forest,2026-05-06 11:59:59.999000+00:00,243.36411877625505,10,45.06848820880471,2.1137204323618455e-06,False
base_01,Random Forest,2026-05-07 11:59:59.999000+00:00,-2197.4863638882234,10,45.06848820880471,2.1137204323618455e-06,False
base_01,Random Forest,2026-05-08 11:59:59.999000+00:00,-3020.0876879746647,10,45.06848820880471,2.1137204323618455e-06,False
base_01,Random Forest,2026-05-09 11:59:59.999000+00:00,-1423.2671673963487,10,45.06848820880471,2.1137204323618455e-06,False
base_01,Random Forest,2026-05-10 11:59:59.999000+00:00,-374.73191873537144,10,45.06848820880471,2.1137204323618455e-06,False
base_01,Random Forest,2026-05-11 11:59:59.999000+00:00,587.9522684000549,10,45.06848820880471,2.1137204323618455e-06,False
base_01,Random Forest,2026-05-12 11:59:59.999000+00:00,-1143.8521606291033,10,45.06848820880471,2.1137204323618455e-06,False
base_01,Random Forest,2026-05-13 11:59:59.999000+00:00,-1785.4245678468433,10,45.06848820880471,2.1137204323618455e-06,False
base_01,Random Forest,2026-05-14 11:59:59.999000+00:00,-2001.041848403198,10,45.06848820880471,2.1137204323618455e-06,False
base_01,Random Forest,2026-05-15 11:59:59.999000+00:00,917.5819937220949,10,45.06848820880471,2.1137204323618455e-06,False
base_01,Random Forest,2026-05-16 11:59:59.999000+00:00,-1860.3055519171467,10,45.06848820880471,2.1137204323618455e-06,False
base_01,Random Forest,2026-05-17 11:59:59.999000+00:00,-2174.988498274339,10,45.06848820880471,2.1137204323618455e-06,False
base_01,Random Forest,2026-05-18 11:59:59.999000+00:00,-2170.222434887124,10,45.06848820880471,2.1137204323618455e-06,False
base_01,Random Forest,2026-05-19 11:59:59.999000+00:00,-1257.0200332709937,10,45.06848820880471,2.1137204323618455e-06,False
base_01,Random Forest,2026-05-20 11:59:59.999000+00:00,-594.66887525926,10,45.06848820880471,2.1137204323618455e-06,False
base_01,Random Forest,2026-05-21 11:59:59.999000+00:00,-250.51355446899834,10,45.06848820880471,2.1137204323618455e-06,False
base_01,Random Forest,2026-05-22 11:59:59.999000+00:00,-119.72936079915962,10,45.06848820880471,2.1137204323618455e-06,False
base_01,Random Forest,2026-05-23 11:59:59.999000+00:00,-2089.77123251617,10,45.06848820880471,2.1137204323618455e-06,False
base_01,Random Forest,2026-05-24 11:59:59.999000+00:00,1014.4385956669139,10,45.06848820880471,2.1137204323618455e-06,False
base_01,Random Forest,2026-05-25 11:59:59.999000+00:00,661.1320978768927,10,45.06848820880471,2.1137204323618455e-06,False
base_01,Random Forest,2026-05-26 11:59:59.999000+00:00,-338.9231404102611,10,45.06848820880471,2.1137204323618455e-06,False
base_01,Random Forest,2026-05-27 11:59:59.999000+00:00,-1827.9098205142654,10,45.06848820880471,2.1137204323618455e-06,False
base_01,Random Forest,2026-05-28 11:59:59.999000+00:00,-2230.282608180569,10,45.06848820880471,2.1137204323618455e-06,False
base_01,Random Forest,2026-05-29 11:59:59.999000+00:00,-1388.5601780405996,10,45.06848820880471,2.1137204323618455e-06,False
base_01,Random Forest,2026-05-30 11:59:59.999000+00:00,78.26432410342386,10,45.06848820880471,2.1137204323618455e-06,False
base_01,Random Forest,2026-05-31 11:59:59.999000+00:00,796.0465202216583,10,45.06848820880471,2.1137204323618455e-06,False
base_01,Random Forest,2026-06-01 11:59:59.999000+00:00,-84.03137527698709,10,45.06848820880471,2.1137204323618455e-06,False
base_01,Random Forest,2026-06-02 11:59:59.999000+00:00,-2047.8025364174682,10,45.06848820880471,2.1137204323618455e-06,False
base_01,Random Forest,2026-06-03 11:59:59.999000+00:00,-3429.1365434680047,10,45.06848820880471,2.1137204323618455e-06,False
base_01,Random Forest,2026-06-04 11:59:59.999000+00:00,-2714.327203321649,10,45.06848820880471,2.1137204323618455e-06,False
base_01,Random Forest,2026-06-05 11:59:59.999000+00:00,-2421.1854163326934,10,45.06848820880471,2.1137204323618455e-06,False
base_01,Random Forest,2026-06-06 11:59:59.999000+00:00,-3555.1665807043028,10,45.06848820880471,2.1137204323618455e-06,False
base_01,Random Forest,2026-06-07 11:59:59.999000+00:00,-1986.6731872432429,10,45.06848820880471,2.1137204323618455e-06,False
base_01,Random Forest,2026-06-08 11:59:59.999000+00:00,2028.2837929996967,10,45.06848820880471,2.1137204323618455e-06,False
base_01,Random Forest,2026-06-09 11:59:59.999000+00:00,-1263.2350505223221,10,45.06848820880471,2.1137204323618455e-06,False
base_01,Random Forest,2026-06-10 11:59:59.999000+00:00,-1875.940498410513,10,45.06848820880471,2.1137204323618455e-06,False
base_01,Random Forest,2026-06-11 11:59:59.999000+00:00,-35.34223971593747,10,45.06848820880471,2.1137204323618455e-06,False
base_01,Random Forest,2026-06-12 11:59:59.999000+00:00,2228.3885693110424,10,45.06848820880471,2.1137204323618455e-06,False
base_01,Random Forest,2026-06-13 11:59:59.999000+00:00,19.51069677882333,10,45.06848820880471,2.1137204323618455e-06,False
base_01,Random Forest,2026-06-14 11:59:59.999000+00:00,903.6233017411505,10,45.06848820880471,2.1137204323618455e-06,False
base_01,Random Forest,2026-06-15 11:59:59.999000+00:00,965.0656957194151,10,45.06848820880471,2.1137204323618455e-06,False
base_01,Random Forest,2026-06-16 11:59:59.999000+00:00,661.5412266115309,10,45.06848820880471,2.1137204323618455e-06,False
base_01,Random Forest,2026-06-17 11:59:59.999000+00:00,-896.1388248765143,10,45.06848820880471,2.1137204323618455e-06,False
base_01,Random Forest,2026-06-18 11:59:59.999000+00:00,-857.2913993776892,10,45.06848820880471,2.1137204323618455e-06,False
base_01,Random Forest,2026-06-19 11:59:59.999000+00:00,-1770.8363939836636,10,45.06848820880471,2.1137204323618455e-06,False
base_01,Random Forest,2026-06-20 11:59:59.999000+00:00,2072.8381151367284,10,45.06848820880471,2.1137204323618455e-06,False
base_01,Random Forest,2026-06-21 11:59:59.999000+00:00,1174.9657553048964,10,45.06848820880471,2.1137204323618455e-06,False
base_01,Random Forest,2026-06-22 11:59:59.999000+00:00,-483.28683738059044,10,45.06848820880471,2.1137204323618455e-06,False
base_01,Random Forest,2026-06-23 11:59:59.999000+00:00,1212.1739322711655,10,45.06848820880471,2.1137204323618455e-06,False
base_01,Random Forest,2026-06-24 11:59:59.999000+00:00,-736.9004328372321,10,45.06848820880471,2.1137204323618455e-06,False
base_01,Random Forest,2026-06-25 11:59:59.999000+00:00,-825.8658325756915,10,45.06848820880471,2.1137204323618455e-06,False
base_01,Random Forest,2026-06-26 11:59:59.999000+00:00,-1247.9150508697858,10,45.06848820880471,2.1137204323618455e-06,False
base_01,Random Forest,2026-06-27 11:59:59.999000+00:00,5.677756201315788,10,45.06848820880471,2.1137204323618455e-06,False
base_01,Random Forest,2026-06-28 11:59:59.999000+00:00,-151.4022752924211,10,45.06848820880471,2.1137204323618455e-06,False
base_01,Random Forest,2026-06-29 11:59:59.999000+00:00,-367.24438534409273,10,45.06848820880471,2.1137204323618455e-06,False
base_01,Random Forest,2026-06-30 11:59:59.999000+00:00,720.0160593163964,10,45.06848820880471,2.1137204323618455e-06,False
base_01,Random Forest,2026-07-01 11:59:59.999000+00:00,-2024.3721531170595,10,45.06848820880471,2.1137204323618455e-06,False
base_01,Random Forest,2026-07-02 11:59:59.999000+00:00,1312.8448212778894,10,45.06848820880471,2.1137204323618455e-06,False
base_01,Random Forest,2026-07-03 11:59:59.999000+00:00,1340.1811460036624,10,45.06848820880471,2.1137204323618455e-06,False
base_01,Random Forest,2026-07-04 11:59:59.999000+00:00,261.3670863589796,10,45.06848820880471,2.1137204323618455e-06,False
base_01,Random Forest,2026-07-05 11:59:59.999000+00:00,549.9138734245571,10,45.06848820880471,2.1137204323618455e-06,False
base_01,Random Forest,2026-07-06 11:59:59.999000+00:00,661.6718230151964,10,45.06848820880471,2.1137204323618455e-06,False
base_01,Random Forest,2026-07-07 11:59:59.999000+00:00,596.0489340262793,10,45.06848820880471,2.1137204323618455e-06,False
base_01,Random Forest,2026-07-08 11:59:59.999000+00:00,-159.30975415376452,10,45.06848820880471,2.1137204323618455e-06,False
base_01,Random Forest,2026-07-09 11:59:59.999000+00:00,-1096.3468729150336,10,45.06848820880471,2.1137204323618455e-06,False
base_01,Random Forest,2026-07-10 11:59:59.999000+00:00,1713.463503301551,10,45.06848820880471,2.1137204323618455e-06,False
base_01,Random Forest,2026-07-11 11:59:59.999000+00:00,941.9813607087344,10,45.06848820880471,2.1137204323618455e-06,False
base_01,Random Forest,2026-07-12 11:59:59.999000+00:00,-193.24699299466738,10,45.06848820880471,2.1137204323618455e-06,False
base_01,Random Forest,2026-07-13 11:59:59.999000+00:00,-11.2706171286045,10,45.06848820880471,2.1137204323618455e-06,False
base_01,Random Forest,2026-07-14 11:59:59.999000+00:00,-971.357156688995,10,45.06848820880471,2.1137204323618455e-06,False
base_01,Random Forest,2026-07-15 11:59:59.999000+00:00,3055.029034329702,10,45.06848820880471,2.1137204323618455e-06,False
base_01,Random Forest,2026-07-16 11:59:59.999000+00:00,120.79894050937583,10,45.06848820880471,2.1137204323618455e-06,False
base_01,Random Forest,2026-07-17 11:59:59.999000+00:00,-499.49737196796923,10,45.06848820880471,2.1137204323618455e-06,False
base_01,Random Forest,2026-07-18 11:59:59.999000+00:00,-8.002762014119071,10,45.06848820880471,2.1137204323618455e-06,False
base_01,Random Forest,2026-07-19 11:59:59.999000+00:00,623.6407452607382,10,45.06848820880471,2.1137204323618455e-06,False
base_01,Random Forest,2026-07-20 11:59:59.999000+00:00,507.18184651285264,10,45.06848820880471,2.1137204323618455e-06,False
base_01,Random Forest,2026-07-21 11:59:59.999000+00:00,984.5156806043378,10,45.06848820880471,2.1137204323618455e-06,False
base_01,Random Forest,2026-07-22 11:59:59.999000+00:00,2277.467259499783,10,45.06848820880471,2.1137204323618455e-06,False
base_01,Random Forest,2026-07-23 11:59:59.999000+00:00,-399.26876021049975,10,45.06848820880471,2.1137204323618455e-06,False
base_01,Random Forest,2026-07-24 11:59:59.999000+00:00,-1053.1135246577105,10,45.06848820880471,2.1137204323618455e-06,False
base_01,Random Forest,2026-07-25 11:59:59.999000+00:00,-985.6454952466811,10,45.06848820880471,2.1137204323618455e-06,False
base_01,Random Forest,2026-07-26 11:59:59.999000+00:00,-71.5353172661853,10,45.06848820880471,2.1137204323618455e-06,False
base_01,Random Forest,2026-07-27 11:59:59.999000+00:00,1253.3140932714596,10,45.06848820880471,2.1137204323618455e-06,False
base_01,Random Forest,2026-07-28 11:59:59.999000+00:00,-1337.201868084252,10,45.06848820880471,2.1137204323618455e-06,False
base_01,Random Forest,2026-07-29 11:59:59.999000+00:00,1071.7621148540202,10,45.06848820880471,2.1137204323618455e-06,False
base_01,Random Forest,2026-07-30 11:59:59.999000+00:00,-115.26553047185735,10,45.06848820880471,2.1137204323618455e-06,False
base_01,Random Forest,2026-07-31 11:59:59.999000+00:00,757.9482319396411,10,45.06848820880471,2.1137204323618455e-06,False
base_01,Random Forest,2026-08-01 11:59:59.999000+00:00,-1824.1001071011342,10,45.06848820880471,2.1137204323618455e-06,False
base_01,Random Forest,2026-08-02 11:59:59.999000+00:00,-697.077054231886,10,45.06848820880471,2.1137204323618455e-06,False
base_01,Random Forest,2026-08-03 11:59:59.999000+00:00,-263.6954950537256,10,45.06848820880471,2.1137204323618455e-06,False
base_01,Random Forest,2026-08-04 11:59:59.999000+00:00,-332.8719195358426,10,45.06848820880471,2.1137204323618455e-06,False
base_01,Random Forest,2026-08-05 11:59:59.999000+00:00,546.2515777382141,10,45.06848820880471,2.1137204323618455e-06,False
base_01,Random Forest,2026-08-06 11:59:59.999000+00:00,617.5792668879512,10,45.06848820880471,2.1137204323618455e-06,False
base_01,Random Forest,2026-08-07 11:59:59.999000+00:00,-71.21679508489615,10,45.06848820880471,2.1137204323618455e-06,False
base_01,Random Forest,2026-08-08 11:59:59.999000+00:00,570.5005120442584,10,45.06848820880471,2.1137204323618455e-06,False
base_01,Random Forest,2026-08-09 11:59:59.999000+00:00,343.54832315511885,10,45.06848820880471,2.1137204323618455e-06,False
base_01,Random Forest,2026-08-10 11:59:59.999000+00:00,156.5196543152706,10,45.06848820880471,2.1137204323618455e-06,False
base_01,Random Forest,2026-08-11 11:59:59.999000+00:00,-660.6829218644707,10,45.06848820880471,2.1137204323618455e-06,False
base_01,Random Forest,2026-08-12 11:59:59.999000+00:00,-752.5985420066063,10,45.06848820880471,2.1137204323618455e-06,False
base_01,Random Forest,2026-08-13 11:59:59.999000+00:00,-345.0976633572427,10,45.06848820880471,2.1137204323618455e-06,False
base_01,Random Forest,2026-08-14 11:59:59.999000+00:00,-369.5333626867723,10,45.06848820880471,2.1137204323618455e-06,False
base_01,Random Forest,2026-08-15 11:59:59.999000+00:00,-848.3575882892692,10,45.06848820880471,2.1137204323618455e-06,False
base_01,Random Forest,2026-08-16 11:59:59.999000+00:00,-683.2670296214856,10,45.06848820880471,2.1137204323618455e-06,False
base_01,Random Forest,2026-08-17 11:59:59.999000+00:00,-617.2238331203116,10,45.06848820880471,2.1137204323618455e-06,False
base_01,Random Forest,2026-08-18 11:59:59.999000+00:00,998.1553150960317,10,45.06848820880471,2.1137204323618455e-06,False
base_01,Random Forest,2026-08-19 11:59:59.999000+00:00,260.2776247618094,10,45.06848820880471,2.1137204323618455e-06,False
base_01,Random Forest,2026-08-20 11:59:59.999000+00:00,4805.943713814035,10,45.06848820880471,2.1137204323618455e-06,False
base_01,Random Forest,2026-08-21 11:59:59.999000+00:00,3106.2308080570365,10,45.06848820880471,2.1137204323618455e-06,False
base_01,Random Forest,2026-08-22 11:59:59.999000+00:00,6620.748406978106,10,45.06848820880471,2.1137204323618455e-06,False
base_01,Random Forest,2026-08-23 11:59:59.999000+00:00,-291.4277110048861,10,45.06848820880471,2.1137204323618455e-06,False
base_01,Random Forest,2026-08-24 11:59:59.999000+00:00,-187.6211007436359,10,45.06848820880471,2.1137204323618455e-06,False
base_01,Random Forest,2026-08-25 11:59:59.999000+00:00,1485.0644446087972,10,45.06848820880471,2.1137204323618455e-06,False
base_01,Random Forest,2026-08-26 11:59:59.999000+00:00,1015.0117853960401,10,45.06848820880471,2.1137204323618455e-06,False
base_01,Random Forest,2026-08-27 11:59:59.999000+00:00,173.88180341744737,10,45.06848820880471,2.1137204323618455e-06,False
base_01,Random Forest,2026-08-28 11:59:59.999000+00:00,1314.843328091767,10,45.06848820880471,2.1137204323618455e-06,False
base_01,Random Forest,2026-08-29 11:59:59.999000+00:00,-2843.311346047354,10,45.06848820880471,2.1137204323618455e-06,False
base_01,Random Forest,2026-08-30 11:59:59.999000+00:00,-1405.4877507178608,10,45.06848820880471,2.1137204323618455e-06,False
base_01,Random Forest,2026-08-31 11:59:59.999000+00:00,-1204.52626812995,10,45.06848820880471,2.1137204323618455e-06,False
base_01,Random Forest,2026-09-01 11:59:59.999000+00:00,739.9887976896571,10,45.06848820880471,2.1137204323618455e-06,False
base_01,Random Forest,2026-09-02 11:59:59.999000+00:00,-352.32744131631625,10,45.06848820880471,2.1137204323618455e-06,False
base_01,Random Forest,2026-09-03 11:59:59.999000+00:00,-552.6642532506085,10,45.06848820880471,2.1137204323618455e-06,False
base_01,Random Forest,2026-09-04 11:59:59.999000+00:00,4012.761575604556,10,45.06848820880471,2.1137204323618455e-06,False
base_01,Random Forest,2026-09-05 11:59:59.999000+00:00,-1288.815874658365,10,45.06848820880471,2.1137204323618455e-06,False
base_01,Random Forest,2026-09-06 11:59:59.999000+00:00,-583.0985116183438,10,45.06848820880471,2.1137204323618455e-06,False
base_01,Random Forest,2026-09-07 11:59:59.999000+00:00,-182.53683908219682,10,45.06848820880471,2.1137204323618455e-06,False
base_01,Random Forest,2026-09-08 11:59:59.999000+00:00,-1524.785254709117,10,45.06848820880471,2.1137204323618455e-06,False
base_01,Random Forest,2026-09-09 11:59:59.999000+00:00,-1338.3867255278747,10,45.06848820880471,2.1137204323618455e-06,False
base_01,Random Forest,2026-09-10 11:59:59.999000+00:00,-806.3119494236162,10,45.06848820880471,2.1137204323618455e-06,False
base_01,Random Forest,2026-09-11 11:59:59.999000+00:00,-2258.808913993518,10,45.06848820880471,2.1137204323618455e-06,False
base_01,Random Forest,2026-09-12 11:59:59.999000+00:00,-582.870044339259,10,45.06848820880471,2.1137204323618455e-06,False
base_01,SVR,2025-09-13 11:59:59.999000+00:00,1610.8859074126376,10,24.202405557732543,0.007080892535766482,False
base_01,SVR,2025-09-14 11:59:59.999000+00:00,-52.43200881459052,10,24.202405557732543,0.007080892535766482,False
base_01,SVR,2025-09-15 11:59:59.999000+00:00,-181.85470383966458,10,24.202405557732543,0.007080892535766482,False
base_01,SVR,2025-09-16 11:59:59.999000+00:00,47.6608779172966,10,24.202405557732543,0.007080892535766482,False
base_01,SVR,2025-09-17 11:59:59.999000+00:00,1068.4185371496278,10,24.202405557732543,0.007080892535766482,False
base_01,SVR,2025-09-18 11:59:59.999000+00:00,-78.91020987345837,10,24.202405557732543,0.007080892535766482,False
base_01,SVR,2025-09-19 11:59:59.999000+00:00,1485.1634115201741,10,24.202405557732543,0.007080892535766482,False
base_01,SVR,2025-09-20 11:59:59.999000+00:00,-273.45014987197646,10,24.202405557732543,0.007080892535766482,False
base_01,SVR,2025-09-21 11:59:59.999000+00:00,1421.7196181208856,10,24.202405557732543,0.007080892535766482,False
base_01,SVR,2025-09-22 11:59:59.999000+00:00,753.4556175984326,10,24.202405557732543,0.007080892535766482,False
base_01,SVR,2025-09-23 11:59:59.999000+00:00,-1821.3191598921112,10,24.202405557732543,0.007080892535766482,False
base_01,SVR,2025-09-24 11:59:59.999000+00:00,-340.07514095566876,10,24.202405557732543,0.007080892535766482,False
base_01,SVR,2025-09-25 11:59:59.999000+00:00,2034.0273479577736,10,24.202405557732543,0.007080892535766482,False
base_01,SVR,2025-09-26 11:59:59.999000+00:00,-4077.1028329562832,10,24.202405557732543,0.007080892535766482,False
base_01,SVR,2025-09-27 11:59:59.999000+00:00,1165.3434988994122,10,24.202405557732543,0.007080892535766482,False
base_01,SVR,2025-09-28 11:59:59.999000+00:00,-993.6772484709363,10,24.202405557732543,0.007080892535766482,False
base_01,SVR,2025-09-29 11:59:59.999000+00:00,2589.968405623251,10,24.202405557732543,0.007080892535766482,False
base_01,SVR,2025-09-30 11:59:59.999000+00:00,1359.6624678596563,10,24.202405557732543,0.007080892535766482,False
base_01,SVR,2025-10-01 11:59:59.999000+00:00,-1021.0767634670192,10,24.202405557732543,0.007080892535766482,False
base_01,SVR,2025-10-02 11:59:59.999000+00:00,5314.323042536853,10,24.202405557732543,0.007080892535766482,False
base_01,SVR,2025-10-03 11:59:59.999000+00:00,5277.349437270357,10,24.202405557732543,0.007080892535766482,False
base_01,SVR,2025-10-04 11:59:59.999000+00:00,4913.7447770503495,10,24.202405557732543,0.007080892535766482,False
base_01,SVR,2025-10-05 11:59:59.999000+00:00,2091.4230070192716,10,24.202405557732543,0.007080892535766482,False
base_01,SVR,2025-10-06 11:59:59.999000+00:00,3449.8510964155575,10,24.202405557732543,0.007080892535766482,False
base_01,SVR,2025-10-07 11:59:59.999000+00:00,1317.8314110901265,10,24.202405557732543,0.007080892535766482,False
base_01,SVR,2025-10-08 11:59:59.999000+00:00,-2353.783598594164,10,24.202405557732543,0.007080892535766482,False
base_01,SVR,2025-10-09 11:59:59.999000+00:00,3970.031237813557,10,24.202405557732543,0.007080892535766482,False
base_01,SVR,2025-10-10 11:59:59.999000+00:00,623.6833855420264,10,24.202405557732543,0.007080892535766482,False
base_01,SVR,2025-10-11 11:59:59.999000+00:00,-5940.045109454964,10,24.202405557732543,0.007080892535766482,False
base_01,SVR,2025-10-12 11:59:59.999000+00:00,6261.39747257861,10,24.202405557732543,0.007080892535766482,False
base_01,SVR,2025-10-13 11:59:59.999000+00:00,3635.9599091685814,10,24.202405557732543,0.007080892535766482,False
base_01,SVR,2025-10-14 11:59:59.999000+00:00,1276.9694859558804,10,24.202405557732543,0.007080892535766482,False
base_01,SVR,2025-10-15 11:59:59.999000+00:00,-1682.4517841664056,10,24.202405557732543,0.007080892535766482,False
base_01,SVR,2025-10-16 11:59:59.999000+00:00,-3108.352198463326,10,24.202405557732543,0.007080892535766482,False
base_01,SVR,2025-10-17 11:59:59.999000+00:00,-3820.944250584129,10,24.202405557732543,0.007080892535766482,False
base_01,SVR,2025-10-18 11:59:59.999000+00:00,-694.4089469687751,10,24.202405557732543,0.007080892535766482,False
base_01,SVR,2025-10-19 11:59:59.999000+00:00,-592.1299949456588,10,24.202405557732543,0.007080892535766482,False
base_01,SVR,2025-10-20 11:59:59.999000+00:00,-1402.9412869271036,10,24.202405557732543,0.007080892535766482,False
base_01,SVR,2025-10-21 11:59:59.999000+00:00,-284.56711502770486,10,24.202405557732543,0.007080892535766482,False
base_01,SVR,2025-10-22 11:59:59.999000+00:00,-2952.6731651879963,10,24.202405557732543,0.007080892535766482,False
base_01,SVR,2025-10-23 11:59:59.999000+00:00,-1866.9962240211898,10,24.202405557732543,0.007080892535766482,False
base_01,SVR,2025-10-24 11:59:59.999000+00:00,1385.0552699204854,10,24.202405557732543,0.007080892535766482,False
base_01,SVR,2025-10-25 11:59:59.999000+00:00,1562.4992894732131,10,24.202405557732543,0.007080892535766482,False
base_01,SVR,2025-10-26 11:59:59.999000+00:00,734.5310039138567,10,24.202405557732543,0.007080892535766482,False
base_01,SVR,2025-10-27 11:59:59.999000+00:00,3596.1011854300887,10,24.202405557732543,0.007080892535766482,False
base_01,SVR,2025-10-28 11:59:59.999000+00:00,-643.8887681736524,10,24.202405557732543,0.007080892535766482,False
base_01,SVR,2025-10-29 11:59:59.999000+00:00,-398.97722050621815,10,24.202405557732543,0.007080892535766482,False
base_01,SVR,2025-10-30 11:59:59.999000+00:00,-2788.7276224754023,10,24.202405557732543,0.007080892535766482,False
base_01,SVR,2025-10-31 11:59:59.999000+00:00,-2272.9075234623597,10,24.202405557732543,0.007080892535766482,False
base_01,SVR,2025-11-01 11:59:59.999000+00:00,1242.7225041926868,10,24.202405557732543,0.007080892535766482,False
base_01,SVR,2025-11-02 11:59:59.999000+00:00,582.0892471443804,10,24.202405557732543,0.007080892535766482,False
base_01,SVR,2025-11-03 11:59:59.999000+00:00,2002.6042695746728,10,24.202405557732543,0.007080892535766482,False
base_01,SVR,2025-11-04 11:59:59.999000+00:00,-3297.5957642592693,10,24.202405557732543,0.007080892535766482,False
base_01,SVR,2025-11-05 11:59:59.999000+00:00,-3660.6602327181026,10,24.202405557732543,0.007080892535766482,False
base_01,SVR,2025-11-06 11:59:59.999000+00:00,2887.036924768676,10,24.202405557732543,0.007080892535766482,False
base_01,SVR,2025-11-07 11:59:59.999000+00:00,-3082.1009842481726,10,24.202405557732543,0.007080892535766482,False
base_01,SVR,2025-11-08 11:59:59.999000+00:00,869.4182879939472,10,24.202405557732543,0.007080892535766482,False
base_01,SVR,2025-11-09 11:59:59.999000+00:00,-2693.36846473896,10,24.202405557732543,0.007080892535766482,False
base_01,SVR,2025-11-10 11:59:59.999000+00:00,1088.3822720483586,10,24.202405557732543,0.007080892535766482,False
base_01,SVR,2025-11-11 11:59:59.999000+00:00,403.9395069186139,10,24.202405557732543,0.007080892535766482,False
base_01,SVR,2025-11-12 11:59:59.999000+00:00,-4334.076037392908,10,24.202405557732543,0.007080892535766482,False
base_01,SVR,2025-11-13 11:59:59.999000+00:00,-2942.055548976423,10,24.202405557732543,0.007080892535766482,False
base_01,SVR,2025-11-14 11:59:59.999000+00:00,-2997.0958795667248,10,24.202405557732543,0.007080892535766482,False
base_01,SVR,2025-11-15 11:59:59.999000+00:00,-6582.465129784265,10,24.202405557732543,0.007080892535766482,False
base_01,SVR,2025-11-16 11:59:59.999000+00:00,359.81537968321936,10,24.202405557732543,0.007080892535766482,False
base_01,SVR,2025-11-17 11:59:59.999000+00:00,-3808.378654175278,10,24.202405557732543,0.007080892535766482,False
base_01,SVR,2025-11-18 11:59:59.999000+00:00,-2827.624797845987,10,24.202405557732543,0.007080892535766482,False
base_01,SVR,2025-11-19 11:59:59.999000+00:00,408.13914202286105,10,24.202405557732543,0.007080892535766482,False
base_01,SVR,2025-11-20 11:59:59.999000+00:00,-2685.240211179378,10,24.202405557732543,0.007080892535766482,False
base_01,SVR,2025-11-21 11:59:59.999000+00:00,-6529.952678524045,10,24.202405557732543,0.007080892535766482,False
base_01,SVR,2025-11-22 11:59:59.999000+00:00,-2052.2000394419883,10,24.202405557732543,0.007080892535766482,False
base_01,SVR,2025-11-23 11:59:59.999000+00:00,-1242.2597967964393,10,24.202405557732543,0.007080892535766482,False
base_01,SVR,2025-11-24 11:59:59.999000+00:00,1057.927401790177,10,24.202405557732543,0.007080892535766482,False
base_01,SVR,2025-11-25 11:59:59.999000+00:00,1905.9506777177594,10,24.202405557732543,0.007080892535766482,False
base_01,SVR,2025-11-26 11:59:59.999000+00:00,556.4933644567645,10,24.202405557732543,0.007080892535766482,False
base_01,SVR,2025-11-27 11:59:59.999000+00:00,3628.471875730276,10,24.202405557732543,0.007080892535766482,False
base_01,SVR,2025-11-28 11:59:59.999000+00:00,2960.43113929058,10,24.202405557732543,0.007080892535766482,False
base_01,SVR,2025-11-29 11:59:59.999000+00:00,1023.1830788916268,10,24.202405557732543,0.007080892535766482,False
base_01,SVR,2025-11-30 11:59:59.999000+00:00,1379.252114248302,10,24.202405557732543,0.007080892535766482,False
base_01,SVR,2025-12-01 11:59:59.999000+00:00,979.3049951500288,10,24.202405557732543,0.007080892535766482,False
base_01,SVR,2025-12-02 11:59:59.999000+00:00,-3021.6312518789346,10,24.202405557732543,0.007080892535766482,False
base_01,SVR,2025-12-03 11:59:59.999000+00:00,5895.272699166424,10,24.202405557732543,0.007080892535766482,False
base_01,SVR,2025-12-04 11:59:59.999000+00:00,3850.8977929758694,10,24.202405557732543,0.007080892535766482,False
base_01,SVR,2025-12-05 11:59:59.999000+00:00,-785.046611137208,10,24.202405557732543,0.007080892535766482,False
base_01,SVR,2025-12-06 11:59:59.999000+00:00,-1728.3219920766423,10,24.202405557732543,0.007080892535766482,False
base_01,SVR,2025-12-07 11:59:59.999000+00:00,661.8937908865628,10,24.202405557732543,0.007080892535766482,False
base_01,SVR,2025-12-08 11:59:59.999000+00:00,2106.651422813302,10,24.202405557732543,0.007080892535766482,False
base_01,SVR,2025-12-09 11:59:59.999000+00:00,1268.9847186829866,10,24.202405557732543,0.007080892535766482,False
base_01,SVR,2025-12-10 11:59:59.999000+00:00,1291.422458823945,10,24.202405557732543,0.007080892535766482,False
base_01,SVR,2025-12-11 11:59:59.999000+00:00,-610.2131909949385,10,24.202405557732543,0.007080892535766482,False
base_01,SVR,2025-12-12 11:59:59.999000+00:00,909.7776611469453,10,24.202405557732543,0.007080892535766482,False
base_01,SVR,2025-12-13 11:59:59.999000+00:00,-1677.945942041013,10,24.202405557732543,0.007080892535766482,False
base_01,SVR,2025-12-14 11:59:59.999000+00:00,315.2781661983754,10,24.202405557732543,0.007080892535766482,False
base_01,SVR,2025-12-15 11:59:59.999000+00:00,-3509.565959360785,10,24.202405557732543,0.007080892535766482,False
base_01,SVR,2025-12-16 11:59:59.999000+00:00,-2011.803872752149,10,24.202405557732543,0.007080892535766482,False
base_01,SVR,2025-12-17 11:59:59.999000+00:00,880.7190498106065,10,24.202405557732543,0.007080892535766482,False
base_01,SVR,2025-12-18 11:59:59.999000+00:00,-2420.946307474427,10,24.202405557732543,0.007080892535766482,False
base_01,SVR,2025-12-19 11:59:59.999000+00:00,-300.4982130128046,10,24.202405557732543,0.007080892535766482,False
base_01,SVR,2025-12-20 11:59:59.999000+00:00,3467.7589396930707,10,24.202405557732543,0.007080892535766482,False
base_01,SVR,2025-12-21 11:59:59.999000+00:00,-480.92854247997457,10,24.202405557732543,0.007080892535766482,False
base_01,SVR,2025-12-22 11:59:59.999000+00:00,1296.9372565691883,10,24.202405557732543,0.007080892535766482,False
base_01,SVR,2025-12-23 11:59:59.999000+00:00,-1636.8500120398967,10,24.202405557732543,0.007080892535766482,False
base_01,SVR,2025-12-24 11:59:59.999000+00:00,-3120.6545660402917,10,24.202405557732543,0.007080892535766482,False
base_01,SVR,2025-12-25 11:59:59.999000+00:00,-886.5403249571391,10,24.202405557732543,0.007080892535766482,False
base_01,SVR,2025-12-26 11:59:59.999000+00:00,-1152.6555627735943,10,24.202405557732543,0.007080892535766482,False
base_01,SVR,2025-12-27 11:59:59.999000+00:00,-394.33518736650876,10,24.202405557732543,0.007080892535766482,False
base_01,SVR,2025-12-28 11:59:59.999000+00:00,-421.383532659529,10,24.202405557732543,0.007080892535766482,False
base_01,SVR,2025-12-29 11:59:59.999000+00:00,474.9877989783854,10,24.202405557732543,0.007080892535766482,False
base_01,SVR,2025-12-30 11:59:59.999000+00:00,-1588.3963600876596,10,24.202405557732543,0.007080892535766482,False
base_01,SVR,2025-12-31 11:59:59.999000+00:00,-361.3373234077153,10,24.202405557732543,0.007080892535766482,False
base_01,SVR,2026-01-01 11:59:59.999000+00:00,-2611.715158564475,10,24.202405557732543,0.007080892535766482,False
base_01,SVR,2026-01-02 11:59:59.999000+00:00,722.1155722966942,10,24.202405557732543,0.007080892535766482,False
base_01,SVR,2026-01-03 11:59:59.999000+00:00,914.199771435,10,24.202405557732543,0.007080892535766482,False
base_01,SVR,2026-01-04 11:59:59.999000+00:00,-658.7390057054436,10,24.202405557732543,0.007080892535766482,False
base_01,SVR,2026-01-05 11:59:59.999000+00:00,1030.4849463819555,10,24.202405557732543,0.007080892535766482,False
base_01,SVR,2026-01-06 11:59:59.999000+00:00,1248.8233977738273,10,24.202405557732543,0.007080892535766482,False
base_01,SVR,2026-01-07 11:59:59.999000+00:00,-2061.676399580858,10,24.202405557732543,0.007080892535766482,False
base_01,SVR,2026-01-08 11:59:59.999000+00:00,-2971.027425610024,10,24.202405557732543,0.007080892535766482,False
base_01,SVR,2026-01-09 11:59:59.999000+00:00,-523.6120563674194,10,24.202405557732543,0.007080892535766482,False
base_01,SVR,2026-01-10 11:59:59.999000+00:00,-1103.0784862098371,10,24.202405557732543,0.007080892535766482,False
base_01,SVR,2026-01-11 11:59:59.999000+00:00,-281.4648894130514,10,24.202405557732543,0.007080892535766482,False
base_01,SVR,2026-01-12 11:59:59.999000+00:00,918.2501142640685,10,24.202405557732543,0.007080892535766482,False
base_01,SVR,2026-01-13 11:59:59.999000+00:00,-1258.9297520106047,10,24.202405557732543,0.007080892535766482,False
base_01,SVR,2026-01-14 11:59:59.999000+00:00,2821.744811793629,10,24.202405557732543,0.007080892535766482,False
base_01,SVR,2026-01-15 11:59:59.999000+00:00,995.4408688910771,10,24.202405557732543,0.007080892535766482,False
base_01,SVR,2026-01-16 11:59:59.999000+00:00,-1797.820411391498,10,24.202405557732543,0.007080892535766482,False
base_01,SVR,2026-01-17 11:59:59.999000+00:00,125.22685866976099,10,24.202405557732543,0.007080892535766482,False
base_01,SVR,2026-01-18 11:59:59.999000+00:00,-858.9981209638354,10,24.202405557732543,0.007080892535766482,False
base_01,SVR,2026-01-19 11:59:59.999000+00:00,-1467.3214923920023,10,24.202405557732543,0.007080892535766482,False
base_01,SVR,2026-01-20 11:59:59.999000+00:00,-2200.1661113437003,10,24.202405557732543,0.007080892535766482,False
base_01,SVR,2026-01-21 11:59:59.999000+00:00,-6460.776263267762,10,24.202405557732543,0.007080892535766482,False
base_01,SVR,2026-01-22 11:59:59.999000+00:00,385.1433171386161,10,24.202405557732543,0.007080892535766482,False
base_01,SVR,2026-01-23 11:59:59.999000+00:00,-987.3642315189791,10,24.202405557732543,0.007080892535766482,False
base_01,SVR,2026-01-24 11:59:59.999000+00:00,-608.1249452513439,10,24.202405557732543,0.007080892535766482,False
base_01,SVR,2026-01-25 11:59:59.999000+00:00,-986.5820518324908,10,24.202405557732543,0.007080892535766482,False
base_01,SVR,2026-01-26 11:59:59.999000+00:00,-2013.3071672996302,10,24.202405557732543,0.007080892535766482,False
base_01,SVR,2026-01-27 11:59:59.999000+00:00,1024.4435990211932,10,24.202405557732543,0.007080892535766482,False
base_01,SVR,2026-01-28 11:59:59.999000+00:00,-624.8322349106602,10,24.202405557732543,0.007080892535766482,False
base_01,SVR,2026-01-29 11:59:59.999000+00:00,-1510.458697308146,10,24.202405557732543,0.007080892535766482,False
base_01,SVR,2026-01-30 11:59:59.999000+00:00,-5507.936882010603,10,24.202405557732543,0.007080892535766482,False
base_01,SVR,2026-01-31 11:59:59.999000+00:00,-200.75079123520118,10,24.202405557732543,0.007080892535766482,False
base_01,SVR,2026-02-01 11:59:59.999000+00:00,-6082.667735664902,10,24.202405557732543,0.007080892535766482,False
base_01,SVR,2026-02-02 11:59:59.999000+00:00,-1731.7687541773048,10,24.202405557732543,0.007080892535766482,False
base_01,SVR,2026-02-03 11:59:59.999000+00:00,-1160.3582804096804,10,24.202405557732543,0.007080892535766482,False
base_01,SVR,2026-02-04 11:59:59.999000+00:00,-4854.306874529342,10,24.202405557732543,0.007080892535766482,False
base_01,SVR,2026-02-05 11:59:59.999000+00:00,-4462.831370979533,10,24.202405557732543,0.007080892535766482,False
base_01,SVR,2026-02-06 11:59:59.999000+00:00,-10887.262028895813,10,24.202405557732543,0.007080892535766482,False
base_01,SVR,2026-02-07 11:59:59.999000+00:00,5739.926310015857,10,24.202405557732543,0.007080892535766482,False
base_01,SVR,2026-02-08 11:59:59.999000+00:00,8698.335076236384,10,24.202405557732543,0.007080892535766482,False
base_01,SVR,2026-02-09 11:59:59.999000+00:00,-1394.769074490192,10,24.202405557732543,0.007080892535766482,False
base_01,SVR,2026-02-10 11:59:59.999000+00:00,-3436.7636256239493,10,24.202405557732543,0.007080892535766482,False
base_01,SVR,2026-02-11 11:59:59.999000+00:00,-2534.929455929814,10,24.202405557732543,0.007080892535766482,False
base_01,SVR,2026-02-12 11:59:59.999000+00:00,-3774.2258595356834,10,24.202405557732543,0.007080892535766482,False
base_01,SVR,2026-02-13 11:59:59.999000+00:00,-1673.789838682147,10,24.202405557732543,0.007080892535766482,False
base_01,SVR,2026-02-14 11:59:59.999000+00:00,173.9934658355487,10,24.202405557732543,0.007080892535766482,False
base_01,SVR,2026-02-15 11:59:59.999000+00:00,1507.9217206477333,10,24.202405557732543,0.007080892535766482,False
base_01,SVR,2026-02-16 11:59:59.999000+00:00,-217.97825275256764,10,24.202405557732543,0.007080892535766482,False
base_01,SVR,2026-02-17 11:59:59.999000+00:00,665.8283171973453,10,24.202405557732543,0.007080892535766482,False
base_01,SVR,2026-02-18 11:59:59.999000+00:00,-529.8495667152893,10,24.202405557732543,0.007080892535766482,False
base_01,SVR,2026-02-19 11:59:59.999000+00:00,-1988.3883190531924,10,24.202405557732543,0.007080892535766482,False
base_01,SVR,2026-02-20 11:59:59.999000+00:00,-1349.8606950169633,10,24.202405557732543,0.007080892535766482,False
base_01,SVR,2026-02-21 11:59:59.999000+00:00,-433.83468358607206,10,24.202405557732543,0.007080892535766482,False
base_01,SVR,2026-02-22 11:59:59.999000+00:00,-402.50532675928844,10,24.202405557732543,0.007080892535766482,False
base_01,SVR,2026-02-23 11:59:59.999000+00:00,1757.6122854146233,10,24.202405557732543,0.007080892535766482,False
base_01,SVR,2026-02-24 11:59:59.999000+00:00,-1970.8396403505176,10,24.202405557732543,0.007080892535766482,False
base_01,SVR,2026-02-25 11:59:59.999000+00:00,-1469.410626744495,10,24.202405557732543,0.007080892535766482,False
base_01,SVR,2026-02-26 11:59:59.999000+00:00,3648.11323888709,10,24.202405557732543,0.007080892535766482,False
base_01,SVR,2026-02-27 11:59:59.999000+00:00,549.44881069244,10,24.202405557732543,0.007080892535766482,False
base_01,SVR,2026-02-28 11:59:59.999000+00:00,-1125.167135912663,10,24.202405557732543,0.007080892535766482,False
base_01,SVR,2026-03-01 11:59:59.999000+00:00,2282.4653750413563,10,24.202405557732543,0.007080892535766482,False
base_01,SVR,2026-03-02 11:59:59.999000+00:00,-32.100361922886805,10,24.202405557732543,0.007080892535766482,False
base_01,SVR,2026-03-03 11:59:59.999000+00:00,4392.213008475912,10,24.202405557732543,0.007080892535766482,False
base_01,SVR,2026-03-04 11:59:59.999000+00:00,-913.241033478771,10,24.202405557732543,0.007080892535766482,False
base_01,SVR,2026-03-05 11:59:59.999000+00:00,4276.818771795719,10,24.202405557732543,0.007080892535766482,False
base_01,SVR,2026-03-06 11:59:59.999000+00:00,-1201.440003738826,10,24.202405557732543,0.007080892535766482,False
base_01,SVR,2026-03-07 11:59:59.999000+00:00,-1609.3303727307502,10,24.202405557732543,0.007080892535766482,False
base_01,SVR,2026-03-08 11:59:59.999000+00:00,262.3355884012708,10,24.202405557732543,0.007080892535766482,False
base_01,SVR,2026-03-09 11:59:59.999000+00:00,-944.5453471928777,10,24.202405557732543,0.007080892535766482,False
base_01,SVR,2026-03-10 11:59:59.999000+00:00,1504.3060697687615,10,24.202405557732543,0.007080892535766482,False
base_01,SVR,2026-03-11 11:59:59.999000+00:00,340.58258049453434,10,24.202405557732543,0.007080892535766482,False
base_01,SVR,2026-03-12 11:59:59.999000+00:00,-622.9088311956584,10,24.202405557732543,0.007080892535766482,False
base_01,SVR,2026-03-13 11:59:59.999000+00:00,833.1327012032125,10,24.202405557732543,0.007080892535766482,False
base_01,SVR,2026-03-14 11:59:59.999000+00:00,735.3907345674816,10,24.202405557732543,0.007080892535766482,False
base_01,SVR,2026-03-15 11:59:59.999000+00:00,112.05928402741847,10,24.202405557732543,0.007080892535766482,False
base_01,SVR,2026-03-16 11:59:59.999000+00:00,2032.3015100296616,10,24.202405557732543,0.007080892535766482,False
base_01,SVR,2026-03-17 11:59:59.999000+00:00,478.4676451936248,10,24.202405557732543,0.007080892535766482,False
base_01,SVR,2026-03-18 11:59:59.999000+00:00,-2112.421945377733,10,24.202405557732543,0.007080892535766482,False
base_01,SVR,2026-03-19 11:59:59.999000+00:00,-2775.079339367381,10,24.202405557732543,0.007080892535766482,False
base_01,SVR,2026-03-20 11:59:59.999000+00:00,-1388.2117641819495,10,24.202405557732543,0.007080892535766482,False
base_01,SVR,2026-03-21 11:59:59.999000+00:00,527.1095928136201,10,24.202405557732543,0.007080892535766482,False
base_01,SVR,2026-03-22 11:59:59.999000+00:00,-2436.5503675292857,10,24.202405557732543,0.007080892535766482,False
base_01,SVR,2026-03-23 11:59:59.999000+00:00,-79.320519470406,10,24.202405557732543,0.007080892535766482,False
base_01,SVR,2026-03-24 11:59:59.999000+00:00,2909.344611655135,10,24.202405557732543,0.007080892535766482,False
base_01,SVR,2026-03-25 11:59:59.999000+00:00,-359.7140295254503,10,24.202405557732543,0.007080892535766482,False
base_01,SVR,2026-03-26 11:59:59.999000+00:00,845.3966962981503,10,24.202405557732543,0.007080892535766482,False
base_01,SVR,2026-03-27 11:59:59.999000+00:00,-3203.9505813644937,10,24.202405557732543,0.007080892535766482,False
base_01,SVR,2026-03-28 11:59:59.999000+00:00,-1838.7005529698654,10,24.202405557732543,0.007080892535766482,False
base_01,SVR,2026-03-29 11:59:59.999000+00:00,1149.7925727433612,10,24.202405557732543,0.007080892535766482,False
base_01,SVR,2026-03-30 11:59:59.999000+00:00,-433.2604232222657,10,24.202405557732543,0.007080892535766482,False
base_01,SVR,2026-03-31 11:59:59.999000+00:00,-85.00509139860515,10,24.202405557732543,0.007080892535766482,False
base_01,SVR,2026-04-01 11:59:59.999000+00:00,1275.3595872443693,10,24.202405557732543,0.007080892535766482,False
base_01,SVR,2026-04-02 11:59:59.999000+00:00,-565.4082157621742,10,24.202405557732543,0.007080892535766482,False
base_01,SVR,2026-04-03 11:59:59.999000+00:00,-952.5703706384811,10,24.202405557732543,0.007080892535766482,False
base_01,SVR,2026-04-04 11:59:59.999000+00:00,723.7931178685103,10,24.202405557732543,0.007080892535766482,False
base_01,SVR,2026-04-05 11:59:59.999000+00:00,268.9785306799604,10,24.202405557732543,0.007080892535766482,False
base_01,SVR,2026-04-06 11:59:59.999000+00:00,1194.0516683512396,10,24.202405557732543,0.007080892535766482,False
base_01,SVR,2026-04-07 11:59:59.999000+00:00,-1694.3348626852385,10,24.202405557732543,0.007080892535766482,False
base_01,SVR,2026-04-08 11:59:59.999000+00:00,2193.688301673552,10,24.202405557732543,0.007080892535766482,False
base_01,SVR,2026-04-09 11:59:59.999000+00:00,-954.9922897540528,10,24.202405557732543,0.007080892535766482,False
base_01,SVR,2026-04-10 11:59:59.999000+00:00,759.0422788087453,10,24.202405557732543,0.007080892535766482,False
base_01,SVR,2026-04-11 11:59:59.999000+00:00,780.4583838535182,10,24.202405557732543,0.007080892535766482,False
base_01,SVR,2026-04-12 11:59:59.999000+00:00,-696.1100381863944,10,24.202405557732543,0.007080892535766482,False
base_01,SVR,2026-04-13 11:59:59.999000+00:00,-2257.236890589498,10,24.202405557732543,0.007080892535766482,False
base_01,SVR,2026-04-14 11:59:59.999000+00:00,3806.9522415825195,10,24.202405557732543,0.007080892535766482,False
base_01,SVR,2026-04-15 11:59:59.999000+00:00,-1526.0916757052037,10,24.202405557732543,0.007080892535766482,False
base_01,SVR,2026-04-16 11:59:59.999000+00:00,653.4879399902857,10,24.202405557732543,0.007080892535766482,False
base_01,SVR,2026-04-17 11:59:59.999000+00:00,109.42018156808626,10,24.202405557732543,0.007080892535766482,False
base_01,SVR,2026-04-18 11:59:59.999000+00:00,1811.3468055266712,10,24.202405557732543,0.007080892535766482,False
base_01,SVR,2026-04-19 11:59:59.999000+00:00,-1876.3350783378992,10,24.202405557732543,0.007080892535766482,False
base_01,SVR,2026-04-20 11:59:59.999000+00:00,-668.903628775719,10,24.202405557732543,0.007080892535766482,False
base_01,SVR,2026-04-21 11:59:59.999000+00:00,839.9942112811113,10,24.202405557732543,0.007080892535766482,False
base_01,SVR,2026-04-22 11:59:59.999000+00:00,-586.2021596954874,10,24.202405557732543,0.007080892535766482,False
base_01,SVR,2026-04-23 11:59:59.999000+00:00,1111.545618664837,10,24.202405557732543,0.007080892535766482,False
base_01,SVR,2026-04-24 11:59:59.999000+00:00,-789.9031780366058,10,24.202405557732543,0.007080892535766482,False
base_01,SVR,2026-04-25 11:59:59.999000+00:00,-1165.8277387530397,10,24.202405557732543,0.007080892535766482,False
base_01,SVR,2026-04-26 11:59:59.999000+00:00,540.5742976299371,10,24.202405557732543,0.007080892535766482,False
base_01,SVR,2026-04-27 11:59:59.999000+00:00,1386.0409391585272,10,24.202405557732543,0.007080892535766482,False
base_01,SVR,2026-04-28 11:59:59.999000+00:00,-2415.4184513959335,10,24.202405557732543,0.007080892535766482,False
base_01,SVR,2026-04-29 11:59:59.999000+00:00,-2229.7411342032574,10,24.202405557732543,0.007080892535766482,False
base_01,SVR,2026-04-30 11:59:59.999000+00:00,-2141.515389182823,10,24.202405557732543,0.007080892535766482,False
base_01,SVR,2026-05-01 11:59:59.999000+00:00,-778.6308754332422,10,24.202405557732543,0.007080892535766482,False
base_01,SVR,2026-05-02 11:59:59.999000+00:00,1058.2142733721557,10,24.202405557732543,0.007080892535766482,False
base_01,SVR,2026-05-03 11:59:59.999000+00:00,-757.2958271719253,10,24.202405557732543,0.007080892535766482,False
base_01,SVR,2026-05-04 11:59:59.999000+00:00,227.86429647014302,10,24.202405557732543,0.007080892535766482,False
base_01,SVR,2026-05-05 11:59:59.999000+00:00,943.4922486237192,10,24.202405557732543,0.007080892535766482,False
base_01,SVR,2026-05-06 11:59:59.999000+00:00,34.4827422088274,10,24.202405557732543,0.007080892535766482,False
base_01,SVR,2026-05-07 11:59:59.999000+00:00,-213.7981426024926,10,24.202405557732543,0.007080892535766482,False
base_01,SVR,2026-05-08 11:59:59.999000+00:00,-2327.3589542725094,10,24.202405557732543,0.007080892535766482,False
base_01,SVR,2026-05-09 11:59:59.999000+00:00,-64.69995575073699,10,24.202405557732543,0.007080892535766482,False
base_01,SVR,2026-05-10 11:59:59.999000+00:00,-95.13903092719556,10,24.202405557732543,0.007080892535766482,False
base_01,SVR,2026-05-11 11:59:59.999000+00:00,1334.3379318102234,10,24.202405557732543,0.007080892535766482,False
base_01,SVR,2026-05-12 11:59:59.999000+00:00,-2076.3702678311383,10,24.202405557732543,0.007080892535766482,False
base_01,SVR,2026-05-13 11:59:59.999000+00:00,-2229.401090210813,10,24.202405557732543,0.007080892535766482,False
base_01,SVR,2026-05-14 11:59:59.999000+00:00,-2137.3076362614374,10,24.202405557732543,0.007080892535766482,False
base_01,SVR,2026-05-15 11:59:59.999000+00:00,1092.4623705460544,10,24.202405557732543,0.007080892535766482,False
base_01,SVR,2026-05-16 11:59:59.999000+00:00,-3301.918869355999,10,24.202405557732543,0.007080892535766482,False
base_01,SVR,2026-05-17 11:59:59.999000+00:00,-539.2300900263217,10,24.202405557732543,0.007080892535766482,False
base_01,SVR,2026-05-18 11:59:59.999000+00:00,-912.0859243897139,10,24.202405557732543,0.007080892535766482,False
base_01,SVR,2026-05-19 11:59:59.999000+00:00,-749.9862509013765,10,24.202405557732543,0.007080892535766482,False
base_01,SVR,2026-05-20 11:59:59.999000+00:00,-776.3970498800481,10,24.202405557732543,0.007080892535766482,False
base_01,SVR,2026-05-21 11:59:59.999000+00:00,54.74218881454726,10,24.202405557732543,0.007080892535766482,False
base_01,SVR,2026-05-22 11:59:59.999000+00:00,-885.2583097833995,10,24.202405557732543,0.007080892535766482,False
base_01,SVR,2026-05-23 11:59:59.999000+00:00,-1551.5929752099764,10,24.202405557732543,0.007080892535766482,False
base_01,SVR,2026-05-24 11:59:59.999000+00:00,2234.6307858777873,10,24.202405557732543,0.007080892535766482,False
base_01,SVR,2026-05-25 11:59:59.999000+00:00,-732.2378482821077,10,24.202405557732543,0.007080892535766482,False
base_01,SVR,2026-05-26 11:59:59.999000+00:00,-484.1010461890255,10,24.202405557732543,0.007080892535766482,False
base_01,SVR,2026-05-27 11:59:59.999000+00:00,-2417.1578080340987,10,24.202405557732543,0.007080892535766482,False
base_01,SVR,2026-05-28 11:59:59.999000+00:00,-2547.326286778043,10,24.202405557732543,0.007080892535766482,False
base_01,SVR,2026-05-29 11:59:59.999000+00:00,-1330.565116571146,10,24.202405557732543,0.007080892535766482,False
base_01,SVR,2026-05-30 11:59:59.999000+00:00,-249.12235131890338,10,24.202405557732543,0.007080892535766482,False
base_01,SVR,2026-05-31 11:59:59.999000+00:00,1.0313128340931144,10,24.202405557732543,0.007080892535766482,False
base_01,SVR,2026-06-01 11:59:59.999000+00:00,-212.57365770242177,10,24.202405557732543,0.007080892535766482,False
base_01,SVR,2026-06-02 11:59:59.999000+00:00,-2438.6186457674194,10,24.202405557732543,0.007080892535766482,False
base_01,SVR,2026-06-03 11:59:59.999000+00:00,-5003.483368392146,10,24.202405557732543,0.007080892535766482,False
base_01,SVR,2026-06-04 11:59:59.999000+00:00,-3781.074968063709,10,24.202405557732543,0.007080892535766482,False
base_01,SVR,2026-06-05 11:59:59.999000+00:00,-1205.469537973593,10,24.202405557732543,0.007080892535766482,False
base_01,SVR,2026-06-06 11:59:59.999000+00:00,-3738.749832628644,10,24.202405557732543,0.007080892535766482,False
base_01,SVR,2026-06-07 11:59:59.999000+00:00,-1250.183125806907,10,24.202405557732543,0.007080892535766482,False
base_01,SVR,2026-06-08 11:59:59.999000+00:00,864.7934620508895,10,24.202405557732543,0.007080892535766482,False
base_01,SVR,2026-06-09 11:59:59.999000+00:00,671.6026389038743,10,24.202405557732543,0.007080892535766482,False
base_01,SVR,2026-06-10 11:59:59.999000+00:00,-334.4675380798799,10,24.202405557732543,0.007080892535766482,False
base_01,SVR,2026-06-11 11:59:59.999000+00:00,-570.8156054074207,10,24.202405557732543,0.007080892535766482,False
base_01,SVR,2026-06-12 11:59:59.999000+00:00,1522.4955152759794,10,24.202405557732543,0.007080892535766482,False
base_01,SVR,2026-06-13 11:59:59.999000+00:00,-73.94346115738153,10,24.202405557732543,0.007080892535766482,False
base_01,SVR,2026-06-14 11:59:59.999000+00:00,877.1700634321678,10,24.202405557732543,0.007080892535766482,False
base_01,SVR,2026-06-15 11:59:59.999000+00:00,1532.2215446862247,10,24.202405557732543,0.007080892535766482,False
base_01,SVR,2026-06-16 11:59:59.999000+00:00,1291.3890646590226,10,24.202405557732543,0.007080892535766482,False
base_01,SVR,2026-06-17 11:59:59.999000+00:00,313.86123545083683,10,24.202405557732543,0.007080892535766482,False
base_01,SVR,2026-06-18 11:59:59.999000+00:00,-1094.1477371614383,10,24.202405557732543,0.007080892535766482,False
base_01,SVR,2026-06-19 11:59:59.999000+00:00,-2933.6899940657604,10,24.202405557732543,0.007080892535766482,False
base_01,SVR,2026-06-20 11:59:59.999000+00:00,-244.2626481723346,10,24.202405557732543,0.007080892535766482,False
base_01,SVR,2026-06-21 11:59:59.999000+00:00,115.25222744201164,10,24.202405557732543,0.007080892535766482,False
base_01,SVR,2026-06-22 11:59:59.999000+00:00,-850.4588054229607,10,24.202405557732543,0.007080892535766482,False
base_01,SVR,2026-06-23 11:59:59.999000+00:00,1430.3575785372013,10,24.202405557732543,0.007080892535766482,False
base_01,SVR,2026-06-24 11:59:59.999000+00:00,-1383.0752127777087,10,24.202405557732543,0.007080892535766482,False
base_01,SVR,2026-06-25 11:59:59.999000+00:00,-2547.6040179696865,10,24.202405557732543,0.007080892535766482,False
base_01,SVR,2026-06-26 11:59:59.999000+00:00,-1929.8131174440932,10,24.202405557732543,0.007080892535766482,False
base_01,SVR,2026-06-27 11:59:59.999000+00:00,353.0460538196203,10,24.202405557732543,0.007080892535766482,False
base_01,SVR,2026-06-28 11:59:59.999000+00:00,75.5638920391284,10,24.202405557732543,0.007080892535766482,False
base_01,SVR,2026-06-29 11:59:59.999000+00:00,891.7482647260767,10,24.202405557732543,0.007080892535766482,False
base_01,SVR,2026-06-30 11:59:59.999000+00:00,1004.3894684790284,10,24.202405557732543,0.007080892535766482,False
base_01,SVR,2026-07-01 11:59:59.999000+00:00,-1478.514475268341,10,24.202405557732543,0.007080892535766482,False
base_01,SVR,2026-07-02 11:59:59.999000+00:00,1553.0166718471592,10,24.202405557732543,0.007080892535766482,False
base_01,SVR,2026-07-03 11:59:59.999000+00:00,1425.9331972482905,10,24.202405557732543,0.007080892535766482,False
base_01,SVR,2026-07-04 11:59:59.999000+00:00,890.9489800666997,10,24.202405557732543,0.007080892535766482,False
base_01,SVR,2026-07-05 11:59:59.999000+00:00,700.367215600585,10,24.202405557732543,0.007080892535766482,False
base_01,SVR,2026-07-06 11:59:59.999000+00:00,375.72723685352685,10,24.202405557732543,0.007080892535766482,False
base_01,SVR,2026-07-07 11:59:59.999000+00:00,-48.929531964313355,10,24.202405557732543,0.007080892535766482,False
base_01,SVR,2026-07-08 11:59:59.999000+00:00,-1106.0631113314885,10,24.202405557732543,0.007080892535766482,False
base_01,SVR,2026-07-09 11:59:59.999000+00:00,-1245.7342003032318,10,24.202405557732543,0.007080892535766482,False
base_01,SVR,2026-07-10 11:59:59.999000+00:00,781.1318854350102,10,24.202405557732543,0.007080892535766482,False
base_01,SVR,2026-07-11 11:59:59.999000+00:00,447.7504541624221,10,24.202405557732543,0.007080892535766482,False
base_01,SVR,2026-07-12 11:59:59.999000+00:00,-671.1636482601243,10,24.202405557732543,0.007080892535766482,False
base_01,SVR,2026-07-13 11:59:59.999000+00:00,449.93883333595295,10,24.202405557732543,0.007080892535766482,False
base_01,SVR,2026-07-14 11:59:59.999000+00:00,-2297.272550308109,10,24.202405557732543,0.007080892535766482,False
base_01,SVR,2026-07-15 11:59:59.999000+00:00,2543.872036696419,10,24.202405557732543,0.007080892535766482,False
base_01,SVR,2026-07-16 11:59:59.999000+00:00,-843.6525338623687,10,24.202405557732543,0.007080892535766482,False
base_01,SVR,2026-07-17 11:59:59.999000+00:00,-1202.0753092122104,10,24.202405557732543,0.007080892535766482,False
base_01,SVR,2026-07-18 11:59:59.999000+00:00,-0.5099503623132478,10,24.202405557732543,0.007080892535766482,False
base_01,SVR,2026-07-19 11:59:59.999000+00:00,742.5920414278444,10,24.202405557732543,0.007080892535766482,False
base_01,SVR,2026-07-20 11:59:59.999000+00:00,-201.09930922273634,10,24.202405557732543,0.007080892535766482,False
base_01,SVR,2026-07-21 11:59:59.999000+00:00,304.3566460468137,10,24.202405557732543,0.007080892535766482,False
base_01,SVR,2026-07-22 11:59:59.999000+00:00,-124.04280046260101,10,24.202405557732543,0.007080892535766482,False
base_01,SVR,2026-07-23 11:59:59.999000+00:00,-908.7756152389484,10,24.202405557732543,0.007080892535766482,False
base_01,SVR,2026-07-24 11:59:59.999000+00:00,-1179.266007429782,10,24.202405557732543,0.007080892535766482,False
base_01,SVR,2026-07-25 11:59:59.999000+00:00,-887.7656384786751,10,24.202405557732543,0.007080892535766482,False
base_01,SVR,2026-07-26 11:59:59.999000+00:00,209.50439600564277,10,24.202405557732543,0.007080892535766482,False
base_01,SVR,2026-07-27 11:59:59.999000+00:00,922.3696774132186,10,24.202405557732543,0.007080892535766482,False
base_01,SVR,2026-07-28 11:59:59.999000+00:00,-2667.5353583247997,10,24.202405557732543,0.007080892535766482,False
base_01,SVR,2026-07-29 11:59:59.999000+00:00,161.34062749989243,10,24.202405557732543,0.007080892535766482,False
base_01,SVR,2026-07-30 11:59:59.999000+00:00,-485.44265696527873,10,24.202405557732543,0.007080892535766482,False
base_01,SVR,2026-07-31 11:59:59.999000+00:00,424.4869602775361,10,24.202405557732543,0.007080892535766482,False
base_01,SVR,2026-08-01 11:59:59.999000+00:00,-2298.5525855706583,10,24.202405557732543,0.007080892535766482,False
base_01,SVR,2026-08-02 11:59:59.999000+00:00,1021.6298011439721,10,24.202405557732543,0.007080892535766482,False
base_01,SVR,2026-08-03 11:59:59.999000+00:00,839.382938185161,10,24.202405557732543,0.007080892535766482,False
base_01,SVR,2026-08-04 11:59:59.999000+00:00,-903.9778617966658,10,24.202405557732543,0.007080892535766482,False
base_01,SVR,2026-08-05 11:59:59.999000+00:00,-106.64269670714566,10,24.202405557732543,0.007080892535766482,False
base_01,SVR,2026-08-06 11:59:59.999000+00:00,-46.846502911066636,10,24.202405557732543,0.007080892535766482,False
base_01,SVR,2026-08-07 11:59:59.999000+00:00,-739.2025671399388,10,24.202405557732543,0.007080892535766482,False
base_01,SVR,2026-08-08 11:59:59.999000+00:00,1015.1077992865321,10,24.202405557732543,0.007080892535766482,False
base_01,SVR,2026-08-09 11:59:59.999000+00:00,-692.0089264751223,10,24.202405557732543,0.007080892535766482,False
base_01,SVR,2026-08-10 11:59:59.999000+00:00,-96.82058421323018,10,24.202405557732543,0.007080892535766482,False
base_01,SVR,2026-08-11 11:59:59.999000+00:00,-1696.4133054811755,10,24.202405557732543,0.007080892535766482,False
base_01,SVR,2026-08-12 11:59:59.999000+00:00,-1000.432798859867,10,24.202405557732543,0.007080892535766482,False
base_01,SVR,2026-08-13 11:59:59.999000+00:00,-685.5582646582552,10,24.202405557732543,0.007080892535766482,False
base_01,SVR,2026-08-14 11:59:59.999000+00:00,-216.23877706533676,10,24.202405557732543,0.007080892535766482,False
base_01,SVR,2026-08-15 11:59:59.999000+00:00,-462.4256293481885,10,24.202405557732543,0.007080892535766482,False
base_01,SVR,2026-08-16 11:59:59.999000+00:00,189.94381067808717,10,24.202405557732543,0.007080892535766482,False
base_01,SVR,2026-08-17 11:59:59.999000+00:00,-33.816666042868746,10,24.202405557732543,0.007080892535766482,False
base_01,SVR,2026-08-18 11:59:59.999000+00:00,1334.1227686560378,10,24.202405557732543,0.007080892535766482,False
base_01,SVR,2026-08-19 11:59:59.999000+00:00,-1217.3449000578112,10,24.202405557732543,0.007080892535766482,False
base_01,SVR,2026-08-20 11:59:59.999000+00:00,4409.266677172258,10,24.202405557732543,0.007080892535766482,False
base_01,SVR,2026-08-21 11:59:59.999000+00:00,4110.166114986903,10,24.202405557732543,0.007080892535766482,False
base_01,SVR,2026-08-22 11:59:59.999000+00:00,3650.6974371235556,10,24.202405557732543,0.007080892535766482,False
base_01,SVR,2026-08-23 11:59:59.999000+00:00,-4458.962581790256,10,24.202405557732543,0.007080892535766482,False
base_01,SVR,2026-08-24 11:59:59.999000+00:00,-621.9154834600486,10,24.202405557732543,0.007080892535766482,False
base_01,SVR,2026-08-25 11:59:59.999000+00:00,-2612.1181020307995,10,24.202405557732543,0.007080892535766482,False
base_01,SVR,2026-08-26 11:59:59.999000+00:00,-4001.4671460779355,10,24.202405557732543,0.007080892535766482,False
base_01,SVR,2026-08-27 11:59:59.999000+00:00,-532.4032580475614,10,24.202405557732543,0.007080892535766482,False
base_01,SVR,2026-08-28 11:59:59.999000+00:00,810.0400356860482,10,24.202405557732543,0.007080892535766482,False
base_01,SVR,2026-08-29 11:59:59.999000+00:00,-1869.9652407181275,10,24.202405557732543,0.007080892535766482,False
base_01,SVR,2026-08-30 11:59:59.999000+00:00,1626.7534767512116,10,24.202405557732543,0.007080892535766482,False
base_01,SVR,2026-08-31 11:59:59.999000+00:00,-645.0854354799812,10,24.202405557732543,0.007080892535766482,False
base_01,SVR,2026-09-01 11:59:59.999000+00:00,-397.28603314877546,10,24.202405557732543,0.007080892535766482,False
base_01,SVR,2026-09-02 11:59:59.999000+00:00,-2176.420968694234,10,24.202405557732543,0.007080892535766482,False
base_01,SVR,2026-09-03 11:59:59.999000+00:00,-1692.4434620273096,10,24.202405557732543,0.007080892535766482,False
base_01,SVR,2026-09-04 11:59:59.999000+00:00,2228.1918734811043,10,24.202405557732543,0.007080892535766482,False
base_01,SVR,2026-09-05 11:59:59.999000+00:00,-790.0455097489612,10,24.202405557732543,0.007080892535766482,False
base_01,SVR,2026-09-06 11:59:59.999000+00:00,766.7699281635141,10,24.202405557732543,0.007080892535766482,False
base_01,SVR,2026-09-07 11:59:59.999000+00:00,2159.0426446845668,10,24.202405557732543,0.007080892535766482,False
base_01,SVR,2026-09-08 11:59:59.999000+00:00,126.42996545157803,10,24.202405557732543,0.007080892535766482,False
base_01,SVR,2026-09-09 11:59:59.999000+00:00,61.52159598002618,10,24.202405557732543,0.007080892535766482,False
base_01,SVR,2026-09-10 11:59:59.999000+00:00,-1202.497463077787,10,24.202405557732543,0.007080892535766482,False
base_01,SVR,2026-09-11 11:59:59.999000+00:00,-3626.1621199052315,10,24.202405557732543,0.007080892535766482,False
base_01,SVR,2026-09-12 11:59:59.999000+00:00,-168.91595163445163,10,24.202405557732543,0.007080892535766482,False
