base,modelo,data_origem,data_prevista,horizonte,valor_real,valor_previsto,residuo
base_01,SARIMAX,2025-09-12 11:59:59.999000+00:00,2025-09-13 11:59:59.999000+00:00,1,116101.58089647563,114987.66590377521,1113.9149927004182
base_01,SARIMAX,2025-09-13 11:59:59.999000+00:00,2025-09-14 11:59:59.999000+00:00,1,115950.50504922486,115651.90533898331,298.5997102415422
base_01,SARIMAX,2025-09-14 11:59:59.999000+00:00,2025-09-15 11:59:59.999000+00:00,1,115407.65444742888,115738.4572105652,-330.802763136322
base_01,SARIMAX,2025-09-15 11:59:59.999000+00:00,2025-09-16 11:59:59.999000+00:00,1,115444.87270833744,115673.39198075233,-228.51927241489466
base_01,SARIMAX,2025-09-16 11:59:59.999000+00:00,2025-09-17 11:59:59.999000+00:00,1,116843.1842506891,115555.23416978875,1287.9500809003512
base_01,SARIMAX,2025-09-17 11:59:59.999000+00:00,2025-09-18 11:59:59.999000+00:00,1,116468.50738952006,117043.78897979933,-575.2815902792645
base_01,SARIMAX,2025-09-18 11:59:59.999000+00:00,2025-09-19 11:59:59.999000+00:00,1,117137.20246008378,116253.13729545548,884.0651646282931
base_01,SARIMAX,2025-09-19 11:59:59.999000+00:00,2025-09-20 11:59:59.999000+00:00,1,115688.86281801121,117156.6145124727,-1467.7516944614908
base_01,SARIMAX,2025-09-20 11:59:59.999000+00:00,2025-09-21 11:59:59.999000+00:00,1,115721.95820758065,115801.3495563131,-79.3913487324462
base_01,SARIMAX,2025-09-21 11:59:59.999000+00:00,2025-09-22 11:59:59.999000+00:00,1,115306.09716128901,115921.0193977301,-614.9222364410816
base_01,SARIMAX,2025-09-22 11:59:59.999000+00:00,2025-09-23 11:59:59.999000+00:00,1,112748.50562324561,115645.57204405146,-2897.0664208058442
base_01,SARIMAX,2025-09-23 11:59:59.999000+00:00,2025-09-24 11:59:59.999000+00:00,1,112014.49967651635,113266.31570562332,-1251.8160291069653
base_01,SARIMAX,2025-09-24 11:59:59.999000+00:00,2025-09-25 11:59:59.999000+00:00,1,113328.63040885661,113036.24431376113,292.38609509548405
base_01,SARIMAX,2025-09-25 11:59:59.999000+00:00,2025-09-26 11:59:59.999000+00:00,1,109049.28795700167,113299.70167705903,-4250.4137200573605
base_01,SARIMAX,2025-09-26 11:59:59.999000+00:00,2025-09-27 11:59:59.999000+00:00,1,109712.83151827399,109606.37005300178,106.46146527220844
base_01,SARIMAX,2025-09-27 11:59:59.999000+00:00,2025-09-28 11:59:59.999000+00:00,1,109681.9424831994,110399.6370289841,-717.6945457847032
base_01,SARIMAX,2025-09-28 11:59:59.999000+00:00,2025-09-29 11:59:59.999000+00:00,1,112122.63915061475,109765.69959913388,2356.939551480871
base_01,SARIMAX,2025-09-29 11:59:59.999000+00:00,2025-09-30 11:59:59.999000+00:00,1,114400.3864282159,111817.05314581843,2583.333282397478
base_01,SARIMAX,2025-09-30 11:59:59.999000+00:00,2025-10-01 11:59:59.999000+00:00,1,114056.08364749927,113696.76208675977,359.3215607394959
base_01,SARIMAX,2025-10-01 11:59:59.999000+00:00,2025-10-02 11:59:59.999000+00:00,1,118648.92858787146,114080.16608882482,4568.762499046643
base_01,SARIMAX,2025-10-02 11:59:59.999000+00:00,2025-10-03 11:59:59.999000+00:00,1,120681.25972334214,117597.6966130908,3083.5631102513435
base_01,SARIMAX,2025-10-03 11:59:59.999000+00:00,2025-10-04 11:59:59.999000+00:00,1,122266.53272819234,119694.76092307716,2571.771805115175
base_01,SARIMAX,2025-10-04 11:59:59.999000+00:00,2025-10-05 11:59:59.999000+00:00,1,122425.42872954253,121350.0010919929,1075.4276375496265
base_01,SARIMAX,2025-10-05 11:59:59.999000+00:00,2025-10-06 11:59:59.999000+00:00,1,123513.47371396709,122038.28402607348,1475.1896878936095
base_01,SARIMAX,2025-10-06 11:59:59.999000+00:00,2025-10-07 11:59:59.999000+00:00,1,124752.52835209735,123324.48203668551,1428.0463154118333
base_01,SARIMAX,2025-10-07 11:59:59.999000+00:00,2025-10-08 11:59:59.999000+00:00,1,121451.37907032672,124387.09202082506,-2935.712950498346
base_01,SARIMAX,2025-10-08 11:59:59.999000+00:00,2025-10-09 11:59:59.999000+00:00,1,123354.87033539126,122198.95477925564,1155.9155561356165
base_01,SARIMAX,2025-10-09 11:59:59.999000+00:00,2025-10-10 11:59:59.999000+00:00,1,121705.5822667133,123471.02522168521,-1765.4429549719061
base_01,SARIMAX,2025-10-10 11:59:59.999000+00:00,2025-10-11 11:59:59.999000+00:00,1,113214.36599312934,121923.73389286263,-8709.36789973329
base_01,SARIMAX,2025-10-11 11:59:59.999000+00:00,2025-10-12 11:59:59.999000+00:00,1,110807.87931986216,114205.97164060299,-3398.092320740834
base_01,SARIMAX,2025-10-12 11:59:59.999000+00:00,2025-10-13 11:59:59.999000+00:00,1,115169.76392469808,113111.77109593092,2057.9928287671646
base_01,SARIMAX,2025-10-13 11:59:59.999000+00:00,2025-10-14 11:59:59.999000+00:00,1,115271.07513679353,115486.33699760644,-215.26186081291235
base_01,SARIMAX,2025-10-14 11:59:59.999000+00:00,2025-10-15 11:59:59.999000+00:00,1,113118.66715980553,115001.20824790731,-1882.5410881017888
base_01,SARIMAX,2025-10-15 11:59:59.999000+00:00,2025-10-16 11:59:59.999000+00:00,1,110783.16685486272,113736.24750415771,-2953.0806492949923
base_01,SARIMAX,2025-10-16 11:59:59.999000+00:00,2025-10-17 11:59:59.999000+00:00,1,108186.03847532927,111485.34910243472,-3299.310627105442
base_01,SARIMAX,2025-10-17 11:59:59.999000+00:00,2025-10-18 11:59:59.999000+00:00,1,106467.78522769098,109097.04705631918,-2629.261828628194
base_01,SARIMAX,2025-10-18 11:59:59.999000+00:00,2025-10-19 11:59:59.999000+00:00,1,107198.26685138312,107215.44742527656,-17.180573893449036
base_01,SARIMAX,2025-10-19 11:59:59.999000+00:00,2025-10-20 11:59:59.999000+00:00,1,108666.71152632662,107732.32768973017,934.3838365964475
base_01,SARIMAX,2025-10-20 11:59:59.999000+00:00,2025-10-21 11:59:59.999000+00:00,1,110588.93015945522,108597.94576419973,1990.9843952554947
base_01,SARIMAX,2025-10-21 11:59:59.999000+00:00,2025-10-22 11:59:59.999000+00:00,1,108476.88697879825,110003.84749820226,-1526.960519404005
base_01,SARIMAX,2025-10-22 11:59:59.999000+00:00,2025-10-23 11:59:59.999000+00:00,1,107688.58812261626,108767.77811601906,-1079.1899934028042
base_01,SARIMAX,2025-10-23 11:59:59.999000+00:00,2025-10-24 11:59:59.999000+00:00,1,110069.72291805925,108123.05756376716,1946.6653542920976
base_01,SARIMAX,2025-10-24 11:59:59.999000+00:00,2025-10-25 11:59:59.999000+00:00,1,111033.92308097401,109859.30123155046,1174.6218494235509
base_01,SARIMAX,2025-10-25 11:59:59.999000+00:00,2025-10-26 11:59:59.999000+00:00,1,111641.73000798358,110579.65196615788,1062.0780418257054
base_01,SARIMAX,2025-10-26 11:59:59.999000+00:00,2025-10-27 11:59:59.999000+00:00,1,114472.443362309,111333.43928794155,3139.004074367447
base_01,SARIMAX,2025-10-27 11:59:59.999000+00:00,2025-10-28 11:59:59.999000+00:00,1,114119.32479048047,113945.09318164314,174.23160883733362
base_01,SARIMAX,2025-10-28 11:59:59.999000+00:00,2025-10-29 11:59:59.999000+00:00,1,112956.1663764569,113713.02762924402,-756.8612527871301
base_01,SARIMAX,2025-10-29 11:59:59.999000+00:00,2025-10-30 11:59:59.999000+00:00,1,110055.30286229074,113454.93818489624,-3399.6353226054925
base_01,SARIMAX,2025-10-30 11:59:59.999000+00:00,2025-10-31 11:59:59.999000+00:00,1,108305.54876178248,110576.24896059526,-2270.700198812774
base_01,SARIMAX,2025-10-31 11:59:59.999000+00:00,2025-11-01 11:59:59.999000+00:00,1,109556.16087014778,109078.46661362867,477.69425651911297
base_01,SARIMAX,2025-11-01 11:59:59.999000+00:00,2025-11-02 11:59:59.999000+00:00,1,110064.0174011764,109894.21243696906,169.80496420734562
base_01,SARIMAX,2025-11-02 11:59:59.999000+00:00,2025-11-03 11:59:59.999000+00:00,1,110639.62631101506,110029.99422033614,609.6320906789188
base_01,SARIMAX,2025-11-03 11:59:59.999000+00:00,2025-11-04 11:59:59.999000+00:00,1,106547.51960408686,110684.52805542394,-4137.008451337082
base_01,SARIMAX,2025-11-04 11:59:59.999000+00:00,2025-11-05 11:59:59.999000+00:00,1,101590.52231689313,106913.13691332095,-5322.614596427826
base_01,SARIMAX,2025-11-05 11:59:59.999000+00:00,2025-11-06 11:59:59.999000+00:00,1,103891.83548171549,103229.1146421488,662.7208395666967
base_01,SARIMAX,2025-11-06 11:59:59.999000+00:00,2025-11-07 11:59:59.999000+00:00,1,101301.29047559638,104555.02767567779,-3253.7372000814066
base_01,SARIMAX,2025-11-07 11:59:59.999000+00:00,2025-11-08 11:59:59.999000+00:00,1,103372.40671821768,101740.88896432039,1631.517753897293
base_01,SARIMAX,2025-11-08 11:59:59.999000+00:00,2025-11-09 11:59:59.999000+00:00,1,102282.11404970971,103460.1967182389,-1178.0826685291977
base_01,SARIMAX,2025-11-09 11:59:59.999000+00:00,2025-11-10 11:59:59.999000+00:00,1,104719.63889591319,102389.47309308896,2330.1658028242236
base_01,SARIMAX,2025-11-10 11:59:59.999000+00:00,2025-11-11 11:59:59.999000+00:00,1,105996.59709213123,104579.43885956347,1417.1582325677591
base_01,SARIMAX,2025-11-11 11:59:59.999000+00:00,2025-11-12 11:59:59.999000+00:00,1,102997.47104313906,105426.50761222394,-2429.036569084885
base_01,SARIMAX,2025-11-12 11:59:59.999000+00:00,2025-11-13 11:59:59.999000+00:00,1,101663.18673793318,103435.54108463634,-1772.354346703156
base_01,SARIMAX,2025-11-13 11:59:59.999000+00:00,2025-11-14 11:59:59.999000+00:00,1,99697.49064364484,102139.10510200191,-2441.6144583570713
base_01,SARIMAX,2025-11-14 11:59:59.999000+00:00,2025-11-15 11:59:59.999000+00:00,1,94397.78783274571,100314.56644962424,-5916.778616878524
base_01,SARIMAX,2025-11-15 11:59:59.999000+00:00,2025-11-16 11:59:59.999000+00:00,1,95549.14593724243,95584.24188643799,-35.095949195558205
base_01,SARIMAX,2025-11-16 11:59:59.999000+00:00,2025-11-17 11:59:59.999000+00:00,1,94177.07448088586,96714.56272532085,-2537.4882444349932
base_01,SARIMAX,2025-11-17 11:59:59.999000+00:00,2025-11-18 11:59:59.999000+00:00,1,92093.87420869817,94679.93963987593,-2586.0654311777616
base_01,SARIMAX,2025-11-18 11:59:59.999000+00:00,2025-11-19 11:59:59.999000+00:00,1,92948.87239203356,92513.17824868775,435.69414334581234
base_01,SARIMAX,2025-11-19 11:59:59.999000+00:00,2025-11-20 11:59:59.999000+00:00,1,91465.9890743479,93704.10258838805,-2238.1135140401457
base_01,SARIMAX,2025-11-20 11:59:59.999000+00:00,2025-11-21 11:59:59.999000+00:00,1,86631.89856890481,91471.12002456054,-4839.22145565573
base_01,SARIMAX,2025-11-21 11:59:59.999000+00:00,2025-11-22 11:59:59.999000+00:00,1,85090.68611401643,87371.72544926553,-2281.0393352491083
base_01,SARIMAX,2025-11-22 11:59:59.999000+00:00,2025-11-23 11:59:59.999000+00:00,1,84648.35672859022,86209.73651835573,-1561.3797897655022
base_01,SARIMAX,2025-11-23 11:59:59.999000+00:00,2025-11-24 11:59:59.999000+00:00,1,86805.00807555199,85613.75313098067,1191.254944571323
base_01,SARIMAX,2025-11-24 11:59:59.999000+00:00,2025-11-25 11:59:59.999000+00:00,1,88270.56197381225,86977.61253697469,1292.94943683756
base_01,SARIMAX,2025-11-25 11:59:59.999000+00:00,2025-11-26 11:59:59.999000+00:00,1,87341.8937506326,87628.09459958278,-286.200848950175
base_01,SARIMAX,2025-11-26 11:59:59.999000+00:00,2025-11-27 11:59:59.999000+00:00,1,90518.36958272244,87562.11603259867,2956.2535501237726
base_01,SARIMAX,2025-11-27 11:59:59.999000+00:00,2025-11-28 11:59:59.999000+00:00,1,91285.3723441706,89856.78346110819,1428.5888830624026
base_01,SARIMAX,2025-11-28 11:59:59.999000+00:00,2025-11-29 11:59:59.999000+00:00,1,90919.26943415534,90662.6316887402,256.63774541513703
base_01,SARIMAX,2025-11-29 11:59:59.999000+00:00,2025-11-30 11:59:59.999000+00:00,1,90851.75406527554,90594.18366614866,257.57039912688197
base_01,SARIMAX,2025-11-30 11:59:59.999000+00:00,2025-12-01 11:59:59.999000+00:00,1,90394.30894781704,90997.93344250992,-603.6244946928782
base_01,SARIMAX,2025-12-01 11:59:59.999000+00:00,2025-12-02 11:59:59.999000+00:00,1,86321.56994630139,90636.26046478638,-4314.690518484989
base_01,SARIMAX,2025-12-02 11:59:59.999000+00:00,2025-12-03 11:59:59.999000+00:00,1,91350.20542595383,86578.86141156153,4771.344014392293
base_01,SARIMAX,2025-12-03 11:59:59.999000+00:00,2025-12-04 11:59:59.999000+00:00,1,93527.80380024506,91850.73579181105,1677.0680084340129
base_01,SARIMAX,2025-12-04 11:59:59.999000+00:00,2025-12-05 11:59:59.999000+00:00,1,92141.62228747756,92458.72682741357,-317.1045399360155
base_01,SARIMAX,2025-12-05 11:59:59.999000+00:00,2025-12-06 11:59:59.999000+00:00,1,89387.75440990008,91704.18031178664,-2316.425901886556
base_01,SARIMAX,2025-12-06 11:59:59.999000+00:00,2025-12-07 11:59:59.999000+00:00,1,89272.37384596534,89727.296941107,-454.9230951416539
base_01,SARIMAX,2025-12-07 11:59:59.999000+00:00,2025-12-08 11:59:59.999000+00:00,1,90405.63851087491,90057.93177240338,347.70673847153375
base_01,SARIMAX,2025-12-08 11:59:59.999000+00:00,2025-12-09 11:59:59.999000+00:00,1,90640.20558110253,90455.76097481066,184.44460629187233
base_01,SARIMAX,2025-12-09 11:59:59.999000+00:00,2025-12-10 11:59:59.999000+00:00,1,92691.70747023897,90477.87759373269,2213.829876506279
base_01,SARIMAX,2025-12-10 11:59:59.999000+00:00,2025-12-11 11:59:59.999000+00:00,1,92020.94573500573,92630.36194845606,-609.4162134503276
base_01,SARIMAX,2025-12-11 11:59:59.999000+00:00,2025-12-12 11:59:59.999000+00:00,1,92511.33916341135,91587.13951020267,924.1996532086778
base_01,SARIMAX,2025-12-12 11:59:59.999000+00:00,2025-12-13 11:59:59.999000+00:00,1,90270.41280218972,92313.95962178652,-2043.5468195967987
base_01,SARIMAX,2025-12-13 11:59:59.999000+00:00,2025-12-14 11:59:59.999000+00:00,1,90298.71011722588,90498.15568176094,-199.44556453505356
base_01,SARIMAX,2025-12-14 11:59:59.999000+00:00,2025-12-15 11:59:59.999000+00:00,1,88175.17740990703,90903.26035838755,-2728.0829484805145
base_01,SARIMAX,2025-12-15 11:59:59.999000+00:00,2025-12-16 11:59:59.999000+00:00,1,86419.78052359246,88610.35371526379,-2190.5731916713266
base_01,SARIMAX,2025-12-16 11:59:59.999000+00:00,2025-12-17 11:59:59.999000+00:00,1,87843.98630649646,86944.12032352189,899.8659829745739
base_01,SARIMAX,2025-12-17 11:59:59.999000+00:00,2025-12-18 11:59:59.999000+00:00,1,86143.75766353737,88649.50497234188,-2505.747308804508
base_01,SARIMAX,2025-12-18 11:59:59.999000+00:00,2025-12-19 11:59:59.999000+00:00,1,85462.50638053521,85912.66984927215,-450.1634687369369
base_01,SARIMAX,2025-12-19 11:59:59.999000+00:00,2025-12-20 11:59:59.999000+00:00,1,88103.3806268365,85705.40552788536,2397.9750989511376
base_01,SARIMAX,2025-12-20 11:59:59.999000+00:00,2025-12-21 11:59:59.999000+00:00,1,88343.9985724906,87970.28868685826,373.7098856323428
base_01,SARIMAX,2025-12-21 11:59:59.999000+00:00,2025-12-22 11:59:59.999000+00:00,1,88621.75041510115,88110.42344120928,511.32697389187524
base_01,SARIMAX,2025-12-22 11:59:59.999000+00:00,2025-12-23 11:59:59.999000+00:00,1,88490.01920050828,88561.12597980905,-71.10677930076781
base_01,SARIMAX,2025-12-23 11:59:59.999000+00:00,2025-12-24 11:59:59.999000+00:00,1,87414.00058157048,88365.25115579074,-951.2505742202629
base_01,SARIMAX,2025-12-24 11:59:59.999000+00:00,2025-12-25 11:59:59.999000+00:00,1,87611.96148879152,87953.8144312721,-341.8529424805747
base_01,SARIMAX,2025-12-25 11:59:59.999000+00:00,2025-12-26 11:59:59.999000+00:00,1,87234.73832648946,87616.44206430364,-381.7037378141831
base_01,SARIMAX,2025-12-26 11:59:59.999000+00:00,2025-12-27 11:59:59.999000+00:00,1,87301.43224029081,87252.19943392515,49.23280636566051
base_01,SARIMAX,2025-12-27 11:59:59.999000+00:00,2025-12-28 11:59:59.999000+00:00,1,87802.15521238666,87277.02421349862,525.1309988880384
base_01,SARIMAX,2025-12-28 11:59:59.999000+00:00,2025-12-29 11:59:59.999000+00:00,1,87835.83351148131,87854.92591172837,-19.092400247056503
base_01,SARIMAX,2025-12-29 11:59:59.999000+00:00,2025-12-30 11:59:59.999000+00:00,1,87138.14323922966,87902.05087251644,-763.9076332867844
base_01,SARIMAX,2025-12-30 11:59:59.999000+00:00,2025-12-31 11:59:59.999000+00:00,1,88430.13611966866,87051.31806780437,1378.8180518642912
base_01,SARIMAX,2025-12-31 11:59:59.999000+00:00,2026-01-01 11:59:59.999000+00:00,1,87508.82507954576,88775.40428568191,-1266.5792061361572
base_01,SARIMAX,2026-01-01 11:59:59.999000+00:00,2026-01-02 11:59:59.999000+00:00,1,88731.98665684077,87256.43622165784,1475.5504351829295
base_01,SARIMAX,2026-01-02 11:59:59.999000+00:00,2026-01-03 11:59:59.999000+00:00,1,89944.69385915893,88649.72306247479,1294.970796684138
base_01,SARIMAX,2026-01-03 11:59:59.999000+00:00,2026-01-04 11:59:59.999000+00:00,1,90603.18914080271,89518.78604323711,1084.403097565606
base_01,SARIMAX,2026-01-04 11:59:59.999000+00:00,2026-01-05 11:59:59.999000+00:00,1,91413.4925215554,90282.00561512602,1131.4869064293744
base_01,SARIMAX,2026-01-05 11:59:59.999000+00:00,2026-01-06 11:59:59.999000+00:00,1,93882.55303163701,91237.8659213839,2644.687110253115
base_01,SARIMAX,2026-01-06 11:59:59.999000+00:00,2026-01-07 11:59:59.999000+00:00,1,93729.0297195824,93234.56436970379,494.4653498786065
base_01,SARIMAX,2026-01-07 11:59:59.999000+00:00,2026-01-08 11:59:59.999000+00:00,1,91308.05471910894,93578.39257866688,-2270.3378595579416
base_01,SARIMAX,2026-01-08 11:59:59.999000+00:00,2026-01-09 11:59:59.999000+00:00,1,91027.12672681987,91319.9924599282,-292.8657331083232
base_01,SARIMAX,2026-01-09 11:59:59.999000+00:00,2026-01-10 11:59:59.999000+00:00,1,90513.09815121775,91480.47138889032,-967.3732376725675
base_01,SARIMAX,2026-01-10 11:59:59.999000+00:00,2026-01-11 11:59:59.999000+00:00,1,90386.65112414268,90740.38860655643,-353.7374824137514
base_01,SARIMAX,2026-01-11 11:59:59.999000+00:00,2026-01-12 11:59:59.999000+00:00,1,90827.45983339567,90691.4928645217,135.96696887396683
base_01,SARIMAX,2026-01-12 11:59:59.999000+00:00,2026-01-13 11:59:59.999000+00:00,1,91192.98949135575,90991.55195472676,201.43753662898962
base_01,SARIMAX,2026-01-13 11:59:59.999000+00:00,2026-01-14 11:59:59.999000+00:00,1,95321.77950504515,91039.96704756605,4281.8124574791
base_01,SARIMAX,2026-01-14 11:59:59.999000+00:00,2026-01-15 11:59:59.999000+00:00,1,96929.33087830324,94829.15622695295,2100.1746513502876
base_01,SARIMAX,2026-01-15 11:59:59.999000+00:00,2026-01-16 11:59:59.999000+00:00,1,95551.18985531712,95749.65041063493,-198.46055531781167
base_01,SARIMAX,2026-01-16 11:59:59.999000+00:00,2026-01-17 11:59:59.999000+00:00,1,95525.11884117454,95240.95631552234,284.16252565219474
base_01,SARIMAX,2026-01-17 11:59:59.999000+00:00,2026-01-18 11:59:59.999000+00:00,1,95099.92254408402,95640.36118090866,-540.4386368246342
base_01,SARIMAX,2026-01-18 11:59:59.999000+00:00,2026-01-19 11:59:59.999000+00:00,1,93634.43195160896,95307.36372761542,-1672.9317760064587
base_01,SARIMAX,2026-01-19 11:59:59.999000+00:00,2026-01-20 11:59:59.999000+00:00,1,92553.59713664629,94023.16548247986,-1469.5683458335698
base_01,SARIMAX,2026-01-20 11:59:59.999000+00:00,2026-01-21 11:59:59.999000+00:00,1,88310.90389549712,93097.6359914556,-4786.732095958476
base_01,SARIMAX,2026-01-21 11:59:59.999000+00:00,2026-01-22 11:59:59.999000+00:00,1,89376.95832950319,89352.1025011083,24.85582839489507
base_01,SARIMAX,2026-01-22 11:59:59.999000+00:00,2026-01-23 11:59:59.999000+00:00,1,89462.44931314791,89962.55160977329,-500.1022966253804
base_01,SARIMAX,2026-01-23 11:59:59.999000+00:00,2026-01-24 11:59:59.999000+00:00,1,89503.8785126393,89522.98462481139,-19.106112172084977
base_01,SARIMAX,2026-01-24 11:59:59.999000+00:00,2026-01-25 11:59:59.999000+00:00,1,89110.73765766309,89449.07675762608,-338.3390999629919
base_01,SARIMAX,2026-01-25 11:59:59.999000+00:00,2026-01-26 11:59:59.999000+00:00,1,86572.21534027335,89272.66512175088,-2700.449781477524
base_01,SARIMAX,2026-01-26 11:59:59.999000+00:00,2026-01-27 11:59:59.999000+00:00,1,88267.13675796885,87012.86706687807,1254.2696910907835
base_01,SARIMAX,2026-01-27 11:59:59.999000+00:00,2026-01-28 11:59:59.999000+00:00,1,89102.56849659163,88587.07016380384,515.4983327877853
base_01,SARIMAX,2026-01-28 11:59:59.999000+00:00,2026-01-29 11:59:59.999000+00:00,1,89184.57044363786,89200.81542781848,-16.24498418062285
base_01,SARIMAX,2026-01-29 11:59:59.999000+00:00,2026-01-30 11:59:59.999000+00:00,1,84561.58485914288,88799.40770875946,-4237.822849616583
base_01,SARIMAX,2026-01-30 11:59:59.999000+00:00,2026-01-31 11:59:59.999000+00:00,1,84128.65876171994,84776.42014241761,-647.7613806976733
base_01,SARIMAX,2026-01-31 11:59:59.999000+00:00,2026-02-01 11:59:59.999000+00:00,1,78621.11402755417,85082.03443165806,-6460.92040410389
base_01,SARIMAX,2026-02-01 11:59:59.999000+00:00,2026-02-02 11:59:59.999000+00:00,1,76974.4429081583,79299.73958622552,-2325.2966780672286
base_01,SARIMAX,2026-02-02 11:59:59.999000+00:00,2026-02-03 11:59:59.999000+00:00,1,78688.76433803354,78705.95230428582,-17.18796625228424
base_01,SARIMAX,2026-02-03 11:59:59.999000+00:00,2026-02-04 11:59:59.999000+00:00,1,75633.54991975304,79214.79456127367,-3581.2446415206214
base_01,SARIMAX,2026-02-04 11:59:59.999000+00:00,2026-02-05 11:59:59.999000+00:00,1,73019.6998019014,76079.40724055901,-3059.7074386576132
base_01,SARIMAX,2026-02-05 11:59:59.999000+00:00,2026-02-06 11:59:59.999000+00:00,1,62702.09771246917,73676.89303549951,-10974.79532303034
base_01,SARIMAX,2026-02-06 11:59:59.999000+00:00,2026-02-07 11:59:59.999000+00:00,1,70555.387263718,63838.60099042471,6716.786273293292
base_01,SARIMAX,2026-02-07 11:59:59.999000+00:00,2026-02-08 11:59:59.999000+00:00,1,69281.97234466192,72169.61348325651,-2887.6411385945976
base_01,SARIMAX,2026-02-08 11:59:59.999000+00:00,2026-02-09 11:59:59.999000+00:00,1,70264.72471946538,68768.88816208753,1495.8365573778428
base_01,SARIMAX,2026-02-09 11:59:59.999000+00:00,2026-02-10 11:59:59.999000+00:00,1,70120.78098938552,70487.92707576034,-367.1460863748216
base_01,SARIMAX,2026-02-10 11:59:59.999000+00:00,2026-02-11 11:59:59.999000+00:00,1,68793.95990441568,70001.47718677695,-1207.5172823612666
base_01,SARIMAX,2026-02-11 11:59:59.999000+00:00,2026-02-12 11:59:59.999000+00:00,1,66991.97090672859,69304.86539969323,-2312.8944929646386
base_01,SARIMAX,2026-02-12 11:59:59.999000+00:00,2026-02-13 11:59:59.999000+00:00,1,66221.84484185326,67012.3542112996,-790.5093694463285
base_01,SARIMAX,2026-02-13 11:59:59.999000+00:00,2026-02-14 11:59:59.999000+00:00,1,68857.84251386527,66776.4136299973,2081.428883867964
base_01,SARIMAX,2026-02-14 11:59:59.999000+00:00,2026-02-15 11:59:59.999000+00:00,1,69767.62342592316,68794.48016415302,973.1432617701357
base_01,SARIMAX,2026-02-15 11:59:59.999000+00:00,2026-02-16 11:59:59.999000+00:00,1,68788.1898191779,69317.27495626,-529.0851370820892
base_01,SARIMAX,2026-02-16 11:59:59.999000+00:00,2026-02-17 11:59:59.999000+00:00,1,68843.15353357999,68605.22802603201,237.92550754797412
base_01,SARIMAX,2026-02-17 11:59:59.999000+00:00,2026-02-18 11:59:59.999000+00:00,1,67494.21525060102,68917.44024157146,-1423.2249909704406
base_01,SARIMAX,2026-02-18 11:59:59.999000+00:00,2026-02-19 11:59:59.999000+00:00,1,66425.32363552848,67988.17721131448,-1562.8535757860082
base_01,SARIMAX,2026-02-19 11:59:59.999000+00:00,2026-02-20 11:59:59.999000+00:00,1,66957.52386140164,66446.1057430551,511.4181183465407
base_01,SARIMAX,2026-02-20 11:59:59.999000+00:00,2026-02-21 11:59:59.999000+00:00,1,68005.42064179093,67364.76193804972,640.65870374121
base_01,SARIMAX,2026-02-21 11:59:59.999000+00:00,2026-02-22 11:59:59.999000+00:00,1,68003.7645025963,67784.92042936532,218.84407323098276
base_01,SARIMAX,2026-02-22 11:59:59.999000+00:00,2026-02-23 11:59:59.999000+00:00,1,67659.39143030053,67775.41069700368,-116.01926670315152
base_01,SARIMAX,2026-02-23 11:59:59.999000+00:00,2026-02-24 11:59:59.999000+00:00,1,64616.73639746904,67786.85817165294,-3170.1217741839064
base_01,SARIMAX,2026-02-24 11:59:59.999000+00:00,2026-02-25 11:59:59.999000+00:00,1,64080.04180359821,64697.489982478975,-617.448178880768
base_01,SARIMAX,2026-02-25 11:59:59.999000+00:00,2026-02-26 11:59:59.999000+00:00,1,67960.12324189473,65162.21028862609,2797.912953268642
base_01,SARIMAX,2026-02-26 11:59:59.999000+00:00,2026-02-27 11:59:59.999000+00:00,1,67453.77004016005,67346.95554528016,106.8144948798872
base_01,SARIMAX,2026-02-27 11:59:59.999000+00:00,2026-02-28 11:59:59.999000+00:00,1,65881.79512540475,66953.62776443381,-1071.8326390290604
base_01,SARIMAX,2026-02-28 11:59:59.999000+00:00,2026-03-01 11:59:59.999000+00:00,1,66995.86132443201,65751.19696962222,1244.6643548097927
base_01,SARIMAX,2026-03-01 11:59:59.999000+00:00,2026-03-02 11:59:59.999000+00:00,1,65738.0982073395,67097.78183026242,-1359.683622922923
base_01,SARIMAX,2026-03-02 11:59:59.999000+00:00,2026-03-03 11:59:59.999000+00:00,1,68775.84773735623,65868.46385530698,2907.383882049253
base_01,SARIMAX,2026-03-03 11:59:59.999000+00:00,2026-03-04 11:59:59.999000+00:00,1,68293.64915366769,68628.16525249007,-334.5160988223797
base_01,SARIMAX,2026-03-04 11:59:59.999000+00:00,2026-03-05 11:59:59.999000+00:00,1,72710.58067790847,68164.86175355027,4545.718924358196
base_01,SARIMAX,2026-03-05 11:59:59.999000+00:00,2026-03-06 11:59:59.999000+00:00,1,70841.12807007451,71646.05333369774,-804.9252636232268
base_01,SARIMAX,2026-03-06 11:59:59.999000+00:00,2026-03-07 11:59:59.999000+00:00,1,68136.49227911503,70253.25426663553,-2116.761987520498
base_01,SARIMAX,2026-03-07 11:59:59.999000+00:00,2026-03-08 11:59:59.999000+00:00,1,67272.59729429509,68389.39655123846,-1116.79925694337
base_01,SARIMAX,2026-03-08 11:59:59.999000+00:00,2026-03-09 11:59:59.999000+00:00,1,65969.78080155294,68108.66909272899,-2138.8882911760447
base_01,SARIMAX,2026-03-09 11:59:59.999000+00:00,2026-03-10 11:59:59.999000+00:00,1,68402.3866936191,66564.39337332638,1837.9933202927205
base_01,SARIMAX,2026-03-10 11:59:59.999000+00:00,2026-03-11 11:59:59.999000+00:00,1,69926.91815698774,68466.22318931518,1460.6949676725635
base_01,SARIMAX,2026-03-11 11:59:59.999000+00:00,2026-03-12 11:59:59.999000+00:00,1,70204.88413617083,69744.00168862993,460.88244754090556
base_01,SARIMAX,2026-03-12 11:59:59.999000+00:00,2026-03-13 11:59:59.999000+00:00,1,70493.45858127218,69408.35423782423,1085.1043434479507
base_01,SARIMAX,2026-03-13 11:59:59.999000+00:00,2026-03-14 11:59:59.999000+00:00,1,70968.2676726541,70368.68871936091,599.5789532931813
base_01,SARIMAX,2026-03-14 11:59:59.999000+00:00,2026-03-15 11:59:59.999000+00:00,1,71214.62820852925,70556.24988474154,658.3783237877069
base_01,SARIMAX,2026-03-15 11:59:59.999000+00:00,2026-03-16 11:59:59.999000+00:00,1,72789.91726741185,71135.07548164553,1654.8417857663153
base_01,SARIMAX,2026-03-16 11:59:59.999000+00:00,2026-03-17 11:59:59.999000+00:00,1,74861.08367372249,72655.81459840178,2205.2690753207135
base_01,SARIMAX,2026-03-17 11:59:59.999000+00:00,2026-03-18 11:59:59.999000+00:00,1,73922.47401067735,74230.37309348048,-307.89908280312375
base_01,SARIMAX,2026-03-18 11:59:59.999000+00:00,2026-03-19 11:59:59.999000+00:00,1,71245.5785428252,73848.71456396513,-2603.1360211399297
base_01,SARIMAX,2026-03-19 11:59:59.999000+00:00,2026-03-20 11:59:59.999000+00:00,1,69912.78777685696,71052.60039338814,-1139.8126165311842
base_01,SARIMAX,2026-03-20 11:59:59.999000+00:00,2026-03-21 11:59:59.999000+00:00,1,70522.5839539436,70705.61141511166,-183.0274611680652
base_01,SARIMAX,2026-03-21 11:59:59.999000+00:00,2026-03-22 11:59:59.999000+00:00,1,68711.52717356126,70891.62783632969,-2180.1006627684255
base_01,SARIMAX,2026-03-22 11:59:59.999000+00:00,2026-03-23 11:59:59.999000+00:00,1,67845.21397986622,68815.6755196552,-970.461539788972
base_01,SARIMAX,2026-03-23 11:59:59.999000+00:00,2026-03-24 11:59:59.999000+00:00,1,70914.86299152786,68529.95061141896,2384.912380108901
base_01,SARIMAX,2026-03-24 11:59:59.999000+00:00,2026-03-25 11:59:59.999000+00:00,1,70517.85954822176,70761.23581833813,-243.37627011636505
base_01,SARIMAX,2026-03-25 11:59:59.999000+00:00,2026-03-26 11:59:59.999000+00:00,1,71309.88023249837,70416.50627045138,893.373962046986
base_01,SARIMAX,2026-03-26 11:59:59.999000+00:00,2026-03-27 11:59:59.999000+00:00,1,68791.62251021616,70868.1000390229,-2076.4775288067467
base_01,SARIMAX,2026-03-27 11:59:59.999000+00:00,2026-03-28 11:59:59.999000+00:00,1,66338.3712323883,68738.5386427921,-2400.16741040381
base_01,SARIMAX,2026-03-28 11:59:59.999000+00:00,2026-03-29 11:59:59.999000+00:00,1,66319.69745111128,66843.41395624977,-523.7165051384945
base_01,SARIMAX,2026-03-29 11:59:59.999000+00:00,2026-03-30 11:59:59.999000+00:00,1,65954.91925741613,67119.02583852451,-1164.1065811083827
base_01,SARIMAX,2026-03-30 11:59:59.999000+00:00,2026-03-31 11:59:59.999000+00:00,1,66691.4425240951,66385.86120423824,305.5813198568503
base_01,SARIMAX,2026-03-31 11:59:59.999000+00:00,2026-04-01 11:59:59.999000+00:00,1,68233.31556119065,66728.61576032681,1504.6998008638475
base_01,SARIMAX,2026-04-01 11:59:59.999000+00:00,2026-04-02 11:59:59.999000+00:00,1,68078.55315891042,68335.53082346734,-256.9776645569218
base_01,SARIMAX,2026-04-02 11:59:59.999000+00:00,2026-04-03 11:59:59.999000+00:00,1,66888.5721018824,67358.64327998913,-470.0711781067366
base_01,SARIMAX,2026-04-03 11:59:59.999000+00:00,2026-04-04 11:59:59.999000+00:00,1,66931.099247444,66816.4813403766,114.61790706739703
base_01,SARIMAX,2026-04-04 11:59:59.999000+00:00,2026-04-05 11:59:59.999000+00:00,1,67290.51814887005,67145.15569512553,145.3624537445139
base_01,SARIMAX,2026-04-05 11:59:59.999000+00:00,2026-04-06 11:59:59.999000+00:00,1,68981.90079218811,67330.8356214653,1651.0651707228099
base_01,SARIMAX,2026-04-06 11:59:59.999000+00:00,2026-04-07 11:59:59.999000+00:00,1,68859.82639500768,68867.32625572656,-7.499860718875425
base_01,SARIMAX,2026-04-07 11:59:59.999000+00:00,2026-04-08 11:59:59.999000+00:00,1,71940.7012947185,68464.75232769517,3475.9489670233306
base_01,SARIMAX,2026-04-08 11:59:59.999000+00:00,2026-04-09 11:59:59.999000+00:00,1,71123.3584710525,71710.36709903403,-587.0086279815296
base_01,SARIMAX,2026-04-09 11:59:59.999000+00:00,2026-04-10 11:59:59.999000+00:00,1,71767.82512780256,70238.8214416993,1529.0036861032568
base_01,SARIMAX,2026-04-10 11:59:59.999000+00:00,2026-04-11 11:59:59.999000+00:00,1,72979.05032706735,71666.95476040134,1312.0955666660157
base_01,SARIMAX,2026-04-11 11:59:59.999000+00:00,2026-04-12 11:59:59.999000+00:00,1,73054.2696888107,72617.79191313757,436.4777756731346
base_01,SARIMAX,2026-04-12 11:59:59.999000+00:00,2026-04-13 11:59:59.999000+00:00,1,70753.40833408691,72767.19035121749,-2013.7820171305793
base_01,SARIMAX,2026-04-13 11:59:59.999000+00:00,2026-04-14 11:59:59.999000+00:00,1,74484.63775041384,71006.73087201976,3477.9068783940747
base_01,SARIMAX,2026-04-14 11:59:59.999000+00:00,2026-04-15 11:59:59.999000+00:00,1,74181.61165100952,74470.41662365159,-288.80497264207224
base_01,SARIMAX,2026-04-15 11:59:59.999000+00:00,2026-04-16 11:59:59.999000+00:00,1,74805.07543648196,74016.23196559024,788.8434708917193
base_01,SARIMAX,2026-04-16 11:59:59.999000+00:00,2026-04-17 11:59:59.999000+00:00,1,75152.12937634182,74262.21056793402,889.918808407805
base_01,SARIMAX,2026-04-17 11:59:59.999000+00:00,2026-04-18 11:59:59.999000+00:00,1,77126.87855986014,74948.48396051457,2178.394599345571
base_01,SARIMAX,2026-04-18 11:59:59.999000+00:00,2026-04-19 11:59:59.999000+00:00,1,75726.20755616415,76537.40924135182,-811.2016851876688
base_01,SARIMAX,2026-04-19 11:59:59.999000+00:00,2026-04-20 11:59:59.999000+00:00,1,73856.35478817236,75444.36589584651,-1588.011107674145
base_01,SARIMAX,2026-04-20 11:59:59.999000+00:00,2026-04-21 11:59:59.999000+00:00,1,75872.52478412843,74461.52753192728,1410.9972522011522
base_01,SARIMAX,2026-04-21 11:59:59.999000+00:00,2026-04-22 11:59:59.999000+00:00,1,76352.77694271023,76093.12491228875,259.65203042147914
base_01,SARIMAX,2026-04-22 11:59:59.999000+00:00,2026-04-23 11:59:59.999000+00:00,1,78203.09985676418,76426.38300346349,1776.7168533006916
base_01,SARIMAX,2026-04-23 11:59:59.999000+00:00,2026-04-24 11:59:59.999000+00:00,1,78268.95410801632,77359.71492725381,909.2391807625099
base_01,SARIMAX,2026-04-24 11:59:59.999000+00:00,2026-04-25 11:59:59.999000+00:00,1,77455.31561794388,77933.6322176746,-478.3165997307224
base_01,SARIMAX,2026-04-25 11:59:59.999000+00:00,2026-04-26 11:59:59.999000+00:00,1,77612.01787472462,77308.48616959188,303.5317051327438
base_01,SARIMAX,2026-04-26 11:59:59.999000+00:00,2026-04-27 11:59:59.999000+00:00,1,78657.5394229309,77684.25839217931,973.2810307515902
base_01,SARIMAX,2026-04-27 11:59:59.999000+00:00,2026-04-28 11:59:59.999000+00:00,1,77366.62342550905,78771.48349020944,-1404.8600647003914
base_01,SARIMAX,2026-04-28 11:59:59.999000+00:00,2026-04-29 11:59:59.999000+00:00,1,76350.67385656755,77206.80841019297,-856.134553625423
base_01,SARIMAX,2026-04-29 11:59:59.999000+00:00,2026-04-30 11:59:59.999000+00:00,1,75776.13655438689,77108.69007347064,-1332.5535190837545
base_01,SARIMAX,2026-04-30 11:59:59.999000+00:00,2026-05-01 11:59:59.999000+00:00,1,76304.31879680282,75672.15390637155,632.1648904312751
base_01,SARIMAX,2026-05-01 11:59:59.999000+00:00,2026-05-02 11:59:59.999000+00:00,1,78179.00372062408,76553.78155644887,1625.2221641752112
base_01,SARIMAX,2026-05-02 11:59:59.999000+00:00,2026-05-03 11:59:59.999000+00:00,1,78657.24856610392,77716.58071486492,940.6678512390063
base_01,SARIMAX,2026-05-03 11:59:59.999000+00:00,2026-05-04 11:59:59.999000+00:00,1,78538.22338525036,78189.91661698702,348.3067682633409
base_01,SARIMAX,2026-05-04 11:59:59.999000+00:00,2026-05-05 11:59:59.999000+00:00,1,79827.90609480675,78605.34308179365,1222.563013013103
base_01,SARIMAX,2026-05-05 11:59:59.999000+00:00,2026-05-06 11:59:59.999000+00:00,1,80927.05164940716,79591.32548430955,1335.7261650976143
base_01,SARIMAX,2026-05-06 11:59:59.999000+00:00,2026-05-07 11:59:59.999000+00:00,1,81427.53296903499,80898.67404307288,528.8589259621076
base_01,SARIMAX,2026-05-07 11:59:59.999000+00:00,2026-05-08 11:59:59.999000+00:00,1,80009.99377551692,80700.74990039923,-690.756124882304
base_01,SARIMAX,2026-05-08 11:59:59.999000+00:00,2026-05-09 11:59:59.999000+00:00,1,80186.76228443993,80014.13548583236,172.62679860756907
base_01,SARIMAX,2026-05-09 11:59:59.999000+00:00,2026-05-10 11:59:59.999000+00:00,1,80664.36769147658,80319.35213705231,345.01555442427343
base_01,SARIMAX,2026-05-10 11:59:59.999000+00:00,2026-05-11 11:59:59.999000+00:00,1,82138.93139455045,80599.0505983417,1539.8807962087594
base_01,SARIMAX,2026-05-11 11:59:59.999000+00:00,2026-05-12 11:59:59.999000+00:00,1,81728.30033269321,82075.60575930624,-347.3054266130348
base_01,SARIMAX,2026-05-12 11:59:59.999000+00:00,2026-05-13 11:59:59.999000+00:00,1,80477.49603969125,81470.79817489236,-993.3021352011128
base_01,SARIMAX,2026-05-13 11:59:59.999000+00:00,2026-05-14 11:59:59.999000+00:00,1,79277.11435904496,81002.0949021412,-1724.9805430962297
base_01,SARIMAX,2026-05-14 11:59:59.999000+00:00,2026-05-15 11:59:59.999000+00:00,1,81051.25048674886,79244.18389234043,1807.0665944084321
base_01,SARIMAX,2026-05-15 11:59:59.999000+00:00,2026-05-16 11:59:59.999000+00:00,1,79065.6831951815,81153.57218821776,-2087.888993036264
base_01,SARIMAX,2026-05-16 11:59:59.999000+00:00,2026-05-17 11:59:59.999000+00:00,1,78131.43410962251,78872.38196929173,-740.9478596692206
base_01,SARIMAX,2026-05-17 11:59:59.999000+00:00,2026-05-18 11:59:59.999000+00:00,1,77429.35519853412,78606.99722959985,-1177.6420310657268
base_01,SARIMAX,2026-05-18 11:59:59.999000+00:00,2026-05-19 11:59:59.999000+00:00,1,76954.17551219983,78055.66689151761,-1101.4913793177839
base_01,SARIMAX,2026-05-19 11:59:59.999000+00:00,2026-05-20 11:59:59.999000+00:00,1,76750.90401037443,77274.54787411084,-523.6438637364045
base_01,SARIMAX,2026-05-20 11:59:59.999000+00:00,2026-05-21 11:59:59.999000+00:00,1,77457.7734947166,77322.74746874065,135.0260259759525
base_01,SARIMAX,2026-05-21 11:59:59.999000+00:00,2026-05-22 11:59:59.999000+00:00,1,77539.16918693176,77130.4508561517,408.71833078005875
base_01,SARIMAX,2026-05-22 11:59:59.999000+00:00,2026-05-23 11:59:59.999000+00:00,1,75488.24251898863,77418.18613003663,-1929.943611048002
base_01,SARIMAX,2026-05-23 11:59:59.999000+00:00,2026-05-24 11:59:59.999000+00:00,1,76673.36511200857,75437.26544183817,1236.099670170399
base_01,SARIMAX,2026-05-24 11:59:59.999000+00:00,2026-05-25 11:59:59.999000+00:00,1,76981.12726529702,76833.540874096,147.58639120102453
base_01,SARIMAX,2026-05-25 11:59:59.999000+00:00,2026-05-26 11:59:59.999000+00:00,1,77279.92611112288,77147.18595040044,132.74016072244558
base_01,SARIMAX,2026-05-26 11:59:59.999000+00:00,2026-05-27 11:59:59.999000+00:00,1,75825.7348078344,77213.17151266393,-1387.436704829539
base_01,SARIMAX,2026-05-27 11:59:59.999000+00:00,2026-05-28 11:59:59.999000+00:00,1,74344.70121337207,76201.12230479231,-1856.4210914202413
base_01,SARIMAX,2026-05-28 11:59:59.999000+00:00,2026-05-29 11:59:59.999000+00:00,1,73536.55825078522,74431.7112092156,-895.1529584303789
base_01,SARIMAX,2026-05-29 11:59:59.999000+00:00,2026-05-30 11:59:59.999000+00:00,1,73372.52701970768,74003.78483345675,-631.2578137490782
base_01,SARIMAX,2026-05-30 11:59:59.999000+00:00,2026-05-31 11:59:59.999000+00:00,1,73754.83868090664,73547.86143386111,206.97724704553548
base_01,SARIMAX,2026-05-31 11:59:59.999000+00:00,2026-06-01 11:59:59.999000+00:00,1,73579.68785248669,73833.7197207459,-254.0318682592042
base_01,SARIMAX,2026-06-01 11:59:59.999000+00:00,2026-06-02 11:59:59.999000+00:00,1,71319.77113041593,73822.08630985825,-2502.3151794423175
base_01,SARIMAX,2026-06-02 11:59:59.999000+00:00,2026-06-03 11:59:59.999000+00:00,1,66703.6600051648,71395.84806193526,-4692.188056770465
base_01,SARIMAX,2026-06-03 11:59:59.999000+00:00,2026-06-04 11:59:59.999000+00:00,1,64014.36706677971,67755.00903829097,-3740.641971511257
base_01,SARIMAX,2026-06-04 11:59:59.999000+00:00,2026-06-05 11:59:59.999000+00:00,1,63801.57423484784,65096.731634029355,-1295.1573991815167
base_01,SARIMAX,2026-06-05 11:59:59.999000+00:00,2026-06-06 11:59:59.999000+00:00,1,60922.666333508816,64786.88643281398,-3864.2200993051665
base_01,SARIMAX,2026-06-06 11:59:59.999000+00:00,2026-06-07 11:59:59.999000+00:00,1,60867.41430919016,61186.438993878786,-319.02468468862935
base_01,SARIMAX,2026-06-07 11:59:59.999000+00:00,2026-06-08 11:59:59.999000+00:00,1,63239.51960014498,61775.47250581984,1464.047094325142
base_01,SARIMAX,2026-06-08 11:59:59.999000+00:00,2026-06-09 11:59:59.999000+00:00,1,63090.59017041845,63494.11283022955,-403.5226598110967
base_01,SARIMAX,2026-06-09 11:59:59.999000+00:00,2026-06-10 11:59:59.999000+00:00,1,61643.78042523286,62663.07740000593,-1019.2969747730749
base_01,SARIMAX,2026-06-10 11:59:59.999000+00:00,2026-06-11 11:59:59.999000+00:00,1,61449.288433366004,61909.12895812834,-459.84052476233774
base_01,SARIMAX,2026-06-11 11:59:59.999000+00:00,2026-06-12 11:59:59.999000+00:00,1,63561.05340220524,61441.23262102569,2119.820781179551
base_01,SARIMAX,2026-06-12 11:59:59.999000+00:00,2026-06-13 11:59:59.999000+00:00,1,63543.19830571025,63494.41649100367,48.78181470657728
base_01,SARIMAX,2026-06-13 11:59:59.999000+00:00,2026-06-14 11:59:59.999000+00:00,1,64421.32531378413,63019.450426563264,1401.874887220867
base_01,SARIMAX,2026-06-14 11:59:59.999000+00:00,2026-06-15 11:59:59.999000+00:00,1,65710.39994119978,64222.03262231451,1488.36731888527
base_01,SARIMAX,2026-06-15 11:59:59.999000+00:00,2026-06-16 11:59:59.999000+00:00,1,66289.49709817079,65532.9039129766,756.5931851941859
base_01,SARIMAX,2026-06-16 11:59:59.999000+00:00,2026-06-17 11:59:59.999000+00:00,1,65600.64307031105,65807.2683527083,-206.62528239724634
base_01,SARIMAX,2026-06-17 11:59:59.999000+00:00,2026-06-18 11:59:59.999000+00:00,1,64418.4461112965,65739.06661986724,-1320.6205085707406
base_01,SARIMAX,2026-06-18 11:59:59.999000+00:00,2026-06-19 11:59:59.999000+00:00,1,62896.473140210524,64193.38211384452,-1296.9089736339956
base_01,SARIMAX,2026-06-19 11:59:59.999000+00:00,2026-06-20 11:59:59.999000+00:00,1,63540.83551190768,63221.520572703485,319.314939204196
base_01,SARIMAX,2026-06-20 11:59:59.999000+00:00,2026-06-21 11:59:59.999000+00:00,1,64239.67608125665,63919.48162575003,320.19445550662203
base_01,SARIMAX,2026-06-21 11:59:59.999000+00:00,2026-06-22 11:59:59.999000+00:00,1,63237.53800397451,64180.71431444497,-943.176310470466
base_01,SARIMAX,2026-06-22 11:59:59.999000+00:00,2026-06-23 11:59:59.999000+00:00,1,63952.10718838148,63362.42554694565,589.6816414358327
base_01,SARIMAX,2026-06-23 11:59:59.999000+00:00,2026-06-24 11:59:59.999000+00:00,1,62668.02127182165,63933.169190121575,-1265.1479182999246
base_01,SARIMAX,2026-06-24 11:59:59.999000+00:00,2026-06-25 11:59:59.999000+00:00,1,60995.1331465521,62910.221978488684,-1915.088831936584
base_01,SARIMAX,2026-06-25 11:59:59.999000+00:00,2026-06-26 11:59:59.999000+00:00,1,59721.67718353604,60844.05984273335,-1122.382659197312
base_01,SARIMAX,2026-06-26 11:59:59.999000+00:00,2026-06-27 11:59:59.999000+00:00,1,60016.42812551923,60183.80991316151,-167.38178764227632
base_01,SARIMAX,2026-06-27 11:59:59.999000+00:00,2026-06-28 11:59:59.999000+00:00,1,59940.095723129656,60462.11704981754,-522.0213266878854
base_01,SARIMAX,2026-06-28 11:59:59.999000+00:00,2026-06-29 11:59:59.999000+00:00,1,59532.34134872448,60102.63971731068,-570.2983685861982
base_01,SARIMAX,2026-06-29 11:59:59.999000+00:00,2026-06-30 11:59:59.999000+00:00,1,60138.377281171444,59836.69758660095,301.67969457049185
base_01,SARIMAX,2026-06-30 11:59:59.999000+00:00,2026-07-01 11:59:59.999000+00:00,1,58558.85849470885,60116.65373816371,-1557.795243454857
base_01,SARIMAX,2026-07-01 11:59:59.999000+00:00,2026-07-02 11:59:59.999000+00:00,1,60003.75670005626,58770.978109962365,1232.778590093898
base_01,SARIMAX,2026-07-02 11:59:59.999000+00:00,2026-07-03 11:59:59.999000+00:00,1,61485.2991940841,59758.69241689953,1726.60677718457
base_01,SARIMAX,2026-07-03 11:59:59.999000+00:00,2026-07-04 11:59:59.999000+00:00,1,62544.200871125904,61134.35971403868,1409.8411570872267
base_01,SARIMAX,2026-07-04 11:59:59.999000+00:00,2026-07-05 11:59:59.999000+00:00,1,63088.306166519855,62010.6138018157,1077.692364704155
base_01,SARIMAX,2026-07-05 11:59:59.999000+00:00,2026-07-06 11:59:59.999000+00:00,1,63547.88421082061,62712.60757128011,835.2766395404979
base_01,SARIMAX,2026-07-06 11:59:59.999000+00:00,2026-07-07 11:59:59.999000+00:00,1,63995.01590457115,63498.94317527304,496.07272929811006
base_01,SARIMAX,2026-07-07 11:59:59.999000+00:00,2026-07-08 11:59:59.999000+00:00,1,63297.396315570295,63531.448199256854,-234.05188368655945
base_01,SARIMAX,2026-07-08 11:59:59.999000+00:00,2026-07-09 11:59:59.999000+00:00,1,62257.57570481748,63569.03821198544,-1311.462507167962
base_01,SARIMAX,2026-07-09 11:59:59.999000+00:00,2026-07-10 11:59:59.999000+00:00,1,63193.14767541663,62067.960568913106,1125.187106503523
base_01,SARIMAX,2026-07-10 11:59:59.999000+00:00,2026-07-11 11:59:59.999000+00:00,1,64127.14200564058,63408.23391872198,718.9080869186
base_01,SARIMAX,2026-07-11 11:59:59.999000+00:00,2026-07-12 11:59:59.999000+00:00,1,63802.026626271436,63831.42905205882,-29.402425787382526
base_01,SARIMAX,2026-07-12 11:59:59.999000+00:00,2026-07-13 11:59:59.999000+00:00,1,63758.21852318039,63616.89306742166,141.3254557587279
base_01,SARIMAX,2026-07-13 11:59:59.999000+00:00,2026-07-14 11:59:59.999000+00:00,1,62239.12272912624,64048.790179111966,-1809.6674499857254
base_01,SARIMAX,2026-07-14 11:59:59.999000+00:00,2026-07-15 11:59:59.999000+00:00,1,64956.114226158075,62095.11845779509,2860.9957683629837
base_01,SARIMAX,2026-07-15 11:59:59.999000+00:00,2026-07-16 11:59:59.999000+00:00,1,64712.376491365714,65312.766197271245,-600.3897059055307
base_01,SARIMAX,2026-07-16 11:59:59.999000+00:00,2026-07-17 11:59:59.999000+00:00,1,63789.27945534556,63986.94604757736,-197.66659223179886
base_01,SARIMAX,2026-07-17 11:59:59.999000+00:00,2026-07-18 11:59:59.999000+00:00,1,63899.45899791906,63760.41269323875,139.04630468030518
base_01,SARIMAX,2026-07-18 11:59:59.999000+00:00,2026-07-19 11:59:59.999000+00:00,1,64796.60308902005,63925.69381263381,870.9092763862427
base_01,SARIMAX,2026-07-19 11:59:59.999000+00:00,2026-07-20 11:59:59.999000+00:00,1,64690.80495914814,64772.66395750317,-81.85899835503369
base_01,SARIMAX,2026-07-20 11:59:59.999000+00:00,2026-07-21 11:59:59.999000+00:00,1,65230.02619403271,64771.13928794384,458.8869060888683
base_01,SARIMAX,2026-07-21 11:59:59.999000+00:00,2026-07-22 11:59:59.999000+00:00,1,66505.12243620168,64989.92862200017,1515.1938142015133
base_01,SARIMAX,2026-07-22 11:59:59.999000+00:00,2026-07-23 11:59:59.999000+00:00,1,66100.79952459608,66510.94751570656,-410.1479911104834
base_01,SARIMAX,2026-07-23 11:59:59.999000+00:00,2026-07-24 11:59:59.999000+00:00,1,65044.81420944089,65505.36183413882,-460.5476246979306
base_01,SARIMAX,2026-07-24 11:59:59.999000+00:00,2026-07-25 11:59:59.999000+00:00,1,64098.49783446598,65066.563156248994,-968.0653217830113
base_01,SARIMAX,2026-07-25 11:59:59.999000+00:00,2026-07-26 11:59:59.999000+00:00,1,64311.811411853945,64278.64721578373,33.16419607021817
base_01,SARIMAX,2026-07-26 11:59:59.999000+00:00,2026-07-27 11:59:59.999000+00:00,1,65340.30111696009,64650.242153143816,690.058963816271
base_01,SARIMAX,2026-07-27 11:59:59.999000+00:00,2026-07-28 11:59:59.999000+00:00,1,63724.897675781795,65502.18223184895,-1777.2845560671558
base_01,SARIMAX,2026-07-28 11:59:59.999000+00:00,2026-07-29 11:59:59.999000+00:00,1,63871.363661081654,63497.52014969164,373.8435113900123
base_01,SARIMAX,2026-07-29 11:59:59.999000+00:00,2026-07-30 11:59:59.999000+00:00,1,63908.16797586797,64462.050564064455,-553.8825881964876
base_01,SARIMAX,2026-07-30 11:59:59.999000+00:00,2026-07-31 11:59:59.999000+00:00,1,64725.30694754697,63617.78591400848,1107.5210335384909
base_01,SARIMAX,2026-07-31 11:59:59.999000+00:00,2026-08-01 11:59:59.999000+00:00,1,62813.74727922484,64619.36820781463,-1805.620928589793
base_01,SARIMAX,2026-08-01 11:59:59.999000+00:00,2026-08-02 11:59:59.999000+00:00,1,62763.320664606166,62552.91873733837,210.40192726779787
base_01,SARIMAX,2026-08-02 11:59:59.999000+00:00,2026-08-03 11:59:59.999000+00:00,1,63481.99891620785,63257.80024222454,224.19867398330825
base_01,SARIMAX,2026-08-03 11:59:59.999000+00:00,2026-08-04 11:59:59.999000+00:00,1,63460.898508760445,63806.07090429793,-345.1723955374837
base_01,SARIMAX,2026-08-04 11:59:59.999000+00:00,2026-08-05 11:59:59.999000+00:00,1,64055.95346396064,63219.57400340382,836.3794605568255
base_01,SARIMAX,2026-08-05 11:59:59.999000+00:00,2026-08-06 11:59:59.999000+00:00,1,64597.4991894323,64258.552368994635,338.94682043766807
base_01,SARIMAX,2026-08-06 11:59:59.999000+00:00,2026-08-07 11:59:59.999000+00:00,1,64262.11315986208,64088.33578857299,173.77737128908484
base_01,SARIMAX,2026-08-07 11:59:59.999000+00:00,2026-08-08 11:59:59.999000+00:00,1,64880.18992794641,64084.12534221091,796.0645857355048
base_01,SARIMAX,2026-08-08 11:59:59.999000+00:00,2026-08-09 11:59:59.999000+00:00,1,64904.686597840824,64757.56616943756,147.12042840326467
base_01,SARIMAX,2026-08-09 11:59:59.999000+00:00,2026-08-10 11:59:59.999000+00:00,1,64844.88526056732,64797.93550365281,46.949756914509635
base_01,SARIMAX,2026-08-10 11:59:59.999000+00:00,2026-08-11 11:59:59.999000+00:00,1,63910.586753885575,64996.68287291711,-1086.0961190315356
base_01,SARIMAX,2026-08-11 11:59:59.999000+00:00,2026-08-12 11:59:59.999000+00:00,1,63551.87333774477,63870.99163240092,-319.11829465614574
base_01,SARIMAX,2026-08-12 11:59:59.999000+00:00,2026-08-13 11:59:59.999000+00:00,1,63402.43362537117,64047.87921480838,-645.4455894372077
base_01,SARIMAX,2026-08-13 11:59:59.999000+00:00,2026-08-14 11:59:59.999000+00:00,1,63402.17125005826,63240.53590697057,161.63534308769158
base_01,SARIMAX,2026-08-14 11:59:59.999000+00:00,2026-08-15 11:59:59.999000+00:00,1,62975.59383765358,63425.78609055879,-450.1922529052099
base_01,SARIMAX,2026-08-15 11:59:59.999000+00:00,2026-08-16 11:59:59.999000+00:00,1,63024.31944618373,62953.77035422276,70.5490919609656
base_01,SARIMAX,2026-08-16 11:59:59.999000+00:00,2026-08-17 11:59:59.999000+00:00,1,62818.651078477385,63160.8984439354,-342.24736545801716
base_01,SARIMAX,2026-08-17 11:59:59.999000+00:00,2026-08-18 11:59:59.999000+00:00,1,64506.25528743356,63029.27130480282,1476.9839826307361
base_01,SARIMAX,2026-08-18 11:59:59.999000+00:00,2026-08-19 11:59:59.999000+00:00,1,64680.712326016976,64307.16242104517,373.5499049718055
base_01,SARIMAX,2026-08-19 11:59:59.999000+00:00,2026-08-20 11:59:59.999000+00:00,1,69266.18565852672,64560.80190692935,4705.383751597372
base_01,SARIMAX,2026-08-20 11:59:59.999000+00:00,2026-08-21 11:59:59.999000+00:00,1,73032.76119017735,68058.15537772684,4974.605812450507
base_01,SARIMAX,2026-08-21 11:59:59.999000+00:00,2026-08-22 11:59:59.999000+00:00,1,78335.18447127173,71532.00934172729,6803.175129544441
base_01,SARIMAX,2026-08-22 11:59:59.999000+00:00,2026-08-23 11:59:59.999000+00:00,1,77083.41369629378,76432.6279487795,650.785747514281
base_01,SARIMAX,2026-08-23 11:59:59.999000+00:00,2026-08-24 11:59:59.999000+00:00,1,77755.26185892553,75976.16551206801,1779.096346857521
base_01,SARIMAX,2026-08-24 11:59:59.999000+00:00,2026-08-25 11:59:59.999000+00:00,1,78964.48188718018,77777.70392126033,1186.7779659198568
base_01,SARIMAX,2026-08-25 11:59:59.999000+00:00,2026-08-26 11:59:59.999000+00:00,1,78564.9770338259,78571.8299086661,-6.852874840202276
base_01,SARIMAX,2026-08-26 11:59:59.999000+00:00,2026-08-27 11:59:59.999000+00:00,1,79027.42375214693,78575.37735962722,452.04639251971093
base_01,SARIMAX,2026-08-27 11:59:59.999000+00:00,2026-08-28 11:59:59.999000+00:00,1,80257.54237127447,78801.7019009767,1455.8404702977714
base_01,SARIMAX,2026-08-28 11:59:59.999000+00:00,2026-08-29 11:59:59.999000+00:00,1,77830.2884161716,80047.52246463066,-2217.234048459053
base_01,SARIMAX,2026-08-29 11:59:59.999000+00:00,2026-08-30 11:59:59.999000+00:00,1,78245.81183339408,77585.62111000073,660.1907233933453
base_01,SARIMAX,2026-08-30 11:59:59.999000+00:00,2026-08-31 11:59:59.999000+00:00,1,77667.57335298105,78780.44330621664,-1112.8699532355822
base_01,SARIMAX,2026-08-31 11:59:59.999000+00:00,2026-09-01 11:59:59.999000+00:00,1,78548.63425232602,77960.35041053998,588.2838417860476
base_01,SARIMAX,2026-09-01 11:59:59.999000+00:00,2026-09-02 11:59:59.999000+00:00,1,77403.62419920585,78560.70352246349,-1157.0793232576398
base_01,SARIMAX,2026-09-02 11:59:59.999000+00:00,2026-09-03 11:59:59.999000+00:00,1,77300.47890614565,77621.38996217972,-320.9110560340632
base_01,SARIMAX,2026-09-03 11:59:59.999000+00:00,2026-09-04 11:59:59.999000+00:00,1,81271.74521290051,77316.9861513369,3954.7590615636145
base_01,SARIMAX,2026-09-04 11:59:59.999000+00:00,2026-09-05 11:59:59.999000+00:00,1,79671.96685975797,80664.95811522119,-992.9912554632174
base_01,SARIMAX,2026-09-05 11:59:59.999000+00:00,2026-09-06 11:59:59.999000+00:00,1,79823.86734808386,79082.09559346523,741.7717546186323
base_01,SARIMAX,2026-09-06 11:59:59.999000+00:00,2026-09-07 11:59:59.999000+00:00,1,80350.04312037546,80036.08767457488,313.9554458005732
base_01,SARIMAX,2026-09-07 11:59:59.999000+00:00,2026-09-08 11:59:59.999000+00:00,1,79115.84836277652,80529.64324762352,-1413.7948848469969
base_01,SARIMAX,2026-09-08 11:59:59.999000+00:00,2026-09-09 11:59:59.999000+00:00,1,78438.58091615305,79059.95771913497,-621.3768029819184
base_01,SARIMAX,2026-09-09 11:59:59.999000+00:00,2026-09-10 11:59:59.999000+00:00,1,78259.51966638006,79031.63770341007,-772.1180370300135
base_01,SARIMAX,2026-09-10 11:59:59.999000+00:00,2026-09-11 11:59:59.999000+00:00,1,76568.1241336471,78235.19810608403,-1667.0739724369341
base_01,SARIMAX,2026-09-11 11:59:59.999000+00:00,2026-09-12 11:59:59.999000+00:00,1,77173.79310139746,76828.03929706172,345.75380433573446
base_01,Holt-Winters,2025-09-12 11:59:59.999000+00:00,2025-09-13 11:59:59.999000+00:00,1,116101.58089647563,115488.29716685774,613.2837296178914
base_01,Holt-Winters,2025-09-13 11:59:59.999000+00:00,2025-09-14 11:59:59.999000+00:00,1,115950.50504922486,116034.0452221358,-83.54017291094351
base_01,Holt-Winters,2025-09-14 11:59:59.999000+00:00,2025-09-15 11:59:59.999000+00:00,1,115407.65444742888,115951.55858024453,-543.9041328156454
base_01,Holt-Winters,2025-09-15 11:59:59.999000+00:00,2025-09-16 11:59:59.999000+00:00,1,115444.87270833744,115557.87425057105,-113.0015422336146
base_01,Holt-Winters,2025-09-16 11:59:59.999000+00:00,2025-09-17 11:59:59.999000+00:00,1,116843.1842506891,115508.56197959704,1334.6222710920556
base_01,Holt-Winters,2025-09-17 11:59:59.999000+00:00,2025-09-18 11:59:59.999000+00:00,1,116468.50738952006,117401.28659180675,-932.7792022866925
base_01,Holt-Winters,2025-09-18 11:59:59.999000+00:00,2025-09-19 11:59:59.999000+00:00,1,117137.20246008378,116087.81181943555,1049.3906406482274
base_01,Holt-Winters,2025-09-19 11:59:59.999000+00:00,2025-09-20 11:59:59.999000+00:00,1,115688.86281801121,117123.71511793895,-1434.8522999277338
base_01,Holt-Winters,2025-09-20 11:59:59.999000+00:00,2025-09-21 11:59:59.999000+00:00,1,115721.95820758065,115621.29987736155,100.6583302190993
base_01,Holt-Winters,2025-09-21 11:59:59.999000+00:00,2025-09-22 11:59:59.999000+00:00,1,115306.09716128901,115714.990618577,-408.8934572879807
base_01,Holt-Winters,2025-09-22 11:59:59.999000+00:00,2025-09-23 11:59:59.999000+00:00,1,112748.50562324561,115454.66706877506,-2706.1614455294475
base_01,Holt-Winters,2025-09-23 11:59:59.999000+00:00,2025-09-24 11:59:59.999000+00:00,1,112014.49967651635,112734.92983261793,-720.4301561015745
base_01,Holt-Winters,2025-09-24 11:59:59.999000+00:00,2025-09-25 11:59:59.999000+00:00,1,113328.63040885661,112545.65309510345,782.9773137531593
base_01,Holt-Winters,2025-09-25 11:59:59.999000+00:00,2025-09-26 11:59:59.999000+00:00,1,109049.28795700167,112981.0816261313,-3931.7936691296345
base_01,Holt-Winters,2025-09-26 11:59:59.999000+00:00,2025-09-27 11:59:59.999000+00:00,1,109712.83151827399,109032.23129778118,680.6002204928081
base_01,Holt-Winters,2025-09-27 11:59:59.999000+00:00,2025-09-28 11:59:59.999000+00:00,1,109681.9424831994,109662.7113453525,19.23113784690213
base_01,Holt-Winters,2025-09-28 11:59:59.999000+00:00,2025-09-29 11:59:59.999000+00:00,1,112122.63915061475,109681.94580253719,2440.6933480775624
base_01,Holt-Winters,2025-09-29 11:59:59.999000+00:00,2025-09-30 11:59:59.999000+00:00,1,114400.3864282159,112233.7041824725,2166.6822457434027
base_01,Holt-Winters,2025-09-30 11:59:59.999000+00:00,2025-10-01 11:59:59.999000+00:00,1,114056.08364749927,114179.28314483423,-123.19949733496469
base_01,Holt-Winters,2025-10-01 11:59:59.999000+00:00,2025-10-02 11:59:59.999000+00:00,1,118648.92858787146,114604.46550465285,4044.4630832186085
base_01,Holt-Winters,2025-10-02 11:59:59.999000+00:00,2025-10-03 11:59:59.999000+00:00,1,120681.25972334214,118213.3754231685,2467.8843001736386
base_01,Holt-Winters,2025-10-03 11:59:59.999000+00:00,2025-10-04 11:59:59.999000+00:00,1,122266.53272819234,120646.6125624728,1619.9201657195372
base_01,Holt-Winters,2025-10-04 11:59:59.999000+00:00,2025-10-05 11:59:59.999000+00:00,1,122425.42872954253,122182.2200311031,243.20869843942637
base_01,Holt-Winters,2025-10-05 11:59:59.999000+00:00,2025-10-06 11:59:59.999000+00:00,1,123513.47371396709,122433.60261211052,1079.8711018565664
base_01,Holt-Winters,2025-10-06 11:59:59.999000+00:00,2025-10-07 11:59:59.999000+00:00,1,124752.52835209735,123643.3098975011,1109.2184545962518
base_01,Holt-Winters,2025-10-07 11:59:59.999000+00:00,2025-10-08 11:59:59.999000+00:00,1,121451.37907032672,124484.54406457773,-3033.164994251012
base_01,Holt-Winters,2025-10-08 11:59:59.999000+00:00,2025-10-09 11:59:59.999000+00:00,1,123354.87033539126,122082.15503976862,1272.7152956226346
base_01,Holt-Winters,2025-10-09 11:59:59.999000+00:00,2025-10-10 11:59:59.999000+00:00,1,121705.5822667133,122931.52859303483,-1225.9463263215293
base_01,Holt-Winters,2025-10-10 11:59:59.999000+00:00,2025-10-11 11:59:59.999000+00:00,1,113214.36599312934,121695.12450508699,-8480.758511957654
base_01,Holt-Winters,2025-10-11 11:59:59.999000+00:00,2025-10-12 11:59:59.999000+00:00,1,110807.87931986216,113265.38796635461,-2457.5086464924534
base_01,Holt-Winters,2025-10-12 11:59:59.999000+00:00,2025-10-13 11:59:59.999000+00:00,1,115169.76392469808,110856.61039063915,4313.153534058933
base_01,Holt-Winters,2025-10-13 11:59:59.999000+00:00,2025-10-14 11:59:59.999000+00:00,1,115271.07513679353,115327.86184144352,-56.78670464998868
base_01,Holt-Winters,2025-10-14 11:59:59.999000+00:00,2025-10-15 11:59:59.999000+00:00,1,113118.66715980553,114996.75246430203,-1878.0853044965042
base_01,Holt-Winters,2025-10-15 11:59:59.999000+00:00,2025-10-16 11:59:59.999000+00:00,1,110783.16685486272,113744.24862625373,-2961.0817713910074
base_01,Holt-Winters,2025-10-16 11:59:59.999000+00:00,2025-10-17 11:59:59.999000+00:00,1,108186.03847532927,110411.02742446153,-2224.9889491322538
base_01,Holt-Winters,2025-10-17 11:59:59.999000+00:00,2025-10-18 11:59:59.999000+00:00,1,106467.78522769098,108080.59423769833,-1612.809010007346
base_01,Holt-Winters,2025-10-18 11:59:59.999000+00:00,2025-10-19 11:59:59.999000+00:00,1,107198.26685138312,106398.15393029197,800.1129210911458
base_01,Holt-Winters,2025-10-19 11:59:59.999000+00:00,2025-10-20 11:59:59.999000+00:00,1,108666.71152632662,107309.16319443309,1357.5483318935294
base_01,Holt-Winters,2025-10-20 11:59:59.999000+00:00,2025-10-21 11:59:59.999000+00:00,1,110588.93015945522,108796.21205263186,1792.7181068233622
base_01,Holt-Winters,2025-10-21 11:59:59.999000+00:00,2025-10-22 11:59:59.999000+00:00,1,108476.88697879825,110308.94477097283,-1832.0577921745717
base_01,Holt-Winters,2025-10-22 11:59:59.999000+00:00,2025-10-23 11:59:59.999000+00:00,1,107688.58812261626,109045.77194486397,-1357.183822247709
base_01,Holt-Winters,2025-10-23 11:59:59.999000+00:00,2025-10-24 11:59:59.999000+00:00,1,110069.72291805925,107303.88469134725,2765.8382267120032
base_01,Holt-Winters,2025-10-24 11:59:59.999000+00:00,2025-10-25 11:59:59.999000+00:00,1,111033.92308097401,109938.05778026025,1095.8653007137618
base_01,Holt-Winters,2025-10-25 11:59:59.999000+00:00,2025-10-26 11:59:59.999000+00:00,1,111641.73000798358,110963.18250855726,678.5474994263204
base_01,Holt-Winters,2025-10-26 11:59:59.999000+00:00,2025-10-27 11:59:59.999000+00:00,1,114472.443362309,111766.77540022258,2705.667962086416
base_01,Holt-Winters,2025-10-27 11:59:59.999000+00:00,2025-10-28 11:59:59.999000+00:00,1,114119.32479048047,114707.80493534496,-588.4801448644866
base_01,Holt-Winters,2025-10-28 11:59:59.999000+00:00,2025-10-29 11:59:59.999000+00:00,1,112956.1663764569,113798.5341976151,-842.367821158201
base_01,Holt-Winters,2025-10-29 11:59:59.999000+00:00,2025-10-30 11:59:59.999000+00:00,1,110055.30286229074,113521.90026793022,-3466.597405639477
base_01,Holt-Winters,2025-10-30 11:59:59.999000+00:00,2025-10-31 11:59:59.999000+00:00,1,108305.54876178248,109693.1323530422,-1387.5835912597104
base_01,Holt-Winters,2025-10-31 11:59:59.999000+00:00,2025-11-01 11:59:59.999000+00:00,1,109556.16087014778,108193.45316022258,1362.7077099252056
base_01,Holt-Winters,2025-11-01 11:59:59.999000+00:00,2025-11-02 11:59:59.999000+00:00,1,110064.0174011764,109498.2512848318,565.7661163446028
base_01,Holt-Winters,2025-11-02 11:59:59.999000+00:00,2025-11-03 11:59:59.999000+00:00,1,110639.62631101506,110226.28412990888,413.3421811061853
base_01,Holt-Winters,2025-11-03 11:59:59.999000+00:00,2025-11-04 11:59:59.999000+00:00,1,106547.51960408686,110816.04218145162,-4268.522577364754
base_01,Holt-Winters,2025-11-04 11:59:59.999000+00:00,2025-11-05 11:59:59.999000+00:00,1,101590.52231689313,106250.94619249096,-4660.4238755978295
base_01,Holt-Winters,2025-11-05 11:59:59.999000+00:00,2025-11-06 11:59:59.999000+00:00,1,103891.83548171549,102075.99601034558,1815.839471369909
base_01,Holt-Winters,2025-11-06 11:59:59.999000+00:00,2025-11-07 11:59:59.999000+00:00,1,101301.29047559638,103543.81015042926,-2242.5196748328744
base_01,Holt-Winters,2025-11-07 11:59:59.999000+00:00,2025-11-08 11:59:59.999000+00:00,1,103372.40671821768,101224.09835345401,2148.3083647636668
base_01,Holt-Winters,2025-11-08 11:59:59.999000+00:00,2025-11-09 11:59:59.999000+00:00,1,102282.11404970971,103335.44160595865,-1053.3275562489434
base_01,Holt-Winters,2025-11-09 11:59:59.999000+00:00,2025-11-10 11:59:59.999000+00:00,1,104719.63889591319,102451.23736397151,2268.4015319416794
base_01,Holt-Winters,2025-11-10 11:59:59.999000+00:00,2025-11-11 11:59:59.999000+00:00,1,105996.59709213123,104844.80916650782,1151.787925623401
base_01,Holt-Winters,2025-11-11 11:59:59.999000+00:00,2025-11-12 11:59:59.999000+00:00,1,102997.47104313906,105647.26435418574,-2649.793311046684
base_01,Holt-Winters,2025-11-12 11:59:59.999000+00:00,2025-11-13 11:59:59.999000+00:00,1,101663.18673793318,103507.78281645173,-1844.5960785185453
base_01,Holt-Winters,2025-11-13 11:59:59.999000+00:00,2025-11-14 11:59:59.999000+00:00,1,99697.49064364484,101301.40380430558,-1603.9131606607407
base_01,Holt-Winters,2025-11-14 11:59:59.999000+00:00,2025-11-15 11:59:59.999000+00:00,1,94397.78783274571,99647.01612679512,-5249.228294049404
base_01,Holt-Winters,2025-11-15 11:59:59.999000+00:00,2025-11-16 11:59:59.999000+00:00,1,95549.14593724243,94366.12693500507,1183.0190022373572
base_01,Holt-Winters,2025-11-16 11:59:59.999000+00:00,2025-11-17 11:59:59.999000+00:00,1,94177.07448088586,95740.41571001749,-1563.3412291316345
base_01,Holt-Winters,2025-11-17 11:59:59.999000+00:00,2025-11-18 11:59:59.999000+00:00,1,92093.87420869817,94316.68746660299,-2222.813257904825
base_01,Holt-Winters,2025-11-18 11:59:59.999000+00:00,2025-11-19 11:59:59.999000+00:00,1,92948.87239203356,91782.64586749978,1166.2265245337767
base_01,Holt-Winters,2025-11-19 11:59:59.999000+00:00,2025-11-20 11:59:59.999000+00:00,1,91465.9890743479,93404.87570967214,-1938.8866353242338
base_01,Holt-Winters,2025-11-20 11:59:59.999000+00:00,2025-11-21 11:59:59.999000+00:00,1,86631.89856890481,91138.64828733922,-4506.74971843441
base_01,Holt-Winters,2025-11-21 11:59:59.999000+00:00,2025-11-22 11:59:59.999000+00:00,1,85090.68611401643,86556.86805279624,-1466.1819387798168
base_01,Holt-Winters,2025-11-22 11:59:59.999000+00:00,2025-11-23 11:59:59.999000+00:00,1,84648.35672859022,85083.0178399696,-434.66111137937696
base_01,Holt-Winters,2025-11-23 11:59:59.999000+00:00,2025-11-24 11:59:59.999000+00:00,1,86805.00807555199,84817.24479200142,1987.7632835505647
base_01,Holt-Winters,2025-11-24 11:59:59.999000+00:00,2025-11-25 11:59:59.999000+00:00,1,88270.56197381225,86923.58967758298,1346.9722962292726
base_01,Holt-Winters,2025-11-25 11:59:59.999000+00:00,2025-11-26 11:59:59.999000+00:00,1,87341.8937506326,87986.7862276056,-644.8924769729929
base_01,Holt-Winters,2025-11-26 11:59:59.999000+00:00,2025-11-27 11:59:59.999000+00:00,1,90518.36958272244,87760.8151538525,2757.5544288699457
base_01,Holt-Winters,2025-11-27 11:59:59.999000+00:00,2025-11-28 11:59:59.999000+00:00,1,91285.3723441706,90157.49664666329,1127.8756975073047
base_01,Holt-Winters,2025-11-28 11:59:59.999000+00:00,2025-11-29 11:59:59.999000+00:00,1,90919.26943415534,91188.78355641775,-269.5141222624079
base_01,Holt-Winters,2025-11-29 11:59:59.999000+00:00,2025-11-30 11:59:59.999000+00:00,1,90851.75406527554,90900.670841556,-48.91677628045727
base_01,Holt-Winters,2025-11-30 11:59:59.999000+00:00,2025-12-01 11:59:59.999000+00:00,1,90394.30894781704,91041.58024390478,-647.2712960877398
base_01,Holt-Winters,2025-12-01 11:59:59.999000+00:00,2025-12-02 11:59:59.999000+00:00,1,86321.56994630139,90524.55028137832,-4202.980335076936
base_01,Holt-Winters,2025-12-02 11:59:59.999000+00:00,2025-12-03 11:59:59.999000+00:00,1,91350.20542595383,86041.33656842615,5308.868857527676
base_01,Holt-Winters,2025-12-03 11:59:59.999000+00:00,2025-12-04 11:59:59.999000+00:00,1,93527.80380024506,91806.60592272632,1721.1978775187454
base_01,Holt-Winters,2025-12-04 11:59:59.999000+00:00,2025-12-05 11:59:59.999000+00:00,1,92141.62228747756,93173.78693028314,-1032.1646428055828
base_01,Holt-Winters,2025-12-05 11:59:59.999000+00:00,2025-12-06 11:59:59.999000+00:00,1,89387.75440990008,92041.08830863102,-2653.33389873094
base_01,Holt-Winters,2025-12-06 11:59:59.999000+00:00,2025-12-07 11:59:59.999000+00:00,1,89272.37384596534,89371.24454165649,-98.87069569114828
base_01,Holt-Winters,2025-12-07 11:59:59.999000+00:00,2025-12-08 11:59:59.999000+00:00,1,90405.63851087491,89455.79447432312,949.844036551789
base_01,Holt-Winters,2025-12-08 11:59:59.999000+00:00,2025-12-09 11:59:59.999000+00:00,1,90640.20558110253,90501.13138144524,139.0741996572906
base_01,Holt-Winters,2025-12-09 11:59:59.999000+00:00,2025-12-10 11:59:59.999000+00:00,1,92691.70747023897,90383.42667313879,2308.280797100175
base_01,Holt-Winters,2025-12-10 11:59:59.999000+00:00,2025-12-11 11:59:59.999000+00:00,1,92020.94573500573,93168.19473580114,-1147.2490007954038
base_01,Holt-Winters,2025-12-11 11:59:59.999000+00:00,2025-12-12 11:59:59.999000+00:00,1,92511.33916341135,91653.4072548337,857.9319085776515
base_01,Holt-Winters,2025-12-12 11:59:59.999000+00:00,2025-12-13 11:59:59.999000+00:00,1,90270.41280218972,92387.04702846381,-2116.6342262740945
base_01,Holt-Winters,2025-12-13 11:59:59.999000+00:00,2025-12-14 11:59:59.999000+00:00,1,90298.71011722588,90251.94827421098,46.76184301490139
base_01,Holt-Winters,2025-12-14 11:59:59.999000+00:00,2025-12-15 11:59:59.999000+00:00,1,88175.17740990703,90490.87116943931,-2315.6937595322815
base_01,Holt-Winters,2025-12-15 11:59:59.999000+00:00,2025-12-16 11:59:59.999000+00:00,1,86419.78052359246,88272.0419604014,-1852.2614368089417
base_01,Holt-Winters,2025-12-16 11:59:59.999000+00:00,2025-12-17 11:59:59.999000+00:00,1,87843.98630649646,86198.10798976728,1645.878316729184
base_01,Holt-Winters,2025-12-17 11:59:59.999000+00:00,2025-12-18 11:59:59.999000+00:00,1,86143.75766353737,88291.76365945743,-2148.005995920059
base_01,Holt-Winters,2025-12-18 11:59:59.999000+00:00,2025-12-19 11:59:59.999000+00:00,1,85462.50638053521,85813.07136321299,-350.5649826777808
base_01,Holt-Winters,2025-12-19 11:59:59.999000+00:00,2025-12-20 11:59:59.999000+00:00,1,88103.3806268365,85338.66618320828,2764.714443628225
base_01,Holt-Winters,2025-12-20 11:59:59.999000+00:00,2025-12-21 11:59:59.999000+00:00,1,88343.9985724906,88088.37514344623,255.6234290443681
base_01,Holt-Winters,2025-12-21 11:59:59.999000+00:00,2025-12-22 11:59:59.999000+00:00,1,88621.75041510115,88515.75343665176,105.99697844938783
base_01,Holt-Winters,2025-12-22 11:59:59.999000+00:00,2025-12-23 11:59:59.999000+00:00,1,88490.01920050828,88704.1903794207,-214.17117891242378
base_01,Holt-Winters,2025-12-23 11:59:59.999000+00:00,2025-12-24 11:59:59.999000+00:00,1,87414.00058157048,88273.34123041017,-859.3406488396868
base_01,Holt-Winters,2025-12-24 11:59:59.999000+00:00,2025-12-25 11:59:59.999000+00:00,1,87611.96148879152,87843.52405027328,-231.56256148175453
base_01,Holt-Winters,2025-12-25 11:59:59.999000+00:00,2025-12-26 11:59:59.999000+00:00,1,87234.73832648946,87271.5325892712,-36.794262781739235
base_01,Holt-Winters,2025-12-26 11:59:59.999000+00:00,2025-12-27 11:59:59.999000+00:00,1,87301.43224029081,87127.15947648576,174.27276380505646
base_01,Holt-Winters,2025-12-27 11:59:59.999000+00:00,2025-12-28 11:59:59.999000+00:00,1,87802.15521238666,87289.41560839703,512.7396039896266
base_01,Holt-Winters,2025-12-28 11:59:59.999000+00:00,2025-12-29 11:59:59.999000+00:00,1,87835.83351148131,87974.2912382656,-138.45772678429785
base_01,Holt-Winters,2025-12-29 11:59:59.999000+00:00,2025-12-30 11:59:59.999000+00:00,1,87138.14323922966,87916.75975633174,-778.6165171020839
base_01,Holt-Winters,2025-12-30 11:59:59.999000+00:00,2025-12-31 11:59:59.999000+00:00,1,88430.13611966866,86919.67993764185,1510.4561820268136
base_01,Holt-Winters,2025-12-31 11:59:59.999000+00:00,2026-01-01 11:59:59.999000+00:00,1,87508.82507954576,88861.76475050059,-1352.939670954831
base_01,Holt-Winters,2026-01-01 11:59:59.999000+00:00,2026-01-02 11:59:59.999000+00:00,1,88731.98665684077,87168.60162074404,1563.3850360967335
base_01,Holt-Winters,2026-01-02 11:59:59.999000+00:00,2026-01-03 11:59:59.999000+00:00,1,89944.69385915893,88622.2446767306,1322.4491824283323
base_01,Holt-Winters,2026-01-03 11:59:59.999000+00:00,2026-01-04 11:59:59.999000+00:00,1,90603.18914080271,89933.39779757641,669.7913432263013
base_01,Holt-Winters,2026-01-04 11:59:59.999000+00:00,2026-01-05 11:59:59.999000+00:00,1,91413.4925215554,90776.54455467098,636.9479668844142
base_01,Holt-Winters,2026-01-05 11:59:59.999000+00:00,2026-01-06 11:59:59.999000+00:00,1,93882.55303163701,91487.45602214505,2395.097009491961
base_01,Holt-Winters,2026-01-06 11:59:59.999000+00:00,2026-01-07 11:59:59.999000+00:00,1,93729.0297195824,93645.13130792155,83.89841166084807
base_01,Holt-Winters,2026-01-07 11:59:59.999000+00:00,2026-01-08 11:59:59.999000+00:00,1,91308.05471910894,94169.08266414604,-2861.0279450371017
base_01,Holt-Winters,2026-01-08 11:59:59.999000+00:00,2026-01-09 11:59:59.999000+00:00,1,91027.12672681987,90961.09503085236,66.03169596751104
base_01,Holt-Winters,2026-01-09 11:59:59.999000+00:00,2026-01-10 11:59:59.999000+00:00,1,90513.09815121775,90922.51118747937,-409.41303626161243
base_01,Holt-Winters,2026-01-10 11:59:59.999000+00:00,2026-01-11 11:59:59.999000+00:00,1,90386.65112414268,90506.54512701438,-119.89400287170429
base_01,Holt-Winters,2026-01-11 11:59:59.999000+00:00,2026-01-12 11:59:59.999000+00:00,1,90827.45983339567,90565.09058751413,262.3692458815349
base_01,Holt-Winters,2026-01-12 11:59:59.999000+00:00,2026-01-13 11:59:59.999000+00:00,1,91192.98949135575,90921.24260486074,271.74688649500604
base_01,Holt-Winters,2026-01-13 11:59:59.999000+00:00,2026-01-14 11:59:59.999000+00:00,1,95321.77950504515,90972.35971888971,4349.419786155442
base_01,Holt-Winters,2026-01-14 11:59:59.999000+00:00,2026-01-15 11:59:59.999000+00:00,1,96929.33087830324,95742.37916897159,1186.9517093316535
base_01,Holt-Winters,2026-01-15 11:59:59.999000+00:00,2026-01-16 11:59:59.999000+00:00,1,95551.18985531712,96498.25298942236,-947.0631341052358
base_01,Holt-Winters,2026-01-16 11:59:59.999000+00:00,2026-01-17 11:59:59.999000+00:00,1,95525.11884117454,95432.38585231485,92.73298885968688
base_01,Holt-Winters,2026-01-17 11:59:59.999000+00:00,2026-01-18 11:59:59.999000+00:00,1,95099.92254408402,95511.05159736109,-411.1290532770654
base_01,Holt-Winters,2026-01-18 11:59:59.999000+00:00,2026-01-19 11:59:59.999000+00:00,1,93634.43195160896,95284.1840378539,-1649.7520862449455
base_01,Holt-Winters,2026-01-19 11:59:59.999000+00:00,2026-01-20 11:59:59.999000+00:00,1,92553.59713664629,93730.12675836057,-1176.529621714275
base_01,Holt-Winters,2026-01-20 11:59:59.999000+00:00,2026-01-21 11:59:59.999000+00:00,1,88310.90389549712,92363.8541719559,-4052.9502764587814
base_01,Holt-Winters,2026-01-21 11:59:59.999000+00:00,2026-01-22 11:59:59.999000+00:00,1,89376.95832950319,88718.36278512338,658.5955443798157
base_01,Holt-Winters,2026-01-22 11:59:59.999000+00:00,2026-01-23 11:59:59.999000+00:00,1,89462.44931314791,89031.82145071539,430.6278624325205
base_01,Holt-Winters,2026-01-23 11:59:59.999000+00:00,2026-01-24 11:59:59.999000+00:00,1,89503.8785126393,89359.13099317683,144.74751946247125
base_01,Holt-Winters,2026-01-24 11:59:59.999000+00:00,2026-01-25 11:59:59.999000+00:00,1,89110.73765766309,89494.38554267725,-383.6478850141575
base_01,Holt-Winters,2026-01-25 11:59:59.999000+00:00,2026-01-26 11:59:59.999000+00:00,1,86572.21534027335,89276.7745342004,-2704.5591939270525
base_01,Holt-Winters,2026-01-26 11:59:59.999000+00:00,2026-01-27 11:59:59.999000+00:00,1,88267.13675796885,86659.23622769678,1607.9005302720761
base_01,Holt-Winters,2026-01-27 11:59:59.999000+00:00,2026-01-28 11:59:59.999000+00:00,1,89102.56849659163,88059.18217906223,1043.3863175293955
base_01,Holt-Winters,2026-01-28 11:59:59.999000+00:00,2026-01-29 11:59:59.999000+00:00,1,89184.57044363786,89517.87537881495,-333.30493517708965
base_01,Holt-Winters,2026-01-29 11:59:59.999000+00:00,2026-01-30 11:59:59.999000+00:00,1,84561.58485914288,88843.73531451143,-4282.150455368552
base_01,Holt-Winters,2026-01-30 11:59:59.999000+00:00,2026-01-31 11:59:59.999000+00:00,1,84128.65876171994,84470.11061462559,-341.4518529056513
base_01,Holt-Winters,2026-01-31 11:59:59.999000+00:00,2026-02-01 11:59:59.999000+00:00,1,78621.11402755417,84122.52616078802,-5501.412133233855
base_01,Holt-Winters,2026-02-01 11:59:59.999000+00:00,2026-02-02 11:59:59.999000+00:00,1,76974.4429081583,78759.21198262839,-1784.7690744700958
base_01,Holt-Winters,2026-02-02 11:59:59.999000+00:00,2026-02-03 11:59:59.999000+00:00,1,78688.76433803354,77070.63425270634,1618.1300853271969
base_01,Holt-Winters,2026-02-03 11:59:59.999000+00:00,2026-02-04 11:59:59.999000+00:00,1,75633.54991975304,78519.17586959912,-2885.6259498460713
base_01,Holt-Winters,2026-02-04 11:59:59.999000+00:00,2026-02-05 11:59:59.999000+00:00,1,73019.6998019014,75995.71497362705,-2976.015171725652
base_01,Holt-Winters,2026-02-05 11:59:59.999000+00:00,2026-02-06 11:59:59.999000+00:00,1,62702.09771246917,72727.47579192038,-10025.378079451213
base_01,Holt-Winters,2026-02-06 11:59:59.999000+00:00,2026-02-07 11:59:59.999000+00:00,1,70555.387263718,62646.98731059821,7908.3999531197915
base_01,Holt-Winters,2026-02-07 11:59:59.999000+00:00,2026-02-08 11:59:59.999000+00:00,1,69281.97234466192,70530.19205128352,-1248.219706621603
base_01,Holt-Winters,2026-02-08 11:59:59.999000+00:00,2026-02-09 11:59:59.999000+00:00,1,70264.72471946538,69401.81535232166,862.9093671437149
base_01,Holt-Winters,2026-02-09 11:59:59.999000+00:00,2026-02-10 11:59:59.999000+00:00,1,70120.78098938552,70366.5192799453,-245.7382905597915
base_01,Holt-Winters,2026-02-10 11:59:59.999000+00:00,2026-02-11 11:59:59.999000+00:00,1,68793.95990441568,69961.47486263936,-1167.5149582236772
base_01,Holt-Winters,2026-02-11 11:59:59.999000+00:00,2026-02-12 11:59:59.999000+00:00,1,66991.97090672859,69114.0910105481,-2122.120103819514
base_01,Holt-Winters,2026-02-12 11:59:59.999000+00:00,2026-02-13 11:59:59.999000+00:00,1,66221.84484185326,66682.09040801226,-460.245566158992
base_01,Holt-Winters,2026-02-13 11:59:59.999000+00:00,2026-02-14 11:59:59.999000+00:00,1,68857.84251386527,66193.2023706352,2664.6401432300627
base_01,Holt-Winters,2026-02-14 11:59:59.999000+00:00,2026-02-15 11:59:59.999000+00:00,1,69767.62342592316,68828.69590575919,938.9275201639684
base_01,Holt-Winters,2026-02-15 11:59:59.999000+00:00,2026-02-16 11:59:59.999000+00:00,1,68788.1898191779,69892.01053664126,-1103.8207174633571
base_01,Holt-Winters,2026-02-16 11:59:59.999000+00:00,2026-02-17 11:59:59.999000+00:00,1,68843.15353357999,68887.7167305791,-44.563196999108186
base_01,Holt-Winters,2026-02-17 11:59:59.999000+00:00,2026-02-18 11:59:59.999000+00:00,1,67494.21525060102,68682.2778145459,-1188.0625639448845
base_01,Holt-Winters,2026-02-18 11:59:59.999000+00:00,2026-02-19 11:59:59.999000+00:00,1,66425.32363552848,67799.7914393,-1374.4678037715203
base_01,Holt-Winters,2026-02-19 11:59:59.999000+00:00,2026-02-20 11:59:59.999000+00:00,1,66957.52386140164,66116.60528241514,840.9185789865005
base_01,Holt-Winters,2026-02-20 11:59:59.999000+00:00,2026-02-21 11:59:59.999000+00:00,1,68005.42064179093,66939.38278026994,1066.037861520992
base_01,Holt-Winters,2026-02-21 11:59:59.999000+00:00,2026-02-22 11:59:59.999000+00:00,1,68003.7645025963,67981.35888824653,22.405614349772804
base_01,Holt-Winters,2026-02-22 11:59:59.999000+00:00,2026-02-23 11:59:59.999000+00:00,1,67659.39143030053,68121.24161534579,-461.8501850452594
base_01,Holt-Winters,2026-02-23 11:59:59.999000+00:00,2026-02-24 11:59:59.999000+00:00,1,64616.73639746904,67757.79415133593,-3141.0577538668877
base_01,Holt-Winters,2026-02-24 11:59:59.999000+00:00,2026-02-25 11:59:59.999000+00:00,1,64080.04180359821,64463.345847468874,-383.30404387066665
base_01,Holt-Winters,2026-02-25 11:59:59.999000+00:00,2026-02-26 11:59:59.999000+00:00,1,67960.12324189473,64366.53760821367,3593.585633681061
base_01,Holt-Winters,2026-02-26 11:59:59.999000+00:00,2026-02-27 11:59:59.999000+00:00,1,67453.77004016005,67646.99255730804,-193.22251714799495
base_01,Holt-Winters,2026-02-27 11:59:59.999000+00:00,2026-02-28 11:59:59.999000+00:00,1,65881.79512540475,67439.80249500638,-1558.0073696016334
base_01,Holt-Winters,2026-02-28 11:59:59.999000+00:00,2026-03-01 11:59:59.999000+00:00,1,66995.86132443201,65859.96066120885,1135.9006632231612
base_01,Holt-Winters,2026-03-01 11:59:59.999000+00:00,2026-03-02 11:59:59.999000+00:00,1,65738.0982073395,67062.32097798688,-1324.2227706473786
base_01,Holt-Winters,2026-03-02 11:59:59.999000+00:00,2026-03-03 11:59:59.999000+00:00,1,68775.84773735623,65821.83998191284,2954.0077554433956
base_01,Holt-Winters,2026-03-03 11:59:59.999000+00:00,2026-03-04 11:59:59.999000+00:00,1,68293.64915366769,68608.53563004945,-314.8864763817546
base_01,Holt-Winters,2026-03-04 11:59:59.999000+00:00,2026-03-05 11:59:59.999000+00:00,1,72710.58067790847,68611.35511528977,4099.225562618696
base_01,Holt-Winters,2026-03-05 11:59:59.999000+00:00,2026-03-06 11:59:59.999000+00:00,1,70841.12807007451,72371.62986238232,-1530.5017923078121
base_01,Holt-Winters,2026-03-06 11:59:59.999000+00:00,2026-03-07 11:59:59.999000+00:00,1,68136.49227911503,70817.39016436225,-2680.897885247221
base_01,Holt-Winters,2026-03-07 11:59:59.999000+00:00,2026-03-08 11:59:59.999000+00:00,1,67272.59729429509,68117.48368725315,-844.8863929580548
base_01,Holt-Winters,2026-03-08 11:59:59.999000+00:00,2026-03-09 11:59:59.999000+00:00,1,65969.78080155294,67381.69812219928,-1411.917320646331
base_01,Holt-Winters,2026-03-09 11:59:59.999000+00:00,2026-03-10 11:59:59.999000+00:00,1,68402.3866936191,66065.85275061101,2336.533943008093
base_01,Holt-Winters,2026-03-10 11:59:59.999000+00:00,2026-03-11 11:59:59.999000+00:00,1,69926.91815698774,68234.99276212233,1691.9253948654077
base_01,Holt-Winters,2026-03-11 11:59:59.999000+00:00,2026-03-12 11:59:59.999000+00:00,1,70204.88413617083,70285.6549722173,-80.77083604646032
base_01,Holt-Winters,2026-03-12 11:59:59.999000+00:00,2026-03-13 11:59:59.999000+00:00,1,70493.45858127218,69872.08972577199,621.3688555001863
base_01,Holt-Winters,2026-03-13 11:59:59.999000+00:00,2026-03-14 11:59:59.999000+00:00,1,70968.2676726541,70457.6316959965,510.6359766575915
base_01,Holt-Winters,2026-03-14 11:59:59.999000+00:00,2026-03-15 11:59:59.999000+00:00,1,71214.62820852925,70942.8123624739,271.8158460553532
base_01,Holt-Winters,2026-03-15 11:59:59.999000+00:00,2026-03-16 11:59:59.999000+00:00,1,72789.91726741185,71321.23715405617,1468.6801133556728
base_01,Holt-Winters,2026-03-16 11:59:59.999000+00:00,2026-03-17 11:59:59.999000+00:00,1,74861.08367372249,72901.8504913609,1959.2331823615823
base_01,Holt-Winters,2026-03-17 11:59:59.999000+00:00,2026-03-18 11:59:59.999000+00:00,1,73922.47401067735,74681.3725080677,-758.8984973903425
base_01,Holt-Winters,2026-03-18 11:59:59.999000+00:00,2026-03-19 11:59:59.999000+00:00,1,71245.5785428252,74281.73628047902,-3036.157737653819
base_01,Holt-Winters,2026-03-19 11:59:59.999000+00:00,2026-03-20 11:59:59.999000+00:00,1,69912.78777685696,70910.11338644657,-997.3256095896068
base_01,Holt-Winters,2026-03-20 11:59:59.999000+00:00,2026-03-21 11:59:59.999000+00:00,1,70522.5839539436,69880.06526548005,642.5186884635477
base_01,Holt-Winters,2026-03-21 11:59:59.999000+00:00,2026-03-22 11:59:59.999000+00:00,1,68711.52717356126,70498.96290375946,-1787.4357301981945
base_01,Holt-Winters,2026-03-22 11:59:59.999000+00:00,2026-03-23 11:59:59.999000+00:00,1,67845.21397986622,68822.7823977204,-977.5684178541705
base_01,Holt-Winters,2026-03-23 11:59:59.999000+00:00,2026-03-24 11:59:59.999000+00:00,1,70914.86299152786,67961.73472375065,2953.1282677772106
base_01,Holt-Winters,2026-03-24 11:59:59.999000+00:00,2026-03-25 11:59:59.999000+00:00,1,70517.85954822176,70743.72209405748,-225.8625458357128
base_01,Holt-Winters,2026-03-25 11:59:59.999000+00:00,2026-03-26 11:59:59.999000+00:00,1,71309.88023249837,70848.28944429317,461.5907882051979
base_01,Holt-Winters,2026-03-26 11:59:59.999000+00:00,2026-03-27 11:59:59.999000+00:00,1,68791.62251021616,70969.46750983282,-2177.84499961666
base_01,Holt-Winters,2026-03-27 11:59:59.999000+00:00,2026-03-28 11:59:59.999000+00:00,1,66338.3712323883,68763.04351939523,-2424.672287006935
base_01,Holt-Winters,2026-03-28 11:59:59.999000+00:00,2026-03-29 11:59:59.999000+00:00,1,66319.69745111128,66311.00499199677,8.692459114507074
base_01,Holt-Winters,2026-03-29 11:59:59.999000+00:00,2026-03-30 11:59:59.999000+00:00,1,65954.91925741613,66424.43824091592,-469.5189834997873
base_01,Holt-Winters,2026-03-30 11:59:59.999000+00:00,2026-03-31 11:59:59.999000+00:00,1,66691.4425240951,66081.59880293961,609.8437211554847
base_01,Holt-Winters,2026-03-31 11:59:59.999000+00:00,2026-04-01 11:59:59.999000+00:00,1,68233.31556119065,66532.10965194934,1701.205909241311
base_01,Holt-Winters,2026-04-01 11:59:59.999000+00:00,2026-04-02 11:59:59.999000+00:00,1,68078.55315891042,68556.589372349,-478.0362134385796
base_01,Holt-Winters,2026-04-02 11:59:59.999000+00:00,2026-04-03 11:59:59.999000+00:00,1,66888.5721018824,67745.9701124937,-857.3980106113013
base_01,Holt-Winters,2026-04-03 11:59:59.999000+00:00,2026-04-04 11:59:59.999000+00:00,1,66931.099247444,66851.71944034084,79.37980710316333
base_01,Holt-Winters,2026-04-04 11:59:59.999000+00:00,2026-04-05 11:59:59.999000+00:00,1,67290.51814887005,66903.20346520658,387.3146836634696
base_01,Holt-Winters,2026-04-05 11:59:59.999000+00:00,2026-04-06 11:59:59.999000+00:00,1,68981.90079218811,67394.30984541353,1587.5909467745805
base_01,Holt-Winters,2026-04-06 11:59:59.999000+00:00,2026-04-07 11:59:59.999000+00:00,1,68859.82639500768,69146.68053122259,-286.8541362149117
base_01,Holt-Winters,2026-04-07 11:59:59.999000+00:00,2026-04-08 11:59:59.999000+00:00,1,71940.7012947185,68701.19651032858,3239.504784389923
base_01,Holt-Winters,2026-04-08 11:59:59.999000+00:00,2026-04-09 11:59:59.999000+00:00,1,71123.3584710525,72276.98893975279,-1153.6304687002848
base_01,Holt-Winters,2026-04-09 11:59:59.999000+00:00,2026-04-10 11:59:59.999000+00:00,1,71767.82512780256,70770.24389621094,997.5812315916119
base_01,Holt-Winters,2026-04-10 11:59:59.999000+00:00,2026-04-11 11:59:59.999000+00:00,1,72979.05032706735,71725.50177614047,1253.5485509268765
base_01,Holt-Winters,2026-04-11 11:59:59.999000+00:00,2026-04-12 11:59:59.999000+00:00,1,73054.2696888107,72946.37432543232,107.89536337838217
base_01,Holt-Winters,2026-04-12 11:59:59.999000+00:00,2026-04-13 11:59:59.999000+00:00,1,70753.40833408691,73170.30875182591,-2416.9004177390016
base_01,Holt-Winters,2026-04-13 11:59:59.999000+00:00,2026-04-14 11:59:59.999000+00:00,1,74484.63775041384,70887.8557537084,3596.7819967054384
base_01,Holt-Winters,2026-04-14 11:59:59.999000+00:00,2026-04-15 11:59:59.999000+00:00,1,74181.61165100952,74324.44008383663,-142.8284328271111
base_01,Holt-Winters,2026-04-15 11:59:59.999000+00:00,2026-04-16 11:59:59.999000+00:00,1,74805.07543648196,74521.26877931158,283.8066571703821
base_01,Holt-Winters,2026-04-16 11:59:59.999000+00:00,2026-04-17 11:59:59.999000+00:00,1,75152.12937634182,74436.01534821888,716.1140281229455
base_01,Holt-Winters,2026-04-17 11:59:59.999000+00:00,2026-04-18 11:59:59.999000+00:00,1,77126.87855986014,75111.63737435646,2015.2411855036771
base_01,Holt-Winters,2026-04-18 11:59:59.999000+00:00,2026-04-19 11:59:59.999000+00:00,1,75726.20755616415,77089.86235704058,-1363.654800876422
base_01,Holt-Winters,2026-04-19 11:59:59.999000+00:00,2026-04-20 11:59:59.999000+00:00,1,73856.35478817236,75832.40433601302,-1976.049547840652
base_01,Holt-Winters,2026-04-20 11:59:59.999000+00:00,2026-04-21 11:59:59.999000+00:00,1,75872.52478412843,74011.80821125963,1860.7165728687978
base_01,Holt-Winters,2026-04-21 11:59:59.999000+00:00,2026-04-22 11:59:59.999000+00:00,1,76352.77694271023,75707.68567744059,645.0912652696425
base_01,Holt-Winters,2026-04-22 11:59:59.999000+00:00,2026-04-23 11:59:59.999000+00:00,1,78203.09985676418,76702.2929732125,1500.8068835516751
base_01,Holt-Winters,2026-04-23 11:59:59.999000+00:00,2026-04-24 11:59:59.999000+00:00,1,78268.95410801632,77818.50119831512,450.4529097011982
base_01,Holt-Winters,2026-04-24 11:59:59.999000+00:00,2026-04-25 11:59:59.999000+00:00,1,77455.31561794388,78235.22088354916,-779.9052656052809
base_01,Holt-Winters,2026-04-25 11:59:59.999000+00:00,2026-04-26 11:59:59.999000+00:00,1,77612.01787472462,77410.53858169414,201.47929303048295
base_01,Holt-Winters,2026-04-26 11:59:59.999000+00:00,2026-04-27 11:59:59.999000+00:00,1,78657.5394229309,77708.88016019517,948.6592627357313
base_01,Holt-Winters,2026-04-27 11:59:59.999000+00:00,2026-04-28 11:59:59.999000+00:00,1,77366.62342550905,78829.23927905125,-1462.6158535422
base_01,Holt-Winters,2026-04-28 11:59:59.999000+00:00,2026-04-29 11:59:59.999000+00:00,1,76350.67385656755,77200.82130664572,-850.1474500781769
base_01,Holt-Winters,2026-04-29 11:59:59.999000+00:00,2026-04-30 11:59:59.999000+00:00,1,75776.13655438689,76708.15073745442,-932.0141830675275
base_01,Holt-Winters,2026-04-30 11:59:59.999000+00:00,2026-05-01 11:59:59.999000+00:00,1,76304.31879680282,75407.70701841096,896.6117783918598
base_01,Holt-Winters,2026-05-01 11:59:59.999000+00:00,2026-05-02 11:59:59.999000+00:00,1,78179.00372062408,76268.75524903712,1910.248471586965
base_01,Holt-Winters,2026-05-02 11:59:59.999000+00:00,2026-05-03 11:59:59.999000+00:00,1,78657.24856610392,78134.38145968242,522.8671064215014
base_01,Holt-Winters,2026-05-03 11:59:59.999000+00:00,2026-05-04 11:59:59.999000+00:00,1,78538.22338525036,78759.87740758173,-221.65402233137866
base_01,Holt-Winters,2026-05-04 11:59:59.999000+00:00,2026-05-05 11:59:59.999000+00:00,1,79827.90609480675,78701.61865743958,1126.2874373671657
base_01,Holt-Winters,2026-05-05 11:59:59.999000+00:00,2026-05-06 11:59:59.999000+00:00,1,80927.05164940716,79650.16797952837,1276.8836698787927
base_01,Holt-Winters,2026-05-06 11:59:59.999000+00:00,2026-05-07 11:59:59.999000+00:00,1,81427.53296903499,81297.05804862443,130.47492041056103
base_01,Holt-Winters,2026-05-07 11:59:59.999000+00:00,2026-05-08 11:59:59.999000+00:00,1,80009.99377551692,81032.02526770567,-1022.0314921887475
base_01,Holt-Winters,2026-05-08 11:59:59.999000+00:00,2026-05-09 11:59:59.999000+00:00,1,80186.76228443993,79980.28640535324,206.47587908669084
base_01,Holt-Winters,2026-05-09 11:59:59.999000+00:00,2026-05-10 11:59:59.999000+00:00,1,80664.36769147658,80142.3856144361,521.9820770404767
base_01,Holt-Winters,2026-05-10 11:59:59.999000+00:00,2026-05-11 11:59:59.999000+00:00,1,82138.93139455045,80766.66332178918,1372.268072761275
base_01,Holt-Winters,2026-05-11 11:59:59.999000+00:00,2026-05-12 11:59:59.999000+00:00,1,81728.30033269321,82313.33214702368,-585.0318143304758
base_01,Holt-Winters,2026-05-12 11:59:59.999000+00:00,2026-05-13 11:59:59.999000+00:00,1,80477.49603969125,81552.24518734131,-1074.7491476500581
base_01,Holt-Winters,2026-05-13 11:59:59.999000+00:00,2026-05-14 11:59:59.999000+00:00,1,79277.11435904496,80846.60939956598,-1569.495040521011
base_01,Holt-Winters,2026-05-14 11:59:59.999000+00:00,2026-05-15 11:59:59.999000+00:00,1,81051.25048674886,78887.94596171327,2163.3045250355935
base_01,Holt-Winters,2026-05-15 11:59:59.999000+00:00,2026-05-16 11:59:59.999000+00:00,1,79065.6831951815,81104.16035248272,-2038.4771573012258
base_01,Holt-Winters,2026-05-16 11:59:59.999000+00:00,2026-05-17 11:59:59.999000+00:00,1,78131.43410962251,79025.81728450893,-894.3831748864177
base_01,Holt-Winters,2026-05-17 11:59:59.999000+00:00,2026-05-18 11:59:59.999000+00:00,1,77429.35519853412,78240.38105011212,-811.0258515780006
base_01,Holt-Winters,2026-05-18 11:59:59.999000+00:00,2026-05-19 11:59:59.999000+00:00,1,76954.17551219983,77594.24331844752,-640.0678062476945
base_01,Holt-Winters,2026-05-19 11:59:59.999000+00:00,2026-05-20 11:59:59.999000+00:00,1,76750.90401037443,76786.13326538178,-35.22925500734709
base_01,Holt-Winters,2026-05-20 11:59:59.999000+00:00,2026-05-21 11:59:59.999000+00:00,1,77457.7734947166,77097.20501985471,360.5684748618951
base_01,Holt-Winters,2026-05-21 11:59:59.999000+00:00,2026-05-22 11:59:59.999000+00:00,1,77539.16918693176,77090.67685901934,448.49232791241957
base_01,Holt-Winters,2026-05-22 11:59:59.999000+00:00,2026-05-23 11:59:59.999000+00:00,1,75488.24251898863,77502.57104393521,-2014.3285249465844
base_01,Holt-Winters,2026-05-23 11:59:59.999000+00:00,2026-05-24 11:59:59.999000+00:00,1,76673.36511200857,75448.0999147236,1225.2651972849708
base_01,Holt-Winters,2026-05-24 11:59:59.999000+00:00,2026-05-25 11:59:59.999000+00:00,1,76981.12726529702,76777.09946857221,204.0277967248112
base_01,Holt-Winters,2026-05-25 11:59:59.999000+00:00,2026-05-26 11:59:59.999000+00:00,1,77279.92611112288,77142.01769216951,137.90841895337508
base_01,Holt-Winters,2026-05-26 11:59:59.999000+00:00,2026-05-27 11:59:59.999000+00:00,1,75825.7348078344,77110.75738193702,-1285.0225741026225
base_01,Holt-Winters,2026-05-27 11:59:59.999000+00:00,2026-05-28 11:59:59.999000+00:00,1,74344.70121337207,76170.49240149837,-1825.791188126299
base_01,Holt-Winters,2026-05-28 11:59:59.999000+00:00,2026-05-29 11:59:59.999000+00:00,1,73536.55825078522,73996.88210749591,-460.32385671068914
base_01,Holt-Winters,2026-05-29 11:59:59.999000+00:00,2026-05-30 11:59:59.999000+00:00,1,73372.52701970768,73494.51409902435,-121.98707931667741
base_01,Holt-Winters,2026-05-30 11:59:59.999000+00:00,2026-05-31 11:59:59.999000+00:00,1,73754.83868090664,73341.03845094168,413.800229964967
base_01,Holt-Winters,2026-05-31 11:59:59.999000+00:00,2026-06-01 11:59:59.999000+00:00,1,73579.68785248669,73857.71703807164,-278.02918558495
base_01,Holt-Winters,2026-06-01 11:59:59.999000+00:00,2026-06-02 11:59:59.999000+00:00,1,71319.77113041593,73736.55986516198,-2416.788734746049
base_01,Holt-Winters,2026-06-02 11:59:59.999000+00:00,2026-06-03 11:59:59.999000+00:00,1,66703.6600051648,71161.45061784193,-4457.790612677127
base_01,Holt-Winters,2026-06-03 11:59:59.999000+00:00,2026-06-04 11:59:59.999000+00:00,1,64014.36706677971,67004.3259706052,-2989.9589038254926
base_01,Holt-Winters,2026-06-04 11:59:59.999000+00:00,2026-06-05 11:59:59.999000+00:00,1,63801.57423484784,63718.75305436746,82.82118048037955
base_01,Holt-Winters,2026-06-05 11:59:59.999000+00:00,2026-06-06 11:59:59.999000+00:00,1,60922.666333508816,63770.14268249373,-2847.476348984914
base_01,Holt-Winters,2026-06-06 11:59:59.999000+00:00,2026-06-07 11:59:59.999000+00:00,1,60867.41430919016,60904.752342341846,-37.33803315168916
base_01,Holt-Winters,2026-06-07 11:59:59.999000+00:00,2026-06-08 11:59:59.999000+00:00,1,63239.51960014498,60958.06515098496,2281.4544491600172
base_01,Holt-Winters,2026-06-08 11:59:59.999000+00:00,2026-06-09 11:59:59.999000+00:00,1,63090.59017041845,63370.259831227086,-279.66966080863494
base_01,Holt-Winters,2026-06-09 11:59:59.999000+00:00,2026-06-10 11:59:59.999000+00:00,1,61643.78042523286,62937.495777017444,-1293.7153517845873
base_01,Holt-Winters,2026-06-10 11:59:59.999000+00:00,2026-06-11 11:59:59.999000+00:00,1,61449.288433366004,61913.495904797426,-464.20747143142216
base_01,Holt-Winters,2026-06-11 11:59:59.999000+00:00,2026-06-12 11:59:59.999000+00:00,1,63561.05340220524,61167.12281521883,2393.930586986411
base_01,Holt-Winters,2026-06-12 11:59:59.999000+00:00,2026-06-13 11:59:59.999000+00:00,1,63543.19830571025,63519.79786539658,23.400440313671425
base_01,Holt-Winters,2026-06-13 11:59:59.999000+00:00,2026-06-14 11:59:59.999000+00:00,1,64421.32531378413,63523.147775454985,898.177538329146
base_01,Holt-Winters,2026-06-14 11:59:59.999000+00:00,2026-06-15 11:59:59.999000+00:00,1,65710.39994119978,64523.37304104588,1187.0269001538982
base_01,Holt-Winters,2026-06-15 11:59:59.999000+00:00,2026-06-16 11:59:59.999000+00:00,1,66289.49709817079,65843.96872877453,445.5283693962556
base_01,Holt-Winters,2026-06-16 11:59:59.999000+00:00,2026-06-17 11:59:59.999000+00:00,1,65600.64307031105,66122.27013270285,-521.6270623917953
base_01,Holt-Winters,2026-06-17 11:59:59.999000+00:00,2026-06-18 11:59:59.999000+00:00,1,64418.4461112965,65883.91840990697,-1465.472298610468
base_01,Holt-Winters,2026-06-18 11:59:59.999000+00:00,2026-06-19 11:59:59.999000+00:00,1,62896.473140210524,64129.41136955086,-1232.9382293403323
base_01,Holt-Winters,2026-06-19 11:59:59.999000+00:00,2026-06-20 11:59:59.999000+00:00,1,63540.83551190768,62856.08764779515,684.7478641125272
base_01,Holt-Winters,2026-06-20 11:59:59.999000+00:00,2026-06-21 11:59:59.999000+00:00,1,64239.67608125665,63523.95229685104,715.7237844056071
base_01,Holt-Winters,2026-06-21 11:59:59.999000+00:00,2026-06-22 11:59:59.999000+00:00,1,63237.53800397451,64345.859564805345,-1108.3215608308383
base_01,Holt-Winters,2026-06-22 11:59:59.999000+00:00,2026-06-23 11:59:59.999000+00:00,1,63952.10718838148,63368.97811281233,583.1290755691516
base_01,Holt-Winters,2026-06-23 11:59:59.999000+00:00,2026-06-24 11:59:59.999000+00:00,1,62668.02127182165,63758.99218298879,-1090.97091116714
base_01,Holt-Winters,2026-06-24 11:59:59.999000+00:00,2026-06-25 11:59:59.999000+00:00,1,60995.1331465521,62934.85267481068,-1939.7195282585817
base_01,Holt-Winters,2026-06-25 11:59:59.999000+00:00,2026-06-26 11:59:59.999000+00:00,1,59721.67718353604,60718.93127930283,-997.2540957667879
base_01,Holt-Winters,2026-06-26 11:59:59.999000+00:00,2026-06-27 11:59:59.999000+00:00,1,60016.42812551923,59686.97001810637,329.4581074128655
base_01,Holt-Winters,2026-06-27 11:59:59.999000+00:00,2026-06-28 11:59:59.999000+00:00,1,59940.095723129656,60004.53809374342,-64.44237061376043
base_01,Holt-Winters,2026-06-28 11:59:59.999000+00:00,2026-06-29 11:59:59.999000+00:00,1,59532.34134872448,60037.471073820554,-505.1297250960706
base_01,Holt-Winters,2026-06-29 11:59:59.999000+00:00,2026-06-30 11:59:59.999000+00:00,1,60138.377281171444,59659.70117230997,478.67610886147304
base_01,Holt-Winters,2026-06-30 11:59:59.999000+00:00,2026-07-01 11:59:59.999000+00:00,1,58558.85849470885,59984.07616669134,-1425.2176719824856
base_01,Holt-Winters,2026-07-01 11:59:59.999000+00:00,2026-07-02 11:59:59.999000+00:00,1,60003.75670005626,58803.872363523304,1199.8843365329594
base_01,Holt-Winters,2026-07-02 11:59:59.999000+00:00,2026-07-03 11:59:59.999000+00:00,1,61485.2991940841,59729.347110082104,1755.9520840019977
base_01,Holt-Winters,2026-07-03 11:59:59.999000+00:00,2026-07-04 11:59:59.999000+00:00,1,62544.200871125904,61449.92992752087,1094.2709436050354
base_01,Holt-Winters,2026-07-04 11:59:59.999000+00:00,2026-07-05 11:59:59.999000+00:00,1,63088.306166519855,62530.43690278585,557.8692637340064
base_01,Holt-Winters,2026-07-05 11:59:59.999000+00:00,2026-07-06 11:59:59.999000+00:00,1,63547.88421082061,63187.647151503086,360.2370593175219
base_01,Holt-Winters,2026-07-06 11:59:59.999000+00:00,2026-07-07 11:59:59.999000+00:00,1,63995.01590457115,63683.47696217748,311.5389423936649
base_01,Holt-Winters,2026-07-07 11:59:59.999000+00:00,2026-07-08 11:59:59.999000+00:00,1,63297.396315570295,63824.22397714593,-526.8276615756331
base_01,Holt-Winters,2026-07-08 11:59:59.999000+00:00,2026-07-09 11:59:59.999000+00:00,1,62257.57570481748,63563.83848039748,-1306.2627755799986
base_01,Holt-Winters,2026-07-09 11:59:59.999000+00:00,2026-07-10 11:59:59.999000+00:00,1,63193.14767541663,61977.48479410071,1215.6628813159186
base_01,Holt-Winters,2026-07-10 11:59:59.999000+00:00,2026-07-11 11:59:59.999000+00:00,1,64127.14200564058,63159.63855813102,967.5034475095599
base_01,Holt-Winters,2026-07-11 11:59:59.999000+00:00,2026-07-12 11:59:59.999000+00:00,1,63802.026626271436,64114.18426359517,-312.15763732373307
base_01,Holt-Winters,2026-07-12 11:59:59.999000+00:00,2026-07-13 11:59:59.999000+00:00,1,63758.21852318039,63903.41615222899,-145.19762904859817
base_01,Holt-Winters,2026-07-13 11:59:59.999000+00:00,2026-07-14 11:59:59.999000+00:00,1,62239.12272912624,63895.27420709118,-1656.151477964937
base_01,Holt-Winters,2026-07-14 11:59:59.999000+00:00,2026-07-15 11:59:59.999000+00:00,1,64956.114226158075,62072.09839765833,2884.015828499745
base_01,Holt-Winters,2026-07-15 11:59:59.999000+00:00,2026-07-16 11:59:59.999000+00:00,1,64712.376491365714,65168.38166541688,-456.0051740511626
base_01,Holt-Winters,2026-07-16 11:59:59.999000+00:00,2026-07-17 11:59:59.999000+00:00,1,63789.27945534556,64424.256306545954,-634.9768512003939
base_01,Holt-Winters,2026-07-17 11:59:59.999000+00:00,2026-07-18 11:59:59.999000+00:00,1,63899.45899791906,63758.57514393363,140.88385398542596
base_01,Holt-Winters,2026-07-18 11:59:59.999000+00:00,2026-07-19 11:59:59.999000+00:00,1,64796.60308902005,63885.56107757129,911.042011448757
base_01,Holt-Winters,2026-07-19 11:59:59.999000+00:00,2026-07-20 11:59:59.999000+00:00,1,64690.80495914814,64898.59073047438,-207.78577132624196
base_01,Holt-Winters,2026-07-20 11:59:59.999000+00:00,2026-07-21 11:59:59.999000+00:00,1,65230.02619403271,64823.55462605495,406.47156797775824
base_01,Holt-Winters,2026-07-21 11:59:59.999000+00:00,2026-07-22 11:59:59.999000+00:00,1,66505.12243620168,65063.52219999883,1441.600236202852
base_01,Holt-Winters,2026-07-22 11:59:59.999000+00:00,2026-07-23 11:59:59.999000+00:00,1,66100.79952459608,66776.78542500045,-675.9859004043683
base_01,Holt-Winters,2026-07-23 11:59:59.999000+00:00,2026-07-24 11:59:59.999000+00:00,1,65044.81420944089,65803.46810231321,-758.6538928723239
base_01,Holt-Winters,2026-07-24 11:59:59.999000+00:00,2026-07-25 11:59:59.999000+00:00,1,64098.49783446598,65013.385158099976,-914.8873236339932
base_01,Holt-Winters,2026-07-25 11:59:59.999000+00:00,2026-07-26 11:59:59.999000+00:00,1,64311.811411853945,64087.7270800542,224.08433179974236
base_01,Holt-Winters,2026-07-26 11:59:59.999000+00:00,2026-07-27 11:59:59.999000+00:00,1,65340.30111696009,64412.5547948078,927.7463221522848
base_01,Holt-Winters,2026-07-27 11:59:59.999000+00:00,2026-07-28 11:59:59.999000+00:00,1,63724.897675781795,65475.540449150016,-1750.6427733682212
base_01,Holt-Winters,2026-07-28 11:59:59.999000+00:00,2026-07-29 11:59:59.999000+00:00,1,63871.363661081654,63568.135548478676,303.2281126029775
base_01,Holt-Winters,2026-07-29 11:59:59.999000+00:00,2026-07-30 11:59:59.999000+00:00,1,63908.16797586797,64131.17632685898,-223.00835099101096
base_01,Holt-Winters,2026-07-30 11:59:59.999000+00:00,2026-07-31 11:59:59.999000+00:00,1,64725.30694754697,63619.10065995137,1106.2062875955962
base_01,Holt-Winters,2026-07-31 11:59:59.999000+00:00,2026-08-01 11:59:59.999000+00:00,1,62813.74727922484,64690.917520848685,-1877.1702416238477
base_01,Holt-Winters,2026-08-01 11:59:59.999000+00:00,2026-08-02 11:59:59.999000+00:00,1,62763.320664606166,62804.626176691374,-41.30551208520774
base_01,Holt-Winters,2026-08-02 11:59:59.999000+00:00,2026-08-03 11:59:59.999000+00:00,1,63481.99891620785,62801.171557390364,680.8273588174852
base_01,Holt-Winters,2026-08-03 11:59:59.999000+00:00,2026-08-04 11:59:59.999000+00:00,1,63460.898508760445,63608.145220675404,-147.24671191495872
base_01,Holt-Winters,2026-08-04 11:59:59.999000+00:00,2026-08-05 11:59:59.999000+00:00,1,64055.95346396064,63305.935383158816,750.0180808018267
base_01,Holt-Winters,2026-08-05 11:59:59.999000+00:00,2026-08-06 11:59:59.999000+00:00,1,64597.4991894323,64315.674172006366,281.8250174259374
base_01,Holt-Winters,2026-08-06 11:59:59.999000+00:00,2026-08-07 11:59:59.999000+00:00,1,64262.11315986208,64308.86196720403,-46.74880734195176
base_01,Holt-Winters,2026-08-07 11:59:59.999000+00:00,2026-08-08 11:59:59.999000+00:00,1,64880.18992794641,64221.55665765247,658.6332702939399
base_01,Holt-Winters,2026-08-08 11:59:59.999000+00:00,2026-08-09 11:59:59.999000+00:00,1,64904.686597840824,64869.61180716065,35.0747906801771
base_01,Holt-Winters,2026-08-09 11:59:59.999000+00:00,2026-08-10 11:59:59.999000+00:00,1,64844.88526056732,65011.565121227184,-166.6798606598677
base_01,Holt-Winters,2026-08-10 11:59:59.999000+00:00,2026-08-11 11:59:59.999000+00:00,1,63910.586753885575,64972.53957647955,-1061.952822593972
base_01,Holt-Winters,2026-08-11 11:59:59.999000+00:00,2026-08-12 11:59:59.999000+00:00,1,63551.87333774477,63756.94334525747,-205.07000751269516
base_01,Holt-Winters,2026-08-12 11:59:59.999000+00:00,2026-08-13 11:59:59.999000+00:00,1,63402.43362537117,63810.802366975615,-408.3687416044413
base_01,Holt-Winters,2026-08-13 11:59:59.999000+00:00,2026-08-14 11:59:59.999000+00:00,1,63402.17125005826,63119.5741645776,282.5970854806583
base_01,Holt-Winters,2026-08-14 11:59:59.999000+00:00,2026-08-15 11:59:59.999000+00:00,1,62975.59383765358,63364.83102728922,-389.2371896356417
base_01,Holt-Winters,2026-08-15 11:59:59.999000+00:00,2026-08-16 11:59:59.999000+00:00,1,63024.31944618373,62966.31717028639,58.002275897335494
base_01,Holt-Winters,2026-08-16 11:59:59.999000+00:00,2026-08-17 11:59:59.999000+00:00,1,62818.651078477385,63128.449077917205,-309.79799943981925
base_01,Holt-Winters,2026-08-17 11:59:59.999000+00:00,2026-08-18 11:59:59.999000+00:00,1,64506.25528743356,62939.65067390938,1566.6046135241777
base_01,Holt-Winters,2026-08-18 11:59:59.999000+00:00,2026-08-19 11:59:59.999000+00:00,1,64680.712326016976,64350.1724570257,330.5398689912763
base_01,Holt-Winters,2026-08-19 11:59:59.999000+00:00,2026-08-20 11:59:59.999000+00:00,1,69266.18565852672,64942.255477899016,4323.930180627707
base_01,Holt-Winters,2026-08-20 11:59:59.999000+00:00,2026-08-21 11:59:59.999000+00:00,1,73032.76119017735,68955.05911084013,4077.702079337221
base_01,Holt-Winters,2026-08-21 11:59:59.999000+00:00,2026-08-22 11:59:59.999000+00:00,1,78335.18447127173,72982.61247475984,5352.5719965118915
base_01,Holt-Winters,2026-08-22 11:59:59.999000+00:00,2026-08-23 11:59:59.999000+00:00,1,77083.41369629378,78313.93486309849,-1230.5211668047123
base_01,Holt-Winters,2026-08-23 11:59:59.999000+00:00,2026-08-24 11:59:59.999000+00:00,1,77755.26185892553,77200.52691643067,554.7349424948625
base_01,Holt-Winters,2026-08-24 11:59:59.999000+00:00,2026-08-25 11:59:59.999000+00:00,1,78964.48188718018,77901.95535414884,1062.5265330313414
base_01,Holt-Winters,2026-08-25 11:59:59.999000+00:00,2026-08-26 11:59:59.999000+00:00,1,78564.9770338259,78765.24536294144,-200.26832911554084
base_01,Holt-Winters,2026-08-26 11:59:59.999000+00:00,2026-08-27 11:59:59.999000+00:00,1,79027.42375214693,78892.12598506734,135.29776707959536
base_01,Holt-Winters,2026-08-27 11:59:59.999000+00:00,2026-08-28 11:59:59.999000+00:00,1,80257.54237127447,78684.5433839418,1572.9989873326704
base_01,Holt-Winters,2026-08-28 11:59:59.999000+00:00,2026-08-29 11:59:59.999000+00:00,1,77830.2884161716,80223.68552974748,-2393.3971135758766
base_01,Holt-Winters,2026-08-29 11:59:59.999000+00:00,2026-08-30 11:59:59.999000+00:00,1,78245.81183339408,77803.25433407472,442.5574993193586
base_01,Holt-Winters,2026-08-30 11:59:59.999000+00:00,2026-08-31 11:59:59.999000+00:00,1,77667.57335298105,78366.78780749404,-699.214454512985
base_01,Holt-Winters,2026-08-31 11:59:59.999000+00:00,2026-09-01 11:59:59.999000+00:00,1,78548.63425232602,77819.62210281556,729.0121495104686
base_01,Holt-Winters,2026-09-01 11:59:59.999000+00:00,2026-09-02 11:59:59.999000+00:00,1,77403.62419920585,78349.81980945832,-946.1956102524709
base_01,Holt-Winters,2026-09-02 11:59:59.999000+00:00,2026-09-03 11:59:59.999000+00:00,1,77300.47890614565,77727.50700759808,-427.02810145242256
base_01,Holt-Winters,2026-09-03 11:59:59.999000+00:00,2026-09-04 11:59:59.999000+00:00,1,81271.74521290051,76974.38841992343,4297.35679297708
base_01,Holt-Winters,2026-09-04 11:59:59.999000+00:00,2026-09-05 11:59:59.999000+00:00,1,79671.96685975797,81223.71875320851,-1551.7518934505351
base_01,Holt-Winters,2026-09-05 11:59:59.999000+00:00,2026-09-06 11:59:59.999000+00:00,1,79823.86734808386,79645.325190179,178.54215790485614
base_01,Holt-Winters,2026-09-06 11:59:59.999000+00:00,2026-09-07 11:59:59.999000+00:00,1,80350.04312037546,79942.51314113145,407.5299792440055
base_01,Holt-Winters,2026-09-07 11:59:59.999000+00:00,2026-09-08 11:59:59.999000+00:00,1,79115.84836277652,80509.21886119325,-1393.370498416727
base_01,Holt-Winters,2026-09-08 11:59:59.999000+00:00,2026-09-09 11:59:59.999000+00:00,1,78438.58091615305,78910.37958294894,-471.7986667958903
base_01,Holt-Winters,2026-09-09 11:59:59.999000+00:00,2026-09-10 11:59:59.999000+00:00,1,78259.51966638006,78764.02001922631,-504.5003528462548
base_01,Holt-Winters,2026-09-10 11:59:59.999000+00:00,2026-09-11 11:59:59.999000+00:00,1,76568.1241336471,77950.4082782811,-1382.2841446340026
base_01,Holt-Winters,2026-09-11 11:59:59.999000+00:00,2026-09-12 11:59:59.999000+00:00,1,77173.79310139746,76518.23839089148,655.5547105059813
base_01,Random Forest,2025-09-12 11:59:59.999000+00:00,2025-09-13 11:59:59.999000+00:00,1,116101.58089647563,114778.91805649849,1322.6628399771434
base_01,Random Forest,2025-09-13 11:59:59.999000+00:00,2025-09-14 11:59:59.999000+00:00,1,115950.50504922486,115608.97064664433,341.53440258052433
base_01,Random Forest,2025-09-14 11:59:59.999000+00:00,2025-09-15 11:59:59.999000+00:00,1,115407.65444742888,116124.50630930172,-716.8518618728413
base_01,Random Forest,2025-09-15 11:59:59.999000+00:00,2025-09-16 11:59:59.999000+00:00,1,115444.87270833744,115049.96904543934,394.90366289809754
base_01,Random Forest,2025-09-16 11:59:59.999000+00:00,2025-09-17 11:59:59.999000+00:00,1,116843.1842506891,115194.82904443944,1648.3552062496601
base_01,Random Forest,2025-09-17 11:59:59.999000+00:00,2025-09-18 11:59:59.999000+00:00,1,116468.50738952006,117526.42091283022,-1057.9135233101551
base_01,Random Forest,2025-09-18 11:59:59.999000+00:00,2025-09-19 11:59:59.999000+00:00,1,117137.20246008378,116854.0795085207,283.12295156306936
base_01,Random Forest,2025-09-19 11:59:59.999000+00:00,2025-09-20 11:59:59.999000+00:00,1,115688.86281801121,117462.96774534063,-1774.1049273294193
base_01,Random Forest,2025-09-20 11:59:59.999000+00:00,2025-09-21 11:59:59.999000+00:00,1,115721.95820758065,115880.34736039292,-158.38915281226218
base_01,Random Forest,2025-09-21 11:59:59.999000+00:00,2025-09-22 11:59:59.999000+00:00,1,115306.09716128901,115766.91805557875,-460.8208942897327
base_01,Random Forest,2025-09-22 11:59:59.999000+00:00,2025-09-23 11:59:59.999000+00:00,1,112748.50562324561,115497.84322165186,-2749.337598406244
base_01,Random Forest,2025-09-23 11:59:59.999000+00:00,2025-09-24 11:59:59.999000+00:00,1,112014.49967651635,113024.05049308848,-1009.5508165721258
base_01,Random Forest,2025-09-24 11:59:59.999000+00:00,2025-09-25 11:59:59.999000+00:00,1,113328.63040885661,113303.28952140905,25.34088744755718
base_01,Random Forest,2025-09-25 11:59:59.999000+00:00,2025-09-26 11:59:59.999000+00:00,1,109049.28795700167,113458.17471073872,-4408.886753737053
base_01,Random Forest,2025-09-26 11:59:59.999000+00:00,2025-09-27 11:59:59.999000+00:00,1,109712.83151827399,110681.15710680326,-968.3255885292747
base_01,Random Forest,2025-09-27 11:59:59.999000+00:00,2025-09-28 11:59:59.999000+00:00,1,109681.9424831994,110191.24070585857,-509.2982226591703
base_01,Random Forest,2025-09-28 11:59:59.999000+00:00,2025-09-29 11:59:59.999000+00:00,1,112122.63915061475,110409.4882876931,1713.150862921655
base_01,Random Forest,2025-09-29 11:59:59.999000+00:00,2025-09-30 11:59:59.999000+00:00,1,114400.3864282159,112494.30542730638,1906.0810009095294
base_01,Random Forest,2025-09-30 11:59:59.999000+00:00,2025-10-01 11:59:59.999000+00:00,1,114056.08364749927,114405.32584610667,-349.24219860740413
base_01,Random Forest,2025-10-01 11:59:59.999000+00:00,2025-10-02 11:59:59.999000+00:00,1,118648.92858787146,114117.23334845364,4531.695239417822
base_01,Random Forest,2025-10-02 11:59:59.999000+00:00,2025-10-03 11:59:59.999000+00:00,1,120681.25972334214,117712.77341203074,2968.486311311397
base_01,Random Forest,2025-10-03 11:59:59.999000+00:00,2025-10-04 11:59:59.999000+00:00,1,122266.53272819234,118972.53832980245,3293.9943983898847
base_01,Random Forest,2025-10-04 11:59:59.999000+00:00,2025-10-05 11:59:59.999000+00:00,1,122425.42872954253,120044.37902824434,2381.049701298194
base_01,Random Forest,2025-10-05 11:59:59.999000+00:00,2025-10-06 11:59:59.999000+00:00,1,123513.47371396709,120540.44630904135,2973.0274049257423
base_01,Random Forest,2025-10-06 11:59:59.999000+00:00,2025-10-07 11:59:59.999000+00:00,1,124752.52835209735,120777.44163368228,3975.08671841507
base_01,Random Forest,2025-10-07 11:59:59.999000+00:00,2025-10-08 11:59:59.999000+00:00,1,121451.37907032672,121945.48161030539,-494.10253997867403
base_01,Random Forest,2025-10-08 11:59:59.999000+00:00,2025-10-09 11:59:59.999000+00:00,1,123354.87033539126,121362.70189903231,1992.1684363589447
base_01,Random Forest,2025-10-09 11:59:59.999000+00:00,2025-10-10 11:59:59.999000+00:00,1,121705.5822667133,121735.96040680727,-30.37814009396243
base_01,Random Forest,2025-10-10 11:59:59.999000+00:00,2025-10-11 11:59:59.999000+00:00,1,113214.36599312934,121701.42426172932,-8487.058268599983
base_01,Random Forest,2025-10-11 11:59:59.999000+00:00,2025-10-12 11:59:59.999000+00:00,1,110807.87931986216,113279.20578062294,-2471.3264607607853
base_01,Random Forest,2025-10-12 11:59:59.999000+00:00,2025-10-13 11:59:59.999000+00:00,1,115169.76392469808,111417.6467613657,3752.117163332383
base_01,Random Forest,2025-10-13 11:59:59.999000+00:00,2025-10-14 11:59:59.999000+00:00,1,115271.07513679353,113541.89480906146,1729.1803277320723
base_01,Random Forest,2025-10-14 11:59:59.999000+00:00,2025-10-15 11:59:59.999000+00:00,1,113118.66715980553,114167.58689557375,-1048.9197357682278
base_01,Random Forest,2025-10-15 11:59:59.999000+00:00,2025-10-16 11:59:59.999000+00:00,1,110783.16685486272,112760.1239814642,-1976.9571266014827
base_01,Random Forest,2025-10-16 11:59:59.999000+00:00,2025-10-17 11:59:59.999000+00:00,1,108186.03847532927,111896.19745765594,-3710.1589823266695
base_01,Random Forest,2025-10-17 11:59:59.999000+00:00,2025-10-18 11:59:59.999000+00:00,1,106467.78522769098,109234.85091012964,-2767.0656824386533
base_01,Random Forest,2025-10-18 11:59:59.999000+00:00,2025-10-19 11:59:59.999000+00:00,1,107198.26685138312,106791.53232100248,406.734530380636
base_01,Random Forest,2025-10-19 11:59:59.999000+00:00,2025-10-20 11:59:59.999000+00:00,1,108666.71152632662,108077.63295405458,589.078572272032
base_01,Random Forest,2025-10-20 11:59:59.999000+00:00,2025-10-21 11:59:59.999000+00:00,1,110588.93015945522,108609.94387782151,1978.9862816337118
base_01,Random Forest,2025-10-21 11:59:59.999000+00:00,2025-10-22 11:59:59.999000+00:00,1,108476.88697879825,110622.2593614739,-2145.372382675647
base_01,Random Forest,2025-10-22 11:59:59.999000+00:00,2025-10-23 11:59:59.999000+00:00,1,107688.58812261626,109014.34394832613,-1325.7558257098717
base_01,Random Forest,2025-10-23 11:59:59.999000+00:00,2025-10-24 11:59:59.999000+00:00,1,110069.72291805925,108005.81823706729,2063.9046809919673
base_01,Random Forest,2025-10-24 11:59:59.999000+00:00,2025-10-25 11:59:59.999000+00:00,1,111033.92308097401,110542.58168164676,491.3413993272552
base_01,Random Forest,2025-10-25 11:59:59.999000+00:00,2025-10-26 11:59:59.999000+00:00,1,111641.73000798358,111713.67178330575,-71.94177532216418
base_01,Random Forest,2025-10-26 11:59:59.999000+00:00,2025-10-27 11:59:59.999000+00:00,1,114472.443362309,112262.41347131447,2210.029890994527
base_01,Random Forest,2025-10-27 11:59:59.999000+00:00,2025-10-28 11:59:59.999000+00:00,1,114119.32479048047,114953.56330811905,-834.2385176385724
base_01,Random Forest,2025-10-28 11:59:59.999000+00:00,2025-10-29 11:59:59.999000+00:00,1,112956.1663764569,114974.9482445053,-2018.7818680484052
base_01,Random Forest,2025-10-29 11:59:59.999000+00:00,2025-10-30 11:59:59.999000+00:00,1,110055.30286229074,112541.50255498689,-2486.1996926961438
base_01,Random Forest,2025-10-30 11:59:59.999000+00:00,2025-10-31 11:59:59.999000+00:00,1,108305.54876178248,110158.30346093014,-1852.7546991476556
base_01,Random Forest,2025-10-31 11:59:59.999000+00:00,2025-11-01 11:59:59.999000+00:00,1,109556.16087014778,108381.19363121521,1174.9672389325715
base_01,Random Forest,2025-11-01 11:59:59.999000+00:00,2025-11-02 11:59:59.999000+00:00,1,110064.0174011764,109966.07956642211,97.93783475429518
base_01,Random Forest,2025-11-02 11:59:59.999000+00:00,2025-11-03 11:59:59.999000+00:00,1,110639.62631101506,110725.47062428523,-85.844313270165
base_01,Random Forest,2025-11-03 11:59:59.999000+00:00,2025-11-04 11:59:59.999000+00:00,1,106547.51960408686,110708.32950396158,-4160.8098998747155
base_01,Random Forest,2025-11-04 11:59:59.999000+00:00,2025-11-05 11:59:59.999000+00:00,1,101590.52231689313,107123.67237403046,-5533.150057137333
base_01,Random Forest,2025-11-05 11:59:59.999000+00:00,2025-11-06 11:59:59.999000+00:00,1,103891.83548171549,102532.01193114278,1359.8235505727062
base_01,Random Forest,2025-11-06 11:59:59.999000+00:00,2025-11-07 11:59:59.999000+00:00,1,101301.29047559638,104947.0570249531,-3645.7665493567183
base_01,Random Forest,2025-11-07 11:59:59.999000+00:00,2025-11-08 11:59:59.999000+00:00,1,103372.40671821768,102583.93746804797,788.4692501697136
base_01,Random Forest,2025-11-08 11:59:59.999000+00:00,2025-11-09 11:59:59.999000+00:00,1,102282.11404970971,103471.83448300841,-1189.7204332987021
base_01,Random Forest,2025-11-09 11:59:59.999000+00:00,2025-11-10 11:59:59.999000+00:00,1,104719.63889591319,102906.95970432115,1812.679191592033
base_01,Random Forest,2025-11-10 11:59:59.999000+00:00,2025-11-11 11:59:59.999000+00:00,1,105996.59709213123,103932.03503023295,2064.5620618982794
base_01,Random Forest,2025-11-11 11:59:59.999000+00:00,2025-11-12 11:59:59.999000+00:00,1,102997.47104313906,105329.7531680592,-2332.282124920137
base_01,Random Forest,2025-11-12 11:59:59.999000+00:00,2025-11-13 11:59:59.999000+00:00,1,101663.18673793318,103810.98139461577,-2147.794656682585
base_01,Random Forest,2025-11-13 11:59:59.999000+00:00,2025-11-14 11:59:59.999000+00:00,1,99697.49064364484,102731.33263828586,-3033.8419946410286
base_01,Random Forest,2025-11-14 11:59:59.999000+00:00,2025-11-15 11:59:59.999000+00:00,1,94397.78783274571,100148.49193485505,-5750.704102109332
base_01,Random Forest,2025-11-15 11:59:59.999000+00:00,2025-11-16 11:59:59.999000+00:00,1,95549.14593724243,95354.16816330375,194.97777393867727
base_01,Random Forest,2025-11-16 11:59:59.999000+00:00,2025-11-17 11:59:59.999000+00:00,1,94177.07448088586,95265.9073637271,-1088.8328828412486
base_01,Random Forest,2025-11-17 11:59:59.999000+00:00,2025-11-18 11:59:59.999000+00:00,1,92093.87420869817,95498.5869530772,-3404.7127443790378
base_01,Random Forest,2025-11-18 11:59:59.999000+00:00,2025-11-19 11:59:59.999000+00:00,1,92948.87239203356,94495.65712234628,-1546.78473031272
base_01,Random Forest,2025-11-19 11:59:59.999000+00:00,2025-11-20 11:59:59.999000+00:00,1,91465.9890743479,94173.67194941573,-2707.682875067825
base_01,Random Forest,2025-11-20 11:59:59.999000+00:00,2025-11-21 11:59:59.999000+00:00,1,86631.89856890481,90911.22540232285,-4279.326833418032
base_01,Random Forest,2025-11-21 11:59:59.999000+00:00,2025-11-22 11:59:59.999000+00:00,1,85090.68611401643,88600.29331427788,-3509.607200261453
base_01,Random Forest,2025-11-22 11:59:59.999000+00:00,2025-11-23 11:59:59.999000+00:00,1,84648.35672859022,87206.26153003976,-2557.9048014495347
base_01,Random Forest,2025-11-23 11:59:59.999000+00:00,2025-11-24 11:59:59.999000+00:00,1,86805.00807555199,85677.34650596131,1127.6615695906803
base_01,Random Forest,2025-11-24 11:59:59.999000+00:00,2025-11-25 11:59:59.999000+00:00,1,88270.56197381225,87534.81898868422,735.7429851280322
base_01,Random Forest,2025-11-25 11:59:59.999000+00:00,2025-11-26 11:59:59.999000+00:00,1,87341.8937506326,88523.60809461605,-1181.7143439834472
base_01,Random Forest,2025-11-26 11:59:59.999000+00:00,2025-11-27 11:59:59.999000+00:00,1,90518.36958272244,87553.83551628883,2964.534066433611
base_01,Random Forest,2025-11-27 11:59:59.999000+00:00,2025-11-28 11:59:59.999000+00:00,1,91285.3723441706,88139.39544935197,3145.9768948186247
base_01,Random Forest,2025-11-28 11:59:59.999000+00:00,2025-11-29 11:59:59.999000+00:00,1,90919.26943415534,88508.34964972096,2410.919784434387
base_01,Random Forest,2025-11-29 11:59:59.999000+00:00,2025-11-30 11:59:59.999000+00:00,1,90851.75406527554,89246.53360085953,1605.2204644160083
base_01,Random Forest,2025-11-30 11:59:59.999000+00:00,2025-12-01 11:59:59.999000+00:00,1,90394.30894781704,89412.7951477162,981.5138001008454
base_01,Random Forest,2025-12-01 11:59:59.999000+00:00,2025-12-02 11:59:59.999000+00:00,1,86321.56994630139,89777.12827763721,-3455.558331335822
base_01,Random Forest,2025-12-02 11:59:59.999000+00:00,2025-12-03 11:59:59.999000+00:00,1,91350.20542595383,86026.80612176172,5323.399304192106
base_01,Random Forest,2025-12-03 11:59:59.999000+00:00,2025-12-04 11:59:59.999000+00:00,1,93527.80380024506,87799.66104924427,5728.1427510007925
base_01,Random Forest,2025-12-04 11:59:59.999000+00:00,2025-12-05 11:59:59.999000+00:00,1,92141.62228747756,93257.84934807477,-1116.2270605972153
base_01,Random Forest,2025-12-05 11:59:59.999000+00:00,2025-12-06 11:59:59.999000+00:00,1,89387.75440990008,94334.44795553196,-4946.693545631875
base_01,Random Forest,2025-12-06 11:59:59.999000+00:00,2025-12-07 11:59:59.999000+00:00,1,89272.37384596534,89062.99465993505,209.3791860302881
base_01,Random Forest,2025-12-07 11:59:59.999000+00:00,2025-12-08 11:59:59.999000+00:00,1,90405.63851087491,88432.44835534671,1973.1901555281947
base_01,Random Forest,2025-12-08 11:59:59.999000+00:00,2025-12-09 11:59:59.999000+00:00,1,90640.20558110253,88976.37186483484,1663.8337162676908
base_01,Random Forest,2025-12-09 11:59:59.999000+00:00,2025-12-10 11:59:59.999000+00:00,1,92691.70747023897,89371.00193212862,3320.705538110342
base_01,Random Forest,2025-12-10 11:59:59.999000+00:00,2025-12-11 11:59:59.999000+00:00,1,92020.94573500573,92696.29102392048,-675.3452889147447
base_01,Random Forest,2025-12-11 11:59:59.999000+00:00,2025-12-12 11:59:59.999000+00:00,1,92511.33916341135,92868.98955032886,-357.6503869175067
base_01,Random Forest,2025-12-12 11:59:59.999000+00:00,2025-12-13 11:59:59.999000+00:00,1,90270.41280218972,93107.04271696554,-2836.6299147758255
base_01,Random Forest,2025-12-13 11:59:59.999000+00:00,2025-12-14 11:59:59.999000+00:00,1,90298.71011722588,89382.92364520006,915.7864720258221
base_01,Random Forest,2025-12-14 11:59:59.999000+00:00,2025-12-15 11:59:59.999000+00:00,1,88175.17740990703,89764.46847179867,-1589.2910618916358
base_01,Random Forest,2025-12-15 11:59:59.999000+00:00,2025-12-16 11:59:59.999000+00:00,1,86419.78052359246,89246.2799873605,-2826.4994637680356
base_01,Random Forest,2025-12-16 11:59:59.999000+00:00,2025-12-17 11:59:59.999000+00:00,1,87843.98630649646,86528.58593547951,1315.400371016949
base_01,Random Forest,2025-12-17 11:59:59.999000+00:00,2025-12-18 11:59:59.999000+00:00,1,86143.75766353737,87873.35774538951,-1729.6000818521425
base_01,Random Forest,2025-12-18 11:59:59.999000+00:00,2025-12-19 11:59:59.999000+00:00,1,85462.50638053521,86399.20265585143,-936.6962753162225
base_01,Random Forest,2025-12-19 11:59:59.999000+00:00,2025-12-20 11:59:59.999000+00:00,1,88103.3806268365,84890.61654899109,3212.764077845408
base_01,Random Forest,2025-12-20 11:59:59.999000+00:00,2025-12-21 11:59:59.999000+00:00,1,88343.9985724906,88055.46023296387,288.5383395267272
base_01,Random Forest,2025-12-21 11:59:59.999000+00:00,2025-12-22 11:59:59.999000+00:00,1,88621.75041510115,87424.44265480772,1197.3077602934354
base_01,Random Forest,2025-12-22 11:59:59.999000+00:00,2025-12-23 11:59:59.999000+00:00,1,88490.01920050828,87700.92847644711,789.0907240611705
base_01,Random Forest,2025-12-23 11:59:59.999000+00:00,2025-12-24 11:59:59.999000+00:00,1,87414.00058157048,88255.81714115936,-841.8165595888859
base_01,Random Forest,2025-12-24 11:59:59.999000+00:00,2025-12-25 11:59:59.999000+00:00,1,87611.96148879152,87685.96360713217,-74.00211834064976
base_01,Random Forest,2025-12-25 11:59:59.999000+00:00,2025-12-26 11:59:59.999000+00:00,1,87234.73832648946,87545.47631259229,-310.7379861028312
base_01,Random Forest,2025-12-26 11:59:59.999000+00:00,2025-12-27 11:59:59.999000+00:00,1,87301.43224029081,87394.88215439284,-93.44991410202056
base_01,Random Forest,2025-12-27 11:59:59.999000+00:00,2025-12-28 11:59:59.999000+00:00,1,87802.15521238666,88017.24635444183,-215.09114205517108
base_01,Random Forest,2025-12-28 11:59:59.999000+00:00,2025-12-29 11:59:59.999000+00:00,1,87835.83351148131,87651.57504190627,184.2584695750411
base_01,Random Forest,2025-12-29 11:59:59.999000+00:00,2025-12-30 11:59:59.999000+00:00,1,87138.14323922966,87768.17904723609,-630.0358080064325
base_01,Random Forest,2025-12-30 11:59:59.999000+00:00,2025-12-31 11:59:59.999000+00:00,1,88430.13611966866,87892.27448121578,537.8616384528868
base_01,Random Forest,2025-12-31 11:59:59.999000+00:00,2026-01-01 11:59:59.999000+00:00,1,87508.82507954576,87686.62325801015,-177.79817846439255
base_01,Random Forest,2026-01-01 11:59:59.999000+00:00,2026-01-02 11:59:59.999000+00:00,1,88731.98665684077,87498.49394206288,1233.4927147778944
base_01,Random Forest,2026-01-02 11:59:59.999000+00:00,2026-01-03 11:59:59.999000+00:00,1,89944.69385915893,87688.03016925803,2256.6636899009027
base_01,Random Forest,2026-01-03 11:59:59.999000+00:00,2026-01-04 11:59:59.999000+00:00,1,90603.18914080271,88651.67899973605,1951.5101410666684
base_01,Random Forest,2026-01-04 11:59:59.999000+00:00,2026-01-05 11:59:59.999000+00:00,1,91413.4925215554,89118.92133936992,2294.5711821854784
base_01,Random Forest,2026-01-05 11:59:59.999000+00:00,2026-01-06 11:59:59.999000+00:00,1,93882.55303163701,90500.05113402326,3382.5018976137508
base_01,Random Forest,2026-01-06 11:59:59.999000+00:00,2026-01-07 11:59:59.999000+00:00,1,93729.0297195824,93672.14423704986,56.885482532539754
base_01,Random Forest,2026-01-07 11:59:59.999000+00:00,2026-01-08 11:59:59.999000+00:00,1,91308.05471910894,94174.49761088361,-2866.44289177467
base_01,Random Forest,2026-01-08 11:59:59.999000+00:00,2026-01-09 11:59:59.999000+00:00,1,91027.12672681987,90287.93158080822,739.1951460116543
base_01,Random Forest,2026-01-09 11:59:59.999000+00:00,2026-01-10 11:59:59.999000+00:00,1,90513.09815121775,90335.92984395848,177.1683072592714
base_01,Random Forest,2026-01-10 11:59:59.999000+00:00,2026-01-11 11:59:59.999000+00:00,1,90386.65112414268,89529.01461952737,857.6365046153078
base_01,Random Forest,2026-01-11 11:59:59.999000+00:00,2026-01-12 11:59:59.999000+00:00,1,90827.45983339567,89089.28690147103,1738.172931924637
base_01,Random Forest,2026-01-12 11:59:59.999000+00:00,2026-01-13 11:59:59.999000+00:00,1,91192.98949135575,90993.33104456885,199.6584467868961
base_01,Random Forest,2026-01-13 11:59:59.999000+00:00,2026-01-14 11:59:59.999000+00:00,1,95321.77950504515,91251.80989844014,4069.969606605009
base_01,Random Forest,2026-01-14 11:59:59.999000+00:00,2026-01-15 11:59:59.999000+00:00,1,96929.33087830324,94659.26699549313,2270.0638828101073
base_01,Random Forest,2026-01-15 11:59:59.999000+00:00,2026-01-16 11:59:59.999000+00:00,1,95551.18985531712,98071.84420390027,-2520.65434858315
base_01,Random Forest,2026-01-16 11:59:59.999000+00:00,2026-01-17 11:59:59.999000+00:00,1,95525.11884117454,95572.28772766469,-47.168886490151635
base_01,Random Forest,2026-01-17 11:59:59.999000+00:00,2026-01-18 11:59:59.999000+00:00,1,95099.92254408402,95005.65637979962,94.2661642844032
base_01,Random Forest,2026-01-18 11:59:59.999000+00:00,2026-01-19 11:59:59.999000+00:00,1,93634.43195160896,94464.9294957079,-830.4975440989365
base_01,Random Forest,2026-01-19 11:59:59.999000+00:00,2026-01-20 11:59:59.999000+00:00,1,92553.59713664629,93592.508939662,-1038.9118030157115
base_01,Random Forest,2026-01-20 11:59:59.999000+00:00,2026-01-21 11:59:59.999000+00:00,1,88310.90389549712,93152.50744428979,-4841.603548792671
base_01,Random Forest,2026-01-21 11:59:59.999000+00:00,2026-01-22 11:59:59.999000+00:00,1,89376.95832950319,87958.99131702972,1417.9670124734694
base_01,Random Forest,2026-01-22 11:59:59.999000+00:00,2026-01-23 11:59:59.999000+00:00,1,89462.44931314791,88800.51868496204,661.9306281858735
base_01,Random Forest,2026-01-23 11:59:59.999000+00:00,2026-01-24 11:59:59.999000+00:00,1,89503.8785126393,88879.74194783843,624.1365648008796
base_01,Random Forest,2026-01-24 11:59:59.999000+00:00,2026-01-25 11:59:59.999000+00:00,1,89110.73765766309,89232.44930687267,-121.71164920958108
base_01,Random Forest,2026-01-25 11:59:59.999000+00:00,2026-01-26 11:59:59.999000+00:00,1,86572.21534027335,89183.43719824027,-2611.2218579669134
base_01,Random Forest,2026-01-26 11:59:59.999000+00:00,2026-01-27 11:59:59.999000+00:00,1,88267.13675796885,87215.43605391648,1051.700704052375
base_01,Random Forest,2026-01-27 11:59:59.999000+00:00,2026-01-28 11:59:59.999000+00:00,1,89102.56849659163,87730.54745512156,1372.0210414700705
base_01,Random Forest,2026-01-28 11:59:59.999000+00:00,2026-01-29 11:59:59.999000+00:00,1,89184.57044363786,88159.3482678796,1025.2221757582593
base_01,Random Forest,2026-01-29 11:59:59.999000+00:00,2026-01-30 11:59:59.999000+00:00,1,84561.58485914288,88574.96617872147,-4013.3813195785915
base_01,Random Forest,2026-01-30 11:59:59.999000+00:00,2026-01-31 11:59:59.999000+00:00,1,84128.65876171994,84690.72342993833,-562.0646682183869
base_01,Random Forest,2026-01-31 11:59:59.999000+00:00,2026-02-01 11:59:59.999000+00:00,1,78621.11402755417,84673.83228558738,-6052.7182580332155
base_01,Random Forest,2026-02-01 11:59:59.999000+00:00,2026-02-02 11:59:59.999000+00:00,1,76974.4429081583,80124.34319845971,-3149.900290301419
base_01,Random Forest,2026-02-02 11:59:59.999000+00:00,2026-02-03 11:59:59.999000+00:00,1,78688.76433803354,80302.1792919409,-1613.4149539073696
base_01,Random Forest,2026-02-03 11:59:59.999000+00:00,2026-02-04 11:59:59.999000+00:00,1,75633.54991975304,79081.83683416348,-3448.2869144104334
base_01,Random Forest,2026-02-04 11:59:59.999000+00:00,2026-02-05 11:59:59.999000+00:00,1,73019.6998019014,78807.19663297501,-5787.496831073615
base_01,Random Forest,2026-02-05 11:59:59.999000+00:00,2026-02-06 11:59:59.999000+00:00,1,62702.09771246917,75047.27437959569,-12345.176667126521
base_01,Random Forest,2026-02-06 11:59:59.999000+00:00,2026-02-07 11:59:59.999000+00:00,1,70555.387263718,65691.77856691559,4863.608696802417
base_01,Random Forest,2026-02-07 11:59:59.999000+00:00,2026-02-08 11:59:59.999000+00:00,1,69281.97234466192,68203.53449070003,1078.437853961892
base_01,Random Forest,2026-02-08 11:59:59.999000+00:00,2026-02-09 11:59:59.999000+00:00,1,70264.72471946538,69153.75766435116,1110.967055114219
base_01,Random Forest,2026-02-09 11:59:59.999000+00:00,2026-02-10 11:59:59.999000+00:00,1,70120.78098938552,69877.70952763007,243.07146175544767
base_01,Random Forest,2026-02-10 11:59:59.999000+00:00,2026-02-11 11:59:59.999000+00:00,1,68793.95990441568,69632.79895049398,-838.8390460782975
base_01,Random Forest,2026-02-11 11:59:59.999000+00:00,2026-02-12 11:59:59.999000+00:00,1,66991.97090672859,69396.04625929601,-2404.0753525674227
base_01,Random Forest,2026-02-12 11:59:59.999000+00:00,2026-02-13 11:59:59.999000+00:00,1,66221.84484185326,66110.75700240281,111.08783945045434
base_01,Random Forest,2026-02-13 11:59:59.999000+00:00,2026-02-14 11:59:59.999000+00:00,1,68857.84251386527,66845.04200148844,2012.8005123768235
base_01,Random Forest,2026-02-14 11:59:59.999000+00:00,2026-02-15 11:59:59.999000+00:00,1,69767.62342592316,69267.80114036944,499.82228555371694
base_01,Random Forest,2026-02-15 11:59:59.999000+00:00,2026-02-16 11:59:59.999000+00:00,1,68788.1898191779,69804.91844675787,-1016.7286275799706
base_01,Random Forest,2026-02-16 11:59:59.999000+00:00,2026-02-17 11:59:59.999000+00:00,1,68843.15353357999,68602.20476359544,240.94876998454856
base_01,Random Forest,2026-02-17 11:59:59.999000+00:00,2026-02-18 11:59:59.999000+00:00,1,67494.21525060102,68887.56675135177,-1393.3515007507522
base_01,Random Forest,2026-02-18 11:59:59.999000+00:00,2026-02-19 11:59:59.999000+00:00,1,66425.32363552848,67411.55890657566,-986.2352710471896
base_01,Random Forest,2026-02-19 11:59:59.999000+00:00,2026-02-20 11:59:59.999000+00:00,1,66957.52386140164,66795.75781698785,161.7660444137873
base_01,Random Forest,2026-02-20 11:59:59.999000+00:00,2026-02-21 11:59:59.999000+00:00,1,68005.42064179093,66964.35850023603,1041.0621415548958
base_01,Random Forest,2026-02-21 11:59:59.999000+00:00,2026-02-22 11:59:59.999000+00:00,1,68003.7645025963,67877.32778679738,126.43671579891816
base_01,Random Forest,2026-02-22 11:59:59.999000+00:00,2026-02-23 11:59:59.999000+00:00,1,67659.39143030053,68130.74509448062,-471.35366418008925
base_01,Random Forest,2026-02-23 11:59:59.999000+00:00,2026-02-24 11:59:59.999000+00:00,1,64616.73639746904,67821.76093628409,-3205.0245388150506
base_01,Random Forest,2026-02-24 11:59:59.999000+00:00,2026-02-25 11:59:59.999000+00:00,1,64080.04180359821,65105.483699672484,-1025.4418960742769
base_01,Random Forest,2026-02-25 11:59:59.999000+00:00,2026-02-26 11:59:59.999000+00:00,1,67960.12324189473,63791.79281585221,4168.330426042521
base_01,Random Forest,2026-02-26 11:59:59.999000+00:00,2026-02-27 11:59:59.999000+00:00,1,67453.77004016005,66875.30611548472,578.4639246753213
base_01,Random Forest,2026-02-27 11:59:59.999000+00:00,2026-02-28 11:59:59.999000+00:00,1,65881.79512540475,66779.2594665731,-897.4643411683501
base_01,Random Forest,2026-02-28 11:59:59.999000+00:00,2026-03-01 11:59:59.999000+00:00,1,66995.86132443201,65694.38733654485,1301.4739878871624
base_01,Random Forest,2026-03-01 11:59:59.999000+00:00,2026-03-02 11:59:59.999000+00:00,1,65738.0982073395,66994.76620652276,-1256.6679991832643
base_01,Random Forest,2026-03-02 11:59:59.999000+00:00,2026-03-03 11:59:59.999000+00:00,1,68775.84773735623,65438.83134282983,3337.0163945264067
base_01,Random Forest,2026-03-03 11:59:59.999000+00:00,2026-03-04 11:59:59.999000+00:00,1,68293.64915366769,68494.94636014875,-201.29720648106013
base_01,Random Forest,2026-03-04 11:59:59.999000+00:00,2026-03-05 11:59:59.999000+00:00,1,72710.58067790847,67606.6921696417,5103.888508266769
base_01,Random Forest,2026-03-05 11:59:59.999000+00:00,2026-03-06 11:59:59.999000+00:00,1,70841.12807007451,70065.93851850479,775.1895515697252
base_01,Random Forest,2026-03-06 11:59:59.999000+00:00,2026-03-07 11:59:59.999000+00:00,1,68136.49227911503,69009.8828082109,-873.3905290958646
base_01,Random Forest,2026-03-07 11:59:59.999000+00:00,2026-03-08 11:59:59.999000+00:00,1,67272.59729429509,68077.8887345136,-805.2914402185124
base_01,Random Forest,2026-03-08 11:59:59.999000+00:00,2026-03-09 11:59:59.999000+00:00,1,65969.78080155294,67139.51567713219,-1169.7348755792482
base_01,Random Forest,2026-03-09 11:59:59.999000+00:00,2026-03-10 11:59:59.999000+00:00,1,68402.3866936191,66691.83628467265,1710.550408946452
base_01,Random Forest,2026-03-10 11:59:59.999000+00:00,2026-03-11 11:59:59.999000+00:00,1,69926.91815698774,68498.21215997127,1428.70599701647
base_01,Random Forest,2026-03-11 11:59:59.999000+00:00,2026-03-12 11:59:59.999000+00:00,1,70204.88413617083,70444.08953361512,-239.20539744428243
base_01,Random Forest,2026-03-12 11:59:59.999000+00:00,2026-03-13 11:59:59.999000+00:00,1,70493.45858127218,69420.74005760068,1072.7185236715013
base_01,Random Forest,2026-03-13 11:59:59.999000+00:00,2026-03-14 11:59:59.999000+00:00,1,70968.2676726541,69181.44444037757,1786.8232322765252
base_01,Random Forest,2026-03-14 11:59:59.999000+00:00,2026-03-15 11:59:59.999000+00:00,1,71214.62820852925,69886.71868260107,1327.9095259281748
base_01,Random Forest,2026-03-15 11:59:59.999000+00:00,2026-03-16 11:59:59.999000+00:00,1,72789.91726741185,69760.73104252761,3029.186224884237
base_01,Random Forest,2026-03-16 11:59:59.999000+00:00,2026-03-17 11:59:59.999000+00:00,1,74861.08367372249,70408.70704891246,4452.376624810029
base_01,Random Forest,2026-03-17 11:59:59.999000+00:00,2026-03-18 11:59:59.999000+00:00,1,73922.47401067735,75097.76591409325,-1175.2919034158986
base_01,Random Forest,2026-03-18 11:59:59.999000+00:00,2026-03-19 11:59:59.999000+00:00,1,71245.5785428252,71775.60977687547,-530.0312340502715
base_01,Random Forest,2026-03-19 11:59:59.999000+00:00,2026-03-20 11:59:59.999000+00:00,1,69912.78777685696,68382.87621780476,1529.9115590521978
base_01,Random Forest,2026-03-20 11:59:59.999000+00:00,2026-03-21 11:59:59.999000+00:00,1,70522.5839539436,69038.95224270357,1483.6317112400284
base_01,Random Forest,2026-03-21 11:59:59.999000+00:00,2026-03-22 11:59:59.999000+00:00,1,68711.52717356126,70062.0471270668,-1350.5199535055435
base_01,Random Forest,2026-03-22 11:59:59.999000+00:00,2026-03-23 11:59:59.999000+00:00,1,67845.21397986622,68472.84253097855,-627.6285511123278
base_01,Random Forest,2026-03-23 11:59:59.999000+00:00,2026-03-24 11:59:59.999000+00:00,1,70914.86299152786,67748.72690461508,3166.136086912782
base_01,Random Forest,2026-03-24 11:59:59.999000+00:00,2026-03-25 11:59:59.999000+00:00,1,70517.85954822176,70603.21249044835,-85.35294222658558
base_01,Random Forest,2026-03-25 11:59:59.999000+00:00,2026-03-26 11:59:59.999000+00:00,1,71309.88023249837,69833.5346302301,1476.3456022682658
base_01,Random Forest,2026-03-26 11:59:59.999000+00:00,2026-03-27 11:59:59.999000+00:00,1,68791.62251021616,69979.82030256178,-1188.1977923456288
base_01,Random Forest,2026-03-27 11:59:59.999000+00:00,2026-03-28 11:59:59.999000+00:00,1,66338.3712323883,68421.50598075041,-2083.134748362121
base_01,Random Forest,2026-03-28 11:59:59.999000+00:00,2026-03-29 11:59:59.999000+00:00,1,66319.69745111128,66384.37721245595,-64.6797613446688
base_01,Random Forest,2026-03-29 11:59:59.999000+00:00,2026-03-30 11:59:59.999000+00:00,1,65954.91925741613,66914.64869089353,-959.7294334774051
base_01,Random Forest,2026-03-30 11:59:59.999000+00:00,2026-03-31 11:59:59.999000+00:00,1,66691.4425240951,66972.97206419309,-281.5295400979958
base_01,Random Forest,2026-03-31 11:59:59.999000+00:00,2026-04-01 11:59:59.999000+00:00,1,68233.31556119065,66705.35971436967,1527.955846820987
base_01,Random Forest,2026-04-01 11:59:59.999000+00:00,2026-04-02 11:59:59.999000+00:00,1,68078.55315891042,68325.24539456761,-246.69223565718858
base_01,Random Forest,2026-04-02 11:59:59.999000+00:00,2026-04-03 11:59:59.999000+00:00,1,66888.5721018824,67803.85223140323,-915.2801295208337
base_01,Random Forest,2026-04-03 11:59:59.999000+00:00,2026-04-04 11:59:59.999000+00:00,1,66931.099247444,66698.13610321026,232.96314423374133
base_01,Random Forest,2026-04-04 11:59:59.999000+00:00,2026-04-05 11:59:59.999000+00:00,1,67290.51814887005,66535.52970839544,754.9884404746117
base_01,Random Forest,2026-04-05 11:59:59.999000+00:00,2026-04-06 11:59:59.999000+00:00,1,68981.90079218811,67114.15166918967,1867.7491229984444
base_01,Random Forest,2026-04-06 11:59:59.999000+00:00,2026-04-07 11:59:59.999000+00:00,1,68859.82639500768,69159.15535167928,-299.32895667159755
base_01,Random Forest,2026-04-07 11:59:59.999000+00:00,2026-04-08 11:59:59.999000+00:00,1,71940.7012947185,69126.81167199809,2813.8896227204095
base_01,Random Forest,2026-04-08 11:59:59.999000+00:00,2026-04-09 11:59:59.999000+00:00,1,71123.3584710525,70895.1423235254,228.21614752709866
base_01,Random Forest,2026-04-09 11:59:59.999000+00:00,2026-04-10 11:59:59.999000+00:00,1,71767.82512780256,70146.24269936008,1621.5824284424743
base_01,Random Forest,2026-04-10 11:59:59.999000+00:00,2026-04-11 11:59:59.999000+00:00,1,72979.05032706735,70810.09071291666,2168.959614150692
base_01,Random Forest,2026-04-11 11:59:59.999000+00:00,2026-04-12 11:59:59.999000+00:00,1,73054.2696888107,71720.6800565986,1333.589632212097
base_01,Random Forest,2026-04-12 11:59:59.999000+00:00,2026-04-13 11:59:59.999000+00:00,1,70753.40833408691,71990.1662000394,-1236.757865952488
base_01,Random Forest,2026-04-13 11:59:59.999000+00:00,2026-04-14 11:59:59.999000+00:00,1,74484.63775041384,68958.0023543638,5526.635396050042
base_01,Random Forest,2026-04-14 11:59:59.999000+00:00,2026-04-15 11:59:59.999000+00:00,1,74181.61165100952,74004.70288095169,176.90877005782386
base_01,Random Forest,2026-04-15 11:59:59.999000+00:00,2026-04-16 11:59:59.999000+00:00,1,74805.07543648196,72868.9690736917,1936.1063627902622
base_01,Random Forest,2026-04-16 11:59:59.999000+00:00,2026-04-17 11:59:59.999000+00:00,1,75152.12937634182,74717.14364664663,434.9857296951959
base_01,Random Forest,2026-04-17 11:59:59.999000+00:00,2026-04-18 11:59:59.999000+00:00,1,77126.87855986014,74817.87808515357,2309.0004747065686
base_01,Random Forest,2026-04-18 11:59:59.999000+00:00,2026-04-19 11:59:59.999000+00:00,1,75726.20755616415,77180.84272079518,-1454.6351646310213
base_01,Random Forest,2026-04-19 11:59:59.999000+00:00,2026-04-20 11:59:59.999000+00:00,1,73856.35478817236,77610.19560152298,-3753.8408133506164
base_01,Random Forest,2026-04-20 11:59:59.999000+00:00,2026-04-21 11:59:59.999000+00:00,1,75872.52478412843,72857.52538903877,3014.9993950896605
base_01,Random Forest,2026-04-21 11:59:59.999000+00:00,2026-04-22 11:59:59.999000+00:00,1,76352.77694271023,76043.2634690422,309.51347366803384
base_01,Random Forest,2026-04-22 11:59:59.999000+00:00,2026-04-23 11:59:59.999000+00:00,1,78203.09985676418,76421.82694104858,1781.272915715599
base_01,Random Forest,2026-04-23 11:59:59.999000+00:00,2026-04-24 11:59:59.999000+00:00,1,78268.95410801632,77222.02158332357,1046.9325246927474
base_01,Random Forest,2026-04-24 11:59:59.999000+00:00,2026-04-25 11:59:59.999000+00:00,1,77455.31561794388,77965.56423128204,-510.2486133381608
base_01,Random Forest,2026-04-25 11:59:59.999000+00:00,2026-04-26 11:59:59.999000+00:00,1,77612.01787472462,77903.8253860233,-291.80751129866985
base_01,Random Forest,2026-04-26 11:59:59.999000+00:00,2026-04-27 11:59:59.999000+00:00,1,78657.5394229309,78076.79959392679,580.7398290041165
base_01,Random Forest,2026-04-27 11:59:59.999000+00:00,2026-04-28 11:59:59.999000+00:00,1,77366.62342550905,77944.44469729281,-577.8212717837596
base_01,Random Forest,2026-04-28 11:59:59.999000+00:00,2026-04-29 11:59:59.999000+00:00,1,76350.67385656755,78203.26212461753,-1852.588268049978
base_01,Random Forest,2026-04-29 11:59:59.999000+00:00,2026-04-30 11:59:59.999000+00:00,1,75776.13655438689,78027.62855784404,-2251.492003457155
base_01,Random Forest,2026-04-30 11:59:59.999000+00:00,2026-05-01 11:59:59.999000+00:00,1,76304.31879680282,76214.32690414983,89.99189265299356
base_01,Random Forest,2026-05-01 11:59:59.999000+00:00,2026-05-02 11:59:59.999000+00:00,1,78179.00372062408,77037.88495560254,1141.1187650215434
base_01,Random Forest,2026-05-02 11:59:59.999000+00:00,2026-05-03 11:59:59.999000+00:00,1,78657.24856610392,77116.48669430727,1540.7618717966543
base_01,Random Forest,2026-05-03 11:59:59.999000+00:00,2026-05-04 11:59:59.999000+00:00,1,78538.22338525036,78351.27372102562,186.94966422473954
base_01,Random Forest,2026-05-04 11:59:59.999000+00:00,2026-05-05 11:59:59.999000+00:00,1,79827.90609480675,77916.1506825579,1911.755412248851
base_01,Random Forest,2026-05-05 11:59:59.999000+00:00,2026-05-06 11:59:59.999000+00:00,1,80927.05164940716,80683.68753063091,243.36411877625505
base_01,Random Forest,2026-05-06 11:59:59.999000+00:00,2026-05-07 11:59:59.999000+00:00,1,81427.53296903499,83625.01933292321,-2197.4863638882234
base_01,Random Forest,2026-05-07 11:59:59.999000+00:00,2026-05-08 11:59:59.999000+00:00,1,80009.99377551692,83030.08146349159,-3020.0876879746647
base_01,Random Forest,2026-05-08 11:59:59.999000+00:00,2026-05-09 11:59:59.999000+00:00,1,80186.76228443993,81610.02945183628,-1423.2671673963487
base_01,Random Forest,2026-05-09 11:59:59.999000+00:00,2026-05-10 11:59:59.999000+00:00,1,80664.36769147658,81039.09961021195,-374.73191873537144
base_01,Random Forest,2026-05-10 11:59:59.999000+00:00,2026-05-11 11:59:59.999000+00:00,1,82138.93139455045,81550.9791261504,587.9522684000549
base_01,Random Forest,2026-05-11 11:59:59.999000+00:00,2026-05-12 11:59:59.999000+00:00,1,81728.30033269321,82872.15249332231,-1143.8521606291033
base_01,Random Forest,2026-05-12 11:59:59.999000+00:00,2026-05-13 11:59:59.999000+00:00,1,80477.49603969125,82262.9206075381,-1785.4245678468433
base_01,Random Forest,2026-05-13 11:59:59.999000+00:00,2026-05-14 11:59:59.999000+00:00,1,79277.11435904496,81278.15620744816,-2001.041848403198
base_01,Random Forest,2026-05-14 11:59:59.999000+00:00,2026-05-15 11:59:59.999000+00:00,1,81051.25048674886,80133.66849302677,917.5819937220949
base_01,Random Forest,2026-05-15 11:59:59.999000+00:00,2026-05-16 11:59:59.999000+00:00,1,79065.6831951815,80925.98874709864,-1860.3055519171467
base_01,Random Forest,2026-05-16 11:59:59.999000+00:00,2026-05-17 11:59:59.999000+00:00,1,78131.43410962251,80306.42260789685,-2174.988498274339
base_01,Random Forest,2026-05-17 11:59:59.999000+00:00,2026-05-18 11:59:59.999000+00:00,1,77429.35519853412,79599.57763342124,-2170.222434887124
base_01,Random Forest,2026-05-18 11:59:59.999000+00:00,2026-05-19 11:59:59.999000+00:00,1,76954.17551219983,78211.19554547082,-1257.0200332709937
base_01,Random Forest,2026-05-19 11:59:59.999000+00:00,2026-05-20 11:59:59.999000+00:00,1,76750.90401037443,77345.5728856337,-594.66887525926
base_01,Random Forest,2026-05-20 11:59:59.999000+00:00,2026-05-21 11:59:59.999000+00:00,1,77457.7734947166,77708.2870491856,-250.51355446899834
base_01,Random Forest,2026-05-21 11:59:59.999000+00:00,2026-05-22 11:59:59.999000+00:00,1,77539.16918693176,77658.89854773092,-119.72936079915962
base_01,Random Forest,2026-05-22 11:59:59.999000+00:00,2026-05-23 11:59:59.999000+00:00,1,75488.24251898863,77578.0137515048,-2089.77123251617
base_01,Random Forest,2026-05-23 11:59:59.999000+00:00,2026-05-24 11:59:59.999000+00:00,1,76673.36511200857,75658.92651634166,1014.4385956669139
base_01,Random Forest,2026-05-24 11:59:59.999000+00:00,2026-05-25 11:59:59.999000+00:00,1,76981.12726529702,76319.99516742013,661.1320978768927
base_01,Random Forest,2026-05-25 11:59:59.999000+00:00,2026-05-26 11:59:59.999000+00:00,1,77279.92611112288,77618.84925153315,-338.9231404102611
base_01,Random Forest,2026-05-26 11:59:59.999000+00:00,2026-05-27 11:59:59.999000+00:00,1,75825.7348078344,77653.64462834866,-1827.9098205142654
base_01,Random Forest,2026-05-27 11:59:59.999000+00:00,2026-05-28 11:59:59.999000+00:00,1,74344.70121337207,76574.98382155264,-2230.282608180569
base_01,Random Forest,2026-05-28 11:59:59.999000+00:00,2026-05-29 11:59:59.999000+00:00,1,73536.55825078522,74925.11842882582,-1388.5601780405996
base_01,Random Forest,2026-05-29 11:59:59.999000+00:00,2026-05-30 11:59:59.999000+00:00,1,73372.52701970768,73294.26269560425,78.26432410342386
base_01,Random Forest,2026-05-30 11:59:59.999000+00:00,2026-05-31 11:59:59.999000+00:00,1,73754.83868090664,72958.79216068498,796.0465202216583
base_01,Random Forest,2026-05-31 11:59:59.999000+00:00,2026-06-01 11:59:59.999000+00:00,1,73579.68785248669,73663.71922776368,-84.03137527698709
base_01,Random Forest,2026-06-01 11:59:59.999000+00:00,2026-06-02 11:59:59.999000+00:00,1,71319.77113041593,73367.5736668334,-2047.8025364174682
base_01,Random Forest,2026-06-02 11:59:59.999000+00:00,2026-06-03 11:59:59.999000+00:00,1,66703.6600051648,70132.7965486328,-3429.1365434680047
base_01,Random Forest,2026-06-03 11:59:59.999000+00:00,2026-06-04 11:59:59.999000+00:00,1,64014.36706677971,66728.69427010136,-2714.327203321649
base_01,Random Forest,2026-06-04 11:59:59.999000+00:00,2026-06-05 11:59:59.999000+00:00,1,63801.57423484784,66222.75965118053,-2421.1854163326934
base_01,Random Forest,2026-06-05 11:59:59.999000+00:00,2026-06-06 11:59:59.999000+00:00,1,60922.666333508816,64477.83291421312,-3555.1665807043028
base_01,Random Forest,2026-06-06 11:59:59.999000+00:00,2026-06-07 11:59:59.999000+00:00,1,60867.41430919016,62854.0874964334,-1986.6731872432429
base_01,Random Forest,2026-06-07 11:59:59.999000+00:00,2026-06-08 11:59:59.999000+00:00,1,63239.51960014498,61211.23580714528,2028.2837929996967
base_01,Random Forest,2026-06-08 11:59:59.999000+00:00,2026-06-09 11:59:59.999000+00:00,1,63090.59017041845,64353.82522094077,-1263.2350505223221
base_01,Random Forest,2026-06-09 11:59:59.999000+00:00,2026-06-10 11:59:59.999000+00:00,1,61643.78042523286,63519.72092364337,-1875.940498410513
base_01,Random Forest,2026-06-10 11:59:59.999000+00:00,2026-06-11 11:59:59.999000+00:00,1,61449.288433366004,61484.63067308194,-35.34223971593747
base_01,Random Forest,2026-06-11 11:59:59.999000+00:00,2026-06-12 11:59:59.999000+00:00,1,63561.05340220524,61332.664832894196,2228.3885693110424
base_01,Random Forest,2026-06-12 11:59:59.999000+00:00,2026-06-13 11:59:59.999000+00:00,1,63543.19830571025,63523.687608931425,19.51069677882333
base_01,Random Forest,2026-06-13 11:59:59.999000+00:00,2026-06-14 11:59:59.999000+00:00,1,64421.32531378413,63517.70201204298,903.6233017411505
base_01,Random Forest,2026-06-14 11:59:59.999000+00:00,2026-06-15 11:59:59.999000+00:00,1,65710.39994119978,64745.334245480364,965.0656957194151
base_01,Random Forest,2026-06-15 11:59:59.999000+00:00,2026-06-16 11:59:59.999000+00:00,1,66289.49709817079,65627.95587155926,661.5412266115309
base_01,Random Forest,2026-06-16 11:59:59.999000+00:00,2026-06-17 11:59:59.999000+00:00,1,65600.64307031105,66496.78189518757,-896.1388248765143
base_01,Random Forest,2026-06-17 11:59:59.999000+00:00,2026-06-18 11:59:59.999000+00:00,1,64418.4461112965,65275.73751067419,-857.2913993776892
base_01,Random Forest,2026-06-18 11:59:59.999000+00:00,2026-06-19 11:59:59.999000+00:00,1,62896.473140210524,64667.30953419419,-1770.8363939836636
base_01,Random Forest,2026-06-19 11:59:59.999000+00:00,2026-06-20 11:59:59.999000+00:00,1,63540.83551190768,61467.99739677095,2072.8381151367284
base_01,Random Forest,2026-06-20 11:59:59.999000+00:00,2026-06-21 11:59:59.999000+00:00,1,64239.67608125665,63064.71032595175,1174.9657553048964
base_01,Random Forest,2026-06-21 11:59:59.999000+00:00,2026-06-22 11:59:59.999000+00:00,1,63237.53800397451,63720.8248413551,-483.28683738059044
base_01,Random Forest,2026-06-22 11:59:59.999000+00:00,2026-06-23 11:59:59.999000+00:00,1,63952.10718838148,62739.933256110315,1212.1739322711655
base_01,Random Forest,2026-06-23 11:59:59.999000+00:00,2026-06-24 11:59:59.999000+00:00,1,62668.02127182165,63404.92170465888,-736.9004328372321
base_01,Random Forest,2026-06-24 11:59:59.999000+00:00,2026-06-25 11:59:59.999000+00:00,1,60995.1331465521,61820.99897912779,-825.8658325756915
base_01,Random Forest,2026-06-25 11:59:59.999000+00:00,2026-06-26 11:59:59.999000+00:00,1,59721.67718353604,60969.59223440583,-1247.9150508697858
base_01,Random Forest,2026-06-26 11:59:59.999000+00:00,2026-06-27 11:59:59.999000+00:00,1,60016.42812551923,60010.75036931792,5.677756201315788
base_01,Random Forest,2026-06-27 11:59:59.999000+00:00,2026-06-28 11:59:59.999000+00:00,1,59940.095723129656,60091.49799842208,-151.4022752924211
base_01,Random Forest,2026-06-28 11:59:59.999000+00:00,2026-06-29 11:59:59.999000+00:00,1,59532.34134872448,59899.585734068576,-367.24438534409273
base_01,Random Forest,2026-06-29 11:59:59.999000+00:00,2026-06-30 11:59:59.999000+00:00,1,60138.377281171444,59418.36122185505,720.0160593163964
base_01,Random Forest,2026-06-30 11:59:59.999000+00:00,2026-07-01 11:59:59.999000+00:00,1,58558.85849470885,60583.23064782591,-2024.3721531170595
base_01,Random Forest,2026-07-01 11:59:59.999000+00:00,2026-07-02 11:59:59.999000+00:00,1,60003.75670005626,58690.911878778374,1312.8448212778894
base_01,Random Forest,2026-07-02 11:59:59.999000+00:00,2026-07-03 11:59:59.999000+00:00,1,61485.2991940841,60145.11804808044,1340.1811460036624
base_01,Random Forest,2026-07-03 11:59:59.999000+00:00,2026-07-04 11:59:59.999000+00:00,1,62544.200871125904,62282.833784766925,261.3670863589796
base_01,Random Forest,2026-07-04 11:59:59.999000+00:00,2026-07-05 11:59:59.999000+00:00,1,63088.306166519855,62538.3922930953,549.9138734245571
base_01,Random Forest,2026-07-05 11:59:59.999000+00:00,2026-07-06 11:59:59.999000+00:00,1,63547.88421082061,62886.21238780541,661.6718230151964
base_01,Random Forest,2026-07-06 11:59:59.999000+00:00,2026-07-07 11:59:59.999000+00:00,1,63995.01590457115,63398.96697054487,596.0489340262793
base_01,Random Forest,2026-07-07 11:59:59.999000+00:00,2026-07-08 11:59:59.999000+00:00,1,63297.396315570295,63456.70606972406,-159.30975415376452
base_01,Random Forest,2026-07-08 11:59:59.999000+00:00,2026-07-09 11:59:59.999000+00:00,1,62257.57570481748,63353.92257773251,-1096.3468729150336
base_01,Random Forest,2026-07-09 11:59:59.999000+00:00,2026-07-10 11:59:59.999000+00:00,1,63193.14767541663,61479.68417211508,1713.463503301551
base_01,Random Forest,2026-07-10 11:59:59.999000+00:00,2026-07-11 11:59:59.999000+00:00,1,64127.14200564058,63185.16064493184,941.9813607087344
base_01,Random Forest,2026-07-11 11:59:59.999000+00:00,2026-07-12 11:59:59.999000+00:00,1,63802.026626271436,63995.2736192661,-193.24699299466738
base_01,Random Forest,2026-07-12 11:59:59.999000+00:00,2026-07-13 11:59:59.999000+00:00,1,63758.21852318039,63769.48914030899,-11.2706171286045
base_01,Random Forest,2026-07-13 11:59:59.999000+00:00,2026-07-14 11:59:59.999000+00:00,1,62239.12272912624,63210.479885815235,-971.357156688995
base_01,Random Forest,2026-07-14 11:59:59.999000+00:00,2026-07-15 11:59:59.999000+00:00,1,64956.114226158075,61901.08519182837,3055.029034329702
base_01,Random Forest,2026-07-15 11:59:59.999000+00:00,2026-07-16 11:59:59.999000+00:00,1,64712.376491365714,64591.57755085634,120.79894050937583
base_01,Random Forest,2026-07-16 11:59:59.999000+00:00,2026-07-17 11:59:59.999000+00:00,1,63789.27945534556,64288.77682731353,-499.49737196796923
base_01,Random Forest,2026-07-17 11:59:59.999000+00:00,2026-07-18 11:59:59.999000+00:00,1,63899.45899791906,63907.461759933176,-8.002762014119071
base_01,Random Forest,2026-07-18 11:59:59.999000+00:00,2026-07-19 11:59:59.999000+00:00,1,64796.60308902005,64172.96234375931,623.6407452607382
base_01,Random Forest,2026-07-19 11:59:59.999000+00:00,2026-07-20 11:59:59.999000+00:00,1,64690.80495914814,64183.62311263529,507.18184651285264
base_01,Random Forest,2026-07-20 11:59:59.999000+00:00,2026-07-21 11:59:59.999000+00:00,1,65230.02619403271,64245.51051342837,984.5156806043378
base_01,Random Forest,2026-07-21 11:59:59.999000+00:00,2026-07-22 11:59:59.999000+00:00,1,66505.12243620168,64227.6551767019,2277.467259499783
base_01,Random Forest,2026-07-22 11:59:59.999000+00:00,2026-07-23 11:59:59.999000+00:00,1,66100.79952459608,66500.06828480658,-399.26876021049975
base_01,Random Forest,2026-07-23 11:59:59.999000+00:00,2026-07-24 11:59:59.999000+00:00,1,65044.81420944089,66097.9277340986,-1053.1135246577105
base_01,Random Forest,2026-07-24 11:59:59.999000+00:00,2026-07-25 11:59:59.999000+00:00,1,64098.49783446598,65084.143329712664,-985.6454952466811
base_01,Random Forest,2026-07-25 11:59:59.999000+00:00,2026-07-26 11:59:59.999000+00:00,1,64311.811411853945,64383.34672912013,-71.5353172661853
base_01,Random Forest,2026-07-26 11:59:59.999000+00:00,2026-07-27 11:59:59.999000+00:00,1,65340.30111696009,64086.98702368863,1253.3140932714596
base_01,Random Forest,2026-07-27 11:59:59.999000+00:00,2026-07-28 11:59:59.999000+00:00,1,63724.897675781795,65062.09954386605,-1337.201868084252
base_01,Random Forest,2026-07-28 11:59:59.999000+00:00,2026-07-29 11:59:59.999000+00:00,1,63871.363661081654,62799.601546227634,1071.7621148540202
base_01,Random Forest,2026-07-29 11:59:59.999000+00:00,2026-07-30 11:59:59.999000+00:00,1,63908.16797586797,64023.433506339825,-115.26553047185735
base_01,Random Forest,2026-07-30 11:59:59.999000+00:00,2026-07-31 11:59:59.999000+00:00,1,64725.30694754697,63967.358715607326,757.9482319396411
base_01,Random Forest,2026-07-31 11:59:59.999000+00:00,2026-08-01 11:59:59.999000+00:00,1,62813.74727922484,64637.84738632597,-1824.1001071011342
base_01,Random Forest,2026-08-01 11:59:59.999000+00:00,2026-08-02 11:59:59.999000+00:00,1,62763.320664606166,63460.39771883805,-697.077054231886
base_01,Random Forest,2026-08-02 11:59:59.999000+00:00,2026-08-03 11:59:59.999000+00:00,1,63481.99891620785,63745.694411261575,-263.6954950537256
base_01,Random Forest,2026-08-03 11:59:59.999000+00:00,2026-08-04 11:59:59.999000+00:00,1,63460.898508760445,63793.77042829629,-332.8719195358426
base_01,Random Forest,2026-08-04 11:59:59.999000+00:00,2026-08-05 11:59:59.999000+00:00,1,64055.95346396064,63509.70188622243,546.2515777382141
base_01,Random Forest,2026-08-05 11:59:59.999000+00:00,2026-08-06 11:59:59.999000+00:00,1,64597.4991894323,63979.91992254435,617.5792668879512
base_01,Random Forest,2026-08-06 11:59:59.999000+00:00,2026-08-07 11:59:59.999000+00:00,1,64262.11315986208,64333.329954946974,-71.21679508489615
base_01,Random Forest,2026-08-07 11:59:59.999000+00:00,2026-08-08 11:59:59.999000+00:00,1,64880.18992794641,64309.689415902154,570.5005120442584
base_01,Random Forest,2026-08-08 11:59:59.999000+00:00,2026-08-09 11:59:59.999000+00:00,1,64904.686597840824,64561.138274685705,343.54832315511885
base_01,Random Forest,2026-08-09 11:59:59.999000+00:00,2026-08-10 11:59:59.999000+00:00,1,64844.88526056732,64688.365606252046,156.5196543152706
base_01,Random Forest,2026-08-10 11:59:59.999000+00:00,2026-08-11 11:59:59.999000+00:00,1,63910.586753885575,64571.269675750045,-660.6829218644707
base_01,Random Forest,2026-08-11 11:59:59.999000+00:00,2026-08-12 11:59:59.999000+00:00,1,63551.87333774477,64304.47187975138,-752.5985420066063
base_01,Random Forest,2026-08-12 11:59:59.999000+00:00,2026-08-13 11:59:59.999000+00:00,1,63402.43362537117,63747.531288728416,-345.0976633572427
base_01,Random Forest,2026-08-13 11:59:59.999000+00:00,2026-08-14 11:59:59.999000+00:00,1,63402.17125005826,63771.70461274503,-369.5333626867723
base_01,Random Forest,2026-08-14 11:59:59.999000+00:00,2026-08-15 11:59:59.999000+00:00,1,62975.59383765358,63823.95142594285,-848.3575882892692
base_01,Random Forest,2026-08-15 11:59:59.999000+00:00,2026-08-16 11:59:59.999000+00:00,1,63024.31944618373,63707.58647580521,-683.2670296214856
base_01,Random Forest,2026-08-16 11:59:59.999000+00:00,2026-08-17 11:59:59.999000+00:00,1,62818.651078477385,63435.8749115977,-617.2238331203116
base_01,Random Forest,2026-08-17 11:59:59.999000+00:00,2026-08-18 11:59:59.999000+00:00,1,64506.25528743356,63508.09997233753,998.1553150960317
base_01,Random Forest,2026-08-18 11:59:59.999000+00:00,2026-08-19 11:59:59.999000+00:00,1,64680.712326016976,64420.434701255166,260.2776247618094
base_01,Random Forest,2026-08-19 11:59:59.999000+00:00,2026-08-20 11:59:59.999000+00:00,1,69266.18565852672,64460.24194471269,4805.943713814035
base_01,Random Forest,2026-08-20 11:59:59.999000+00:00,2026-08-21 11:59:59.999000+00:00,1,73032.76119017735,69926.53038212031,3106.2308080570365
base_01,Random Forest,2026-08-21 11:59:59.999000+00:00,2026-08-22 11:59:59.999000+00:00,1,78335.18447127173,71714.43606429362,6620.748406978106
base_01,Random Forest,2026-08-22 11:59:59.999000+00:00,2026-08-23 11:59:59.999000+00:00,1,77083.41369629378,77374.84140729866,-291.4277110048861
base_01,Random Forest,2026-08-23 11:59:59.999000+00:00,2026-08-24 11:59:59.999000+00:00,1,77755.26185892553,77942.88295966916,-187.6211007436359
base_01,Random Forest,2026-08-24 11:59:59.999000+00:00,2026-08-25 11:59:59.999000+00:00,1,78964.48188718018,77479.41744257139,1485.0644446087972
base_01,Random Forest,2026-08-25 11:59:59.999000+00:00,2026-08-26 11:59:59.999000+00:00,1,78564.9770338259,77549.96524842986,1015.0117853960401
base_01,Random Forest,2026-08-26 11:59:59.999000+00:00,2026-08-27 11:59:59.999000+00:00,1,79027.42375214693,78853.54194872949,173.88180341744737
base_01,Random Forest,2026-08-27 11:59:59.999000+00:00,2026-08-28 11:59:59.999000+00:00,1,80257.54237127447,78942.6990431827,1314.843328091767
base_01,Random Forest,2026-08-28 11:59:59.999000+00:00,2026-08-29 11:59:59.999000+00:00,1,77830.2884161716,80673.59976221896,-2843.311346047354
base_01,Random Forest,2026-08-29 11:59:59.999000+00:00,2026-08-30 11:59:59.999000+00:00,1,78245.81183339408,79651.29958411194,-1405.4877507178608
base_01,Random Forest,2026-08-30 11:59:59.999000+00:00,2026-08-31 11:59:59.999000+00:00,1,77667.57335298105,78872.099621111,-1204.52626812995
base_01,Random Forest,2026-08-31 11:59:59.999000+00:00,2026-09-01 11:59:59.999000+00:00,1,78548.63425232602,77808.64545463637,739.9887976896571
base_01,Random Forest,2026-09-01 11:59:59.999000+00:00,2026-09-02 11:59:59.999000+00:00,1,77403.62419920585,77755.95164052217,-352.32744131631625
base_01,Random Forest,2026-09-02 11:59:59.999000+00:00,2026-09-03 11:59:59.999000+00:00,1,77300.47890614565,77853.14315939626,-552.6642532506085
base_01,Random Forest,2026-09-03 11:59:59.999000+00:00,2026-09-04 11:59:59.999000+00:00,1,81271.74521290051,77258.98363729595,4012.761575604556
base_01,Random Forest,2026-09-04 11:59:59.999000+00:00,2026-09-05 11:59:59.999000+00:00,1,79671.96685975797,80960.78273441634,-1288.815874658365
base_01,Random Forest,2026-09-05 11:59:59.999000+00:00,2026-09-06 11:59:59.999000+00:00,1,79823.86734808386,80406.9658597022,-583.0985116183438
base_01,Random Forest,2026-09-06 11:59:59.999000+00:00,2026-09-07 11:59:59.999000+00:00,1,80350.04312037546,80532.57995945765,-182.53683908219682
base_01,Random Forest,2026-09-07 11:59:59.999000+00:00,2026-09-08 11:59:59.999000+00:00,1,79115.84836277652,80640.63361748564,-1524.785254709117
base_01,Random Forest,2026-09-08 11:59:59.999000+00:00,2026-09-09 11:59:59.999000+00:00,1,78438.58091615305,79776.96764168092,-1338.3867255278747
base_01,Random Forest,2026-09-09 11:59:59.999000+00:00,2026-09-10 11:59:59.999000+00:00,1,78259.51966638006,79065.83161580368,-806.3119494236162
base_01,Random Forest,2026-09-10 11:59:59.999000+00:00,2026-09-11 11:59:59.999000+00:00,1,76568.1241336471,78826.93304764062,-2258.808913993518
base_01,Random Forest,2026-09-11 11:59:59.999000+00:00,2026-09-12 11:59:59.999000+00:00,1,77173.79310139746,77756.66314573672,-582.870044339259
base_01,SVR,2025-09-12 11:59:59.999000+00:00,2025-09-13 11:59:59.999000+00:00,1,116101.58089647563,114490.69498906299,1610.8859074126376
base_01,SVR,2025-09-13 11:59:59.999000+00:00,2025-09-14 11:59:59.999000+00:00,1,115950.50504922486,116002.93705803945,-52.43200881459052
base_01,SVR,2025-09-14 11:59:59.999000+00:00,2025-09-15 11:59:59.999000+00:00,1,115407.65444742888,115589.50915126855,-181.85470383966458
base_01,SVR,2025-09-15 11:59:59.999000+00:00,2025-09-16 11:59:59.999000+00:00,1,115444.87270833744,115397.21183042014,47.6608779172966
base_01,SVR,2025-09-16 11:59:59.999000+00:00,2025-09-17 11:59:59.999000+00:00,1,116843.1842506891,115774.76571353947,1068.4185371496278
base_01,SVR,2025-09-17 11:59:59.999000+00:00,2025-09-18 11:59:59.999000+00:00,1,116468.50738952006,116547.41759939352,-78.91020987345837
base_01,SVR,2025-09-18 11:59:59.999000+00:00,2025-09-19 11:59:59.999000+00:00,1,117137.20246008378,115652.0390485636,1485.1634115201741
base_01,SVR,2025-09-19 11:59:59.999000+00:00,2025-09-20 11:59:59.999000+00:00,1,115688.86281801121,115962.31296788319,-273.45014987197646
base_01,SVR,2025-09-20 11:59:59.999000+00:00,2025-09-21 11:59:59.999000+00:00,1,115721.95820758065,114300.23858945977,1421.7196181208856
base_01,SVR,2025-09-21 11:59:59.999000+00:00,2025-09-22 11:59:59.999000+00:00,1,115306.09716128901,114552.64154369058,753.4556175984326
base_01,SVR,2025-09-22 11:59:59.999000+00:00,2025-09-23 11:59:59.999000+00:00,1,112748.50562324561,114569.82478313772,-1821.3191598921112
base_01,SVR,2025-09-23 11:59:59.999000+00:00,2025-09-24 11:59:59.999000+00:00,1,112014.49967651635,112354.57481747202,-340.07514095566876
base_01,SVR,2025-09-24 11:59:59.999000+00:00,2025-09-25 11:59:59.999000+00:00,1,113328.63040885661,111294.60306089884,2034.0273479577736
base_01,SVR,2025-09-25 11:59:59.999000+00:00,2025-09-26 11:59:59.999000+00:00,1,109049.28795700167,113126.39078995795,-4077.1028329562832
base_01,SVR,2025-09-26 11:59:59.999000+00:00,2025-09-27 11:59:59.999000+00:00,1,109712.83151827399,108547.48801937458,1165.3434988994122
base_01,SVR,2025-09-27 11:59:59.999000+00:00,2025-09-28 11:59:59.999000+00:00,1,109681.9424831994,110675.61973167033,-993.6772484709363
base_01,SVR,2025-09-28 11:59:59.999000+00:00,2025-09-29 11:59:59.999000+00:00,1,112122.63915061475,109532.6707449915,2589.968405623251
base_01,SVR,2025-09-29 11:59:59.999000+00:00,2025-09-30 11:59:59.999000+00:00,1,114400.3864282159,113040.72396035625,1359.6624678596563
base_01,SVR,2025-09-30 11:59:59.999000+00:00,2025-10-01 11:59:59.999000+00:00,1,114056.08364749927,115077.16041096629,-1021.0767634670192
base_01,SVR,2025-10-01 11:59:59.999000+00:00,2025-10-02 11:59:59.999000+00:00,1,118648.92858787146,113334.6055453346,5314.323042536853
base_01,SVR,2025-10-02 11:59:59.999000+00:00,2025-10-03 11:59:59.999000+00:00,1,120681.25972334214,115403.91028607178,5277.349437270357
base_01,SVR,2025-10-03 11:59:59.999000+00:00,2025-10-04 11:59:59.999000+00:00,1,122266.53272819234,117352.78795114199,4913.7447770503495
base_01,SVR,2025-10-04 11:59:59.999000+00:00,2025-10-05 11:59:59.999000+00:00,1,122425.42872954253,120334.00572252326,2091.4230070192716
base_01,SVR,2025-10-05 11:59:59.999000+00:00,2025-10-06 11:59:59.999000+00:00,1,123513.47371396709,120063.62261755153,3449.8510964155575
base_01,SVR,2025-10-06 11:59:59.999000+00:00,2025-10-07 11:59:59.999000+00:00,1,124752.52835209735,123434.69694100722,1317.8314110901265
base_01,SVR,2025-10-07 11:59:59.999000+00:00,2025-10-08 11:59:59.999000+00:00,1,121451.37907032672,123805.16266892088,-2353.783598594164
base_01,SVR,2025-10-08 11:59:59.999000+00:00,2025-10-09 11:59:59.999000+00:00,1,123354.87033539126,119384.8390975777,3970.031237813557
base_01,SVR,2025-10-09 11:59:59.999000+00:00,2025-10-10 11:59:59.999000+00:00,1,121705.5822667133,121081.89888117128,623.6833855420264
base_01,SVR,2025-10-10 11:59:59.999000+00:00,2025-10-11 11:59:59.999000+00:00,1,113214.36599312934,119154.4111025843,-5940.045109454964
base_01,SVR,2025-10-11 11:59:59.999000+00:00,2025-10-12 11:59:59.999000+00:00,1,110807.87931986216,104546.48184728355,6261.39747257861
base_01,SVR,2025-10-12 11:59:59.999000+00:00,2025-10-13 11:59:59.999000+00:00,1,115169.76392469808,111533.8040155295,3635.9599091685814
base_01,SVR,2025-10-13 11:59:59.999000+00:00,2025-10-14 11:59:59.999000+00:00,1,115271.07513679353,113994.10565083765,1276.9694859558804
base_01,SVR,2025-10-14 11:59:59.999000+00:00,2025-10-15 11:59:59.999000+00:00,1,113118.66715980553,114801.11894397193,-1682.4517841664056
base_01,SVR,2025-10-15 11:59:59.999000+00:00,2025-10-16 11:59:59.999000+00:00,1,110783.16685486272,113891.51905332605,-3108.352198463326
base_01,SVR,2025-10-16 11:59:59.999000+00:00,2025-10-17 11:59:59.999000+00:00,1,108186.03847532927,112006.9827259134,-3820.944250584129
base_01,SVR,2025-10-17 11:59:59.999000+00:00,2025-10-18 11:59:59.999000+00:00,1,106467.78522769098,107162.19417465976,-694.4089469687751
base_01,SVR,2025-10-18 11:59:59.999000+00:00,2025-10-19 11:59:59.999000+00:00,1,107198.26685138312,107790.39684632877,-592.1299949456588
base_01,SVR,2025-10-19 11:59:59.999000+00:00,2025-10-20 11:59:59.999000+00:00,1,108666.71152632662,110069.65281325372,-1402.9412869271036
base_01,SVR,2025-10-20 11:59:59.999000+00:00,2025-10-21 11:59:59.999000+00:00,1,110588.93015945522,110873.49727448293,-284.56711502770486
base_01,SVR,2025-10-21 11:59:59.999000+00:00,2025-10-22 11:59:59.999000+00:00,1,108476.88697879825,111429.56014398625,-2952.6731651879963
base_01,SVR,2025-10-22 11:59:59.999000+00:00,2025-10-23 11:59:59.999000+00:00,1,107688.58812261626,109555.58434663745,-1866.9962240211898
base_01,SVR,2025-10-23 11:59:59.999000+00:00,2025-10-24 11:59:59.999000+00:00,1,110069.72291805925,108684.66764813877,1385.0552699204854
base_01,SVR,2025-10-24 11:59:59.999000+00:00,2025-10-25 11:59:59.999000+00:00,1,111033.92308097401,109471.4237915008,1562.4992894732131
base_01,SVR,2025-10-25 11:59:59.999000+00:00,2025-10-26 11:59:59.999000+00:00,1,111641.73000798358,110907.19900406973,734.5310039138567
base_01,SVR,2025-10-26 11:59:59.999000+00:00,2025-10-27 11:59:59.999000+00:00,1,114472.443362309,110876.34217687891,3596.1011854300887
base_01,SVR,2025-10-27 11:59:59.999000+00:00,2025-10-28 11:59:59.999000+00:00,1,114119.32479048047,114763.21355865413,-643.8887681736524
base_01,SVR,2025-10-28 11:59:59.999000+00:00,2025-10-29 11:59:59.999000+00:00,1,112956.1663764569,113355.14359696311,-398.97722050621815
base_01,SVR,2025-10-29 11:59:59.999000+00:00,2025-10-30 11:59:59.999000+00:00,1,110055.30286229074,112844.03048476615,-2788.7276224754023
base_01,SVR,2025-10-30 11:59:59.999000+00:00,2025-10-31 11:59:59.999000+00:00,1,108305.54876178248,110578.45628524484,-2272.9075234623597
base_01,SVR,2025-10-31 11:59:59.999000+00:00,2025-11-01 11:59:59.999000+00:00,1,109556.16087014778,108313.4383659551,1242.7225041926868
base_01,SVR,2025-11-01 11:59:59.999000+00:00,2025-11-02 11:59:59.999000+00:00,1,110064.0174011764,109481.92815403202,582.0892471443804
base_01,SVR,2025-11-02 11:59:59.999000+00:00,2025-11-03 11:59:59.999000+00:00,1,110639.62631101506,108637.02204144039,2002.6042695746728
base_01,SVR,2025-11-03 11:59:59.999000+00:00,2025-11-04 11:59:59.999000+00:00,1,106547.51960408686,109845.11536834613,-3297.5957642592693
base_01,SVR,2025-11-04 11:59:59.999000+00:00,2025-11-05 11:59:59.999000+00:00,1,101590.52231689313,105251.18254961123,-3660.6602327181026
base_01,SVR,2025-11-05 11:59:59.999000+00:00,2025-11-06 11:59:59.999000+00:00,1,103891.83548171549,101004.79855694681,2887.036924768676
base_01,SVR,2025-11-06 11:59:59.999000+00:00,2025-11-07 11:59:59.999000+00:00,1,101301.29047559638,104383.39145984456,-3082.1009842481726
base_01,SVR,2025-11-07 11:59:59.999000+00:00,2025-11-08 11:59:59.999000+00:00,1,103372.40671821768,102502.98843022373,869.4182879939472
base_01,SVR,2025-11-08 11:59:59.999000+00:00,2025-11-09 11:59:59.999000+00:00,1,102282.11404970971,104975.48251444867,-2693.36846473896
base_01,SVR,2025-11-09 11:59:59.999000+00:00,2025-11-10 11:59:59.999000+00:00,1,104719.63889591319,103631.25662386483,1088.3822720483586
base_01,SVR,2025-11-10 11:59:59.999000+00:00,2025-11-11 11:59:59.999000+00:00,1,105996.59709213123,105592.65758521261,403.9395069186139
base_01,SVR,2025-11-11 11:59:59.999000+00:00,2025-11-12 11:59:59.999000+00:00,1,102997.47104313906,107331.54708053196,-4334.076037392908
base_01,SVR,2025-11-12 11:59:59.999000+00:00,2025-11-13 11:59:59.999000+00:00,1,101663.18673793318,104605.2422869096,-2942.055548976423
base_01,SVR,2025-11-13 11:59:59.999000+00:00,2025-11-14 11:59:59.999000+00:00,1,99697.49064364484,102694.58652321156,-2997.0958795667248
base_01,SVR,2025-11-14 11:59:59.999000+00:00,2025-11-15 11:59:59.999000+00:00,1,94397.78783274571,100980.25296252998,-6582.465129784265
base_01,SVR,2025-11-15 11:59:59.999000+00:00,2025-11-16 11:59:59.999000+00:00,1,95549.14593724243,95189.33055755921,359.81537968321936
base_01,SVR,2025-11-16 11:59:59.999000+00:00,2025-11-17 11:59:59.999000+00:00,1,94177.07448088586,97985.45313506114,-3808.378654175278
base_01,SVR,2025-11-17 11:59:59.999000+00:00,2025-11-18 11:59:59.999000+00:00,1,92093.87420869817,94921.49900654415,-2827.624797845987
base_01,SVR,2025-11-18 11:59:59.999000+00:00,2025-11-19 11:59:59.999000+00:00,1,92948.87239203356,92540.7332500107,408.13914202286105
base_01,SVR,2025-11-19 11:59:59.999000+00:00,2025-11-20 11:59:59.999000+00:00,1,91465.9890743479,94151.22928552728,-2685.240211179378
base_01,SVR,2025-11-20 11:59:59.999000+00:00,2025-11-21 11:59:59.999000+00:00,1,86631.89856890481,93161.85124742886,-6529.952678524045
base_01,SVR,2025-11-21 11:59:59.999000+00:00,2025-11-22 11:59:59.999000+00:00,1,85090.68611401643,87142.88615345841,-2052.2000394419883
base_01,SVR,2025-11-22 11:59:59.999000+00:00,2025-11-23 11:59:59.999000+00:00,1,84648.35672859022,85890.61652538666,-1242.2597967964393
base_01,SVR,2025-11-23 11:59:59.999000+00:00,2025-11-24 11:59:59.999000+00:00,1,86805.00807555199,85747.08067376181,1057.927401790177
base_01,SVR,2025-11-24 11:59:59.999000+00:00,2025-11-25 11:59:59.999000+00:00,1,88270.56197381225,86364.61129609449,1905.9506777177594
base_01,SVR,2025-11-25 11:59:59.999000+00:00,2025-11-26 11:59:59.999000+00:00,1,87341.8937506326,86785.40038617584,556.4933644567645
base_01,SVR,2025-11-26 11:59:59.999000+00:00,2025-11-27 11:59:59.999000+00:00,1,90518.36958272244,86889.89770699217,3628.471875730276
base_01,SVR,2025-11-27 11:59:59.999000+00:00,2025-11-28 11:59:59.999000+00:00,1,91285.3723441706,88324.94120488001,2960.43113929058
base_01,SVR,2025-11-28 11:59:59.999000+00:00,2025-11-29 11:59:59.999000+00:00,1,90919.26943415534,89896.08635526372,1023.1830788916268
base_01,SVR,2025-11-29 11:59:59.999000+00:00,2025-11-30 11:59:59.999000+00:00,1,90851.75406527554,89472.50195102724,1379.252114248302
base_01,SVR,2025-11-30 11:59:59.999000+00:00,2025-12-01 11:59:59.999000+00:00,1,90394.30894781704,89415.00395266702,979.3049951500288
base_01,SVR,2025-12-01 11:59:59.999000+00:00,2025-12-02 11:59:59.999000+00:00,1,86321.56994630139,89343.20119818032,-3021.6312518789346
base_01,SVR,2025-12-02 11:59:59.999000+00:00,2025-12-03 11:59:59.999000+00:00,1,91350.20542595383,85454.9327267874,5895.272699166424
base_01,SVR,2025-12-03 11:59:59.999000+00:00,2025-12-04 11:59:59.999000+00:00,1,93527.80380024506,89676.9060072692,3850.8977929758694
base_01,SVR,2025-12-04 11:59:59.999000+00:00,2025-12-05 11:59:59.999000+00:00,1,92141.62228747756,92926.66889861476,-785.046611137208
base_01,SVR,2025-12-05 11:59:59.999000+00:00,2025-12-06 11:59:59.999000+00:00,1,89387.75440990008,91116.07640197672,-1728.3219920766423
base_01,SVR,2025-12-06 11:59:59.999000+00:00,2025-12-07 11:59:59.999000+00:00,1,89272.37384596534,88610.48005507878,661.8937908865628
base_01,SVR,2025-12-07 11:59:59.999000+00:00,2025-12-08 11:59:59.999000+00:00,1,90405.63851087491,88298.9870880616,2106.651422813302
base_01,SVR,2025-12-08 11:59:59.999000+00:00,2025-12-09 11:59:59.999000+00:00,1,90640.20558110253,89371.22086241955,1268.9847186829866
base_01,SVR,2025-12-09 11:59:59.999000+00:00,2025-12-10 11:59:59.999000+00:00,1,92691.70747023897,91400.28501141502,1291.422458823945
base_01,SVR,2025-12-10 11:59:59.999000+00:00,2025-12-11 11:59:59.999000+00:00,1,92020.94573500573,92631.15892600067,-610.2131909949385
base_01,SVR,2025-12-11 11:59:59.999000+00:00,2025-12-12 11:59:59.999000+00:00,1,92511.33916341135,91601.5615022644,909.7776611469453
base_01,SVR,2025-12-12 11:59:59.999000+00:00,2025-12-13 11:59:59.999000+00:00,1,90270.41280218972,91948.35874423073,-1677.945942041013
base_01,SVR,2025-12-13 11:59:59.999000+00:00,2025-12-14 11:59:59.999000+00:00,1,90298.71011722588,89983.43195102751,315.2781661983754
base_01,SVR,2025-12-14 11:59:59.999000+00:00,2025-12-15 11:59:59.999000+00:00,1,88175.17740990703,91684.74336926782,-3509.565959360785
base_01,SVR,2025-12-15 11:59:59.999000+00:00,2025-12-16 11:59:59.999000+00:00,1,86419.78052359246,88431.58439634461,-2011.803872752149
base_01,SVR,2025-12-16 11:59:59.999000+00:00,2025-12-17 11:59:59.999000+00:00,1,87843.98630649646,86963.26725668585,880.7190498106065
base_01,SVR,2025-12-17 11:59:59.999000+00:00,2025-12-18 11:59:59.999000+00:00,1,86143.75766353737,88564.7039710118,-2420.946307474427
base_01,SVR,2025-12-18 11:59:59.999000+00:00,2025-12-19 11:59:59.999000+00:00,1,85462.50638053521,85763.00459354802,-300.4982130128046
base_01,SVR,2025-12-19 11:59:59.999000+00:00,2025-12-20 11:59:59.999000+00:00,1,88103.3806268365,84635.62168714343,3467.7589396930707
base_01,SVR,2025-12-20 11:59:59.999000+00:00,2025-12-21 11:59:59.999000+00:00,1,88343.9985724906,88824.92711497057,-480.92854247997457
base_01,SVR,2025-12-21 11:59:59.999000+00:00,2025-12-22 11:59:59.999000+00:00,1,88621.75041510115,87324.81315853196,1296.9372565691883
base_01,SVR,2025-12-22 11:59:59.999000+00:00,2025-12-23 11:59:59.999000+00:00,1,88490.01920050828,90126.86921254818,-1636.8500120398967
base_01,SVR,2025-12-23 11:59:59.999000+00:00,2025-12-24 11:59:59.999000+00:00,1,87414.00058157048,90534.65514761077,-3120.6545660402917
base_01,SVR,2025-12-24 11:59:59.999000+00:00,2025-12-25 11:59:59.999000+00:00,1,87611.96148879152,88498.50181374866,-886.5403249571391
base_01,SVR,2025-12-25 11:59:59.999000+00:00,2025-12-26 11:59:59.999000+00:00,1,87234.73832648946,88387.39388926305,-1152.6555627735943
base_01,SVR,2025-12-26 11:59:59.999000+00:00,2025-12-27 11:59:59.999000+00:00,1,87301.43224029081,87695.76742765732,-394.33518736650876
base_01,SVR,2025-12-27 11:59:59.999000+00:00,2025-12-28 11:59:59.999000+00:00,1,87802.15521238666,88223.53874504619,-421.383532659529
base_01,SVR,2025-12-28 11:59:59.999000+00:00,2025-12-29 11:59:59.999000+00:00,1,87835.83351148131,87360.84571250292,474.9877989783854
base_01,SVR,2025-12-29 11:59:59.999000+00:00,2025-12-30 11:59:59.999000+00:00,1,87138.14323922966,88726.53959931732,-1588.3963600876596
base_01,SVR,2025-12-30 11:59:59.999000+00:00,2025-12-31 11:59:59.999000+00:00,1,88430.13611966866,88791.47344307638,-361.3373234077153
base_01,SVR,2025-12-31 11:59:59.999000+00:00,2026-01-01 11:59:59.999000+00:00,1,87508.82507954576,90120.54023811023,-2611.715158564475
base_01,SVR,2026-01-01 11:59:59.999000+00:00,2026-01-02 11:59:59.999000+00:00,1,88731.98665684077,88009.87108454408,722.1155722966942
base_01,SVR,2026-01-02 11:59:59.999000+00:00,2026-01-03 11:59:59.999000+00:00,1,89944.69385915893,89030.49408772393,914.199771435
base_01,SVR,2026-01-03 11:59:59.999000+00:00,2026-01-04 11:59:59.999000+00:00,1,90603.18914080271,91261.92814650816,-658.7390057054436
base_01,SVR,2026-01-04 11:59:59.999000+00:00,2026-01-05 11:59:59.999000+00:00,1,91413.4925215554,90383.00757517344,1030.4849463819555
base_01,SVR,2026-01-05 11:59:59.999000+00:00,2026-01-06 11:59:59.999000+00:00,1,93882.55303163701,92633.72963386319,1248.8233977738273
base_01,SVR,2026-01-06 11:59:59.999000+00:00,2026-01-07 11:59:59.999000+00:00,1,93729.0297195824,95790.70611916325,-2061.676399580858
base_01,SVR,2026-01-07 11:59:59.999000+00:00,2026-01-08 11:59:59.999000+00:00,1,91308.05471910894,94279.08214471897,-2971.027425610024
base_01,SVR,2026-01-08 11:59:59.999000+00:00,2026-01-09 11:59:59.999000+00:00,1,91027.12672681987,91550.73878318729,-523.6120563674194
base_01,SVR,2026-01-09 11:59:59.999000+00:00,2026-01-10 11:59:59.999000+00:00,1,90513.09815121775,91616.17663742759,-1103.0784862098371
base_01,SVR,2026-01-10 11:59:59.999000+00:00,2026-01-11 11:59:59.999000+00:00,1,90386.65112414268,90668.11601355573,-281.4648894130514
base_01,SVR,2026-01-11 11:59:59.999000+00:00,2026-01-12 11:59:59.999000+00:00,1,90827.45983339567,89909.2097191316,918.2501142640685
base_01,SVR,2026-01-12 11:59:59.999000+00:00,2026-01-13 11:59:59.999000+00:00,1,91192.98949135575,92451.91924336636,-1258.9297520106047
base_01,SVR,2026-01-13 11:59:59.999000+00:00,2026-01-14 11:59:59.999000+00:00,1,95321.77950504515,92500.03469325152,2821.744811793629
base_01,SVR,2026-01-14 11:59:59.999000+00:00,2026-01-15 11:59:59.999000+00:00,1,96929.33087830324,95933.89000941216,995.4408688910771
base_01,SVR,2026-01-15 11:59:59.999000+00:00,2026-01-16 11:59:59.999000+00:00,1,95551.18985531712,97349.01026670862,-1797.820411391498
base_01,SVR,2026-01-16 11:59:59.999000+00:00,2026-01-17 11:59:59.999000+00:00,1,95525.11884117454,95399.89198250478,125.22685866976099
base_01,SVR,2026-01-17 11:59:59.999000+00:00,2026-01-18 11:59:59.999000+00:00,1,95099.92254408402,95958.92066504786,-858.9981209638354
base_01,SVR,2026-01-18 11:59:59.999000+00:00,2026-01-19 11:59:59.999000+00:00,1,93634.43195160896,95101.75344400096,-1467.3214923920023
base_01,SVR,2026-01-19 11:59:59.999000+00:00,2026-01-20 11:59:59.999000+00:00,1,92553.59713664629,94753.76324798999,-2200.1661113437003
base_01,SVR,2026-01-20 11:59:59.999000+00:00,2026-01-21 11:59:59.999000+00:00,1,88310.90389549712,94771.68015876488,-6460.776263267762
base_01,SVR,2026-01-21 11:59:59.999000+00:00,2026-01-22 11:59:59.999000+00:00,1,89376.95832950319,88991.81501236458,385.1433171386161
base_01,SVR,2026-01-22 11:59:59.999000+00:00,2026-01-23 11:59:59.999000+00:00,1,89462.44931314791,90449.81354466689,-987.3642315189791
base_01,SVR,2026-01-23 11:59:59.999000+00:00,2026-01-24 11:59:59.999000+00:00,1,89503.8785126393,90112.00345789065,-608.1249452513439
base_01,SVR,2026-01-24 11:59:59.999000+00:00,2026-01-25 11:59:59.999000+00:00,1,89110.73765766309,90097.31970949558,-986.5820518324908
base_01,SVR,2026-01-25 11:59:59.999000+00:00,2026-01-26 11:59:59.999000+00:00,1,86572.21534027335,88585.52250757298,-2013.3071672996302
base_01,SVR,2026-01-26 11:59:59.999000+00:00,2026-01-27 11:59:59.999000+00:00,1,88267.13675796885,87242.69315894766,1024.4435990211932
base_01,SVR,2026-01-27 11:59:59.999000+00:00,2026-01-28 11:59:59.999000+00:00,1,89102.56849659163,89727.40073150229,-624.8322349106602
base_01,SVR,2026-01-28 11:59:59.999000+00:00,2026-01-29 11:59:59.999000+00:00,1,89184.57044363786,90695.029140946,-1510.458697308146
base_01,SVR,2026-01-29 11:59:59.999000+00:00,2026-01-30 11:59:59.999000+00:00,1,84561.58485914288,90069.52174115348,-5507.936882010603
base_01,SVR,2026-01-30 11:59:59.999000+00:00,2026-01-31 11:59:59.999000+00:00,1,84128.65876171994,84329.40955295514,-200.75079123520118
base_01,SVR,2026-01-31 11:59:59.999000+00:00,2026-02-01 11:59:59.999000+00:00,1,78621.11402755417,84703.78176321907,-6082.667735664902
base_01,SVR,2026-02-01 11:59:59.999000+00:00,2026-02-02 11:59:59.999000+00:00,1,76974.4429081583,78706.2116623356,-1731.7687541773048
base_01,SVR,2026-02-02 11:59:59.999000+00:00,2026-02-03 11:59:59.999000+00:00,1,78688.76433803354,79849.12261844322,-1160.3582804096804
base_01,SVR,2026-02-03 11:59:59.999000+00:00,2026-02-04 11:59:59.999000+00:00,1,75633.54991975304,80487.85679428239,-4854.306874529342
base_01,SVR,2026-02-04 11:59:59.999000+00:00,2026-02-05 11:59:59.999000+00:00,1,73019.6998019014,77482.53117288093,-4462.831370979533
base_01,SVR,2026-02-05 11:59:59.999000+00:00,2026-02-06 11:59:59.999000+00:00,1,62702.09771246917,73589.35974136498,-10887.262028895813
base_01,SVR,2026-02-06 11:59:59.999000+00:00,2026-02-07 11:59:59.999000+00:00,1,70555.387263718,64815.460953702146,5739.926310015857
base_01,SVR,2026-02-07 11:59:59.999000+00:00,2026-02-08 11:59:59.999000+00:00,1,69281.97234466192,60583.63726842553,8698.335076236384
base_01,SVR,2026-02-08 11:59:59.999000+00:00,2026-02-09 11:59:59.999000+00:00,1,70264.72471946538,71659.49379395557,-1394.769074490192
base_01,SVR,2026-02-09 11:59:59.999000+00:00,2026-02-10 11:59:59.999000+00:00,1,70120.78098938552,73557.54461500946,-3436.7636256239493
base_01,SVR,2026-02-10 11:59:59.999000+00:00,2026-02-11 11:59:59.999000+00:00,1,68793.95990441568,71328.88936034549,-2534.929455929814
base_01,SVR,2026-02-11 11:59:59.999000+00:00,2026-02-12 11:59:59.999000+00:00,1,66991.97090672859,70766.19676626427,-3774.2258595356834
base_01,SVR,2026-02-12 11:59:59.999000+00:00,2026-02-13 11:59:59.999000+00:00,1,66221.84484185326,67895.63468053541,-1673.789838682147
base_01,SVR,2026-02-13 11:59:59.999000+00:00,2026-02-14 11:59:59.999000+00:00,1,68857.84251386527,68683.84904802972,173.9934658355487
base_01,SVR,2026-02-14 11:59:59.999000+00:00,2026-02-15 11:59:59.999000+00:00,1,69767.62342592316,68259.70170527542,1507.9217206477333
base_01,SVR,2026-02-15 11:59:59.999000+00:00,2026-02-16 11:59:59.999000+00:00,1,68788.1898191779,69006.16807193047,-217.97825275256764
base_01,SVR,2026-02-16 11:59:59.999000+00:00,2026-02-17 11:59:59.999000+00:00,1,68843.15353357999,68177.32521638264,665.8283171973453
base_01,SVR,2026-02-17 11:59:59.999000+00:00,2026-02-18 11:59:59.999000+00:00,1,67494.21525060102,68024.0648173163,-529.8495667152893
base_01,SVR,2026-02-18 11:59:59.999000+00:00,2026-02-19 11:59:59.999000+00:00,1,66425.32363552848,68413.71195458167,-1988.3883190531924
base_01,SVR,2026-02-19 11:59:59.999000+00:00,2026-02-20 11:59:59.999000+00:00,1,66957.52386140164,68307.3845564186,-1349.8606950169633
base_01,SVR,2026-02-20 11:59:59.999000+00:00,2026-02-21 11:59:59.999000+00:00,1,68005.42064179093,68439.255325377,-433.83468358607206
base_01,SVR,2026-02-21 11:59:59.999000+00:00,2026-02-22 11:59:59.999000+00:00,1,68003.7645025963,68406.26982935559,-402.50532675928844
base_01,SVR,2026-02-22 11:59:59.999000+00:00,2026-02-23 11:59:59.999000+00:00,1,67659.39143030053,65901.7791448859,1757.6122854146233
base_01,SVR,2026-02-23 11:59:59.999000+00:00,2026-02-24 11:59:59.999000+00:00,1,64616.73639746904,66587.57603781956,-1970.8396403505176
base_01,SVR,2026-02-24 11:59:59.999000+00:00,2026-02-25 11:59:59.999000+00:00,1,64080.04180359821,65549.4524303427,-1469.410626744495
base_01,SVR,2026-02-25 11:59:59.999000+00:00,2026-02-26 11:59:59.999000+00:00,1,67960.12324189473,64312.01000300764,3648.11323888709
base_01,SVR,2026-02-26 11:59:59.999000+00:00,2026-02-27 11:59:59.999000+00:00,1,67453.77004016005,66904.3212294676,549.44881069244
base_01,SVR,2026-02-27 11:59:59.999000+00:00,2026-02-28 11:59:59.999000+00:00,1,65881.79512540475,67006.96226131741,-1125.167135912663
base_01,SVR,2026-02-28 11:59:59.999000+00:00,2026-03-01 11:59:59.999000+00:00,1,66995.86132443201,64713.39594939066,2282.4653750413563
base_01,SVR,2026-03-01 11:59:59.999000+00:00,2026-03-02 11:59:59.999000+00:00,1,65738.0982073395,65770.19856926239,-32.100361922886805
base_01,SVR,2026-03-02 11:59:59.999000+00:00,2026-03-03 11:59:59.999000+00:00,1,68775.84773735623,64383.63472888032,4392.213008475912
base_01,SVR,2026-03-03 11:59:59.999000+00:00,2026-03-04 11:59:59.999000+00:00,1,68293.64915366769,69206.89018714646,-913.241033478771
base_01,SVR,2026-03-04 11:59:59.999000+00:00,2026-03-05 11:59:59.999000+00:00,1,72710.58067790847,68433.76190611275,4276.818771795719
base_01,SVR,2026-03-05 11:59:59.999000+00:00,2026-03-06 11:59:59.999000+00:00,1,70841.12807007451,72042.56807381334,-1201.440003738826
base_01,SVR,2026-03-06 11:59:59.999000+00:00,2026-03-07 11:59:59.999000+00:00,1,68136.49227911503,69745.82265184578,-1609.3303727307502
base_01,SVR,2026-03-07 11:59:59.999000+00:00,2026-03-08 11:59:59.999000+00:00,1,67272.59729429509,67010.26170589382,262.3355884012708
base_01,SVR,2026-03-08 11:59:59.999000+00:00,2026-03-09 11:59:59.999000+00:00,1,65969.78080155294,66914.32614874582,-944.5453471928777
base_01,SVR,2026-03-09 11:59:59.999000+00:00,2026-03-10 11:59:59.999000+00:00,1,68402.3866936191,66898.08062385034,1504.3060697687615
base_01,SVR,2026-03-10 11:59:59.999000+00:00,2026-03-11 11:59:59.999000+00:00,1,69926.91815698774,69586.3355764932,340.58258049453434
base_01,SVR,2026-03-11 11:59:59.999000+00:00,2026-03-12 11:59:59.999000+00:00,1,70204.88413617083,70827.79296736649,-622.9088311956584
base_01,SVR,2026-03-12 11:59:59.999000+00:00,2026-03-13 11:59:59.999000+00:00,1,70493.45858127218,69660.32588006897,833.1327012032125
base_01,SVR,2026-03-13 11:59:59.999000+00:00,2026-03-14 11:59:59.999000+00:00,1,70968.2676726541,70232.87693808661,735.3907345674816
base_01,SVR,2026-03-14 11:59:59.999000+00:00,2026-03-15 11:59:59.999000+00:00,1,71214.62820852925,71102.56892450183,112.05928402741847
base_01,SVR,2026-03-15 11:59:59.999000+00:00,2026-03-16 11:59:59.999000+00:00,1,72789.91726741185,70757.61575738218,2032.3015100296616
base_01,SVR,2026-03-16 11:59:59.999000+00:00,2026-03-17 11:59:59.999000+00:00,1,74861.08367372249,74382.61602852886,478.4676451936248
base_01,SVR,2026-03-17 11:59:59.999000+00:00,2026-03-18 11:59:59.999000+00:00,1,73922.47401067735,76034.89595605509,-2112.421945377733
base_01,SVR,2026-03-18 11:59:59.999000+00:00,2026-03-19 11:59:59.999000+00:00,1,71245.5785428252,74020.65788219258,-2775.079339367381
base_01,SVR,2026-03-19 11:59:59.999000+00:00,2026-03-20 11:59:59.999000+00:00,1,69912.78777685696,71300.99954103891,-1388.2117641819495
base_01,SVR,2026-03-20 11:59:59.999000+00:00,2026-03-21 11:59:59.999000+00:00,1,70522.5839539436,69995.47436112998,527.1095928136201
base_01,SVR,2026-03-21 11:59:59.999000+00:00,2026-03-22 11:59:59.999000+00:00,1,68711.52717356126,71148.07754109055,-2436.5503675292857
base_01,SVR,2026-03-22 11:59:59.999000+00:00,2026-03-23 11:59:59.999000+00:00,1,67845.21397986622,67924.53449933663,-79.320519470406
base_01,SVR,2026-03-23 11:59:59.999000+00:00,2026-03-24 11:59:59.999000+00:00,1,70914.86299152786,68005.51837987272,2909.344611655135
base_01,SVR,2026-03-24 11:59:59.999000+00:00,2026-03-25 11:59:59.999000+00:00,1,70517.85954822176,70877.57357774721,-359.7140295254503
base_01,SVR,2026-03-25 11:59:59.999000+00:00,2026-03-26 11:59:59.999000+00:00,1,71309.88023249837,70464.48353620022,845.3966962981503
base_01,SVR,2026-03-26 11:59:59.999000+00:00,2026-03-27 11:59:59.999000+00:00,1,68791.62251021616,71995.57309158065,-3203.9505813644937
base_01,SVR,2026-03-27 11:59:59.999000+00:00,2026-03-28 11:59:59.999000+00:00,1,66338.3712323883,68177.07178535816,-1838.7005529698654
base_01,SVR,2026-03-28 11:59:59.999000+00:00,2026-03-29 11:59:59.999000+00:00,1,66319.69745111128,65169.90487836792,1149.7925727433612
base_01,SVR,2026-03-29 11:59:59.999000+00:00,2026-03-30 11:59:59.999000+00:00,1,65954.91925741613,66388.1796806384,-433.2604232222657
base_01,SVR,2026-03-30 11:59:59.999000+00:00,2026-03-31 11:59:59.999000+00:00,1,66691.4425240951,66776.4476154937,-85.00509139860515
base_01,SVR,2026-03-31 11:59:59.999000+00:00,2026-04-01 11:59:59.999000+00:00,1,68233.31556119065,66957.95597394629,1275.3595872443693
base_01,SVR,2026-04-01 11:59:59.999000+00:00,2026-04-02 11:59:59.999000+00:00,1,68078.55315891042,68643.9613746726,-565.4082157621742
base_01,SVR,2026-04-02 11:59:59.999000+00:00,2026-04-03 11:59:59.999000+00:00,1,66888.5721018824,67841.14247252088,-952.5703706384811
base_01,SVR,2026-04-03 11:59:59.999000+00:00,2026-04-04 11:59:59.999000+00:00,1,66931.099247444,66207.30612957549,723.7931178685103
base_01,SVR,2026-04-04 11:59:59.999000+00:00,2026-04-05 11:59:59.999000+00:00,1,67290.51814887005,67021.53961819009,268.9785306799604
base_01,SVR,2026-04-05 11:59:59.999000+00:00,2026-04-06 11:59:59.999000+00:00,1,68981.90079218811,67787.84912383687,1194.0516683512396
base_01,SVR,2026-04-06 11:59:59.999000+00:00,2026-04-07 11:59:59.999000+00:00,1,68859.82639500768,70554.16125769292,-1694.3348626852385
base_01,SVR,2026-04-07 11:59:59.999000+00:00,2026-04-08 11:59:59.999000+00:00,1,71940.7012947185,69747.01299304495,2193.688301673552
base_01,SVR,2026-04-08 11:59:59.999000+00:00,2026-04-09 11:59:59.999000+00:00,1,71123.3584710525,72078.35076080656,-954.9922897540528
base_01,SVR,2026-04-09 11:59:59.999000+00:00,2026-04-10 11:59:59.999000+00:00,1,71767.82512780256,71008.78284899381,759.0422788087453
base_01,SVR,2026-04-10 11:59:59.999000+00:00,2026-04-11 11:59:59.999000+00:00,1,72979.05032706735,72198.59194321383,780.4583838535182
base_01,SVR,2026-04-11 11:59:59.999000+00:00,2026-04-12 11:59:59.999000+00:00,1,73054.2696888107,73750.3797269971,-696.1100381863944
base_01,SVR,2026-04-12 11:59:59.999000+00:00,2026-04-13 11:59:59.999000+00:00,1,70753.40833408691,73010.64522467641,-2257.236890589498
base_01,SVR,2026-04-13 11:59:59.999000+00:00,2026-04-14 11:59:59.999000+00:00,1,74484.63775041384,70677.68550883132,3806.9522415825195
base_01,SVR,2026-04-14 11:59:59.999000+00:00,2026-04-15 11:59:59.999000+00:00,1,74181.61165100952,75707.70332671472,-1526.0916757052037
base_01,SVR,2026-04-15 11:59:59.999000+00:00,2026-04-16 11:59:59.999000+00:00,1,74805.07543648196,74151.58749649167,653.4879399902857
base_01,SVR,2026-04-16 11:59:59.999000+00:00,2026-04-17 11:59:59.999000+00:00,1,75152.12937634182,75042.70919477374,109.42018156808626
base_01,SVR,2026-04-17 11:59:59.999000+00:00,2026-04-18 11:59:59.999000+00:00,1,77126.87855986014,75315.53175433347,1811.3468055266712
base_01,SVR,2026-04-18 11:59:59.999000+00:00,2026-04-19 11:59:59.999000+00:00,1,75726.20755616415,77602.54263450205,-1876.3350783378992
base_01,SVR,2026-04-19 11:59:59.999000+00:00,2026-04-20 11:59:59.999000+00:00,1,73856.35478817236,74525.25841694808,-668.903628775719
base_01,SVR,2026-04-20 11:59:59.999000+00:00,2026-04-21 11:59:59.999000+00:00,1,75872.52478412843,75032.53057284732,839.9942112811113
base_01,SVR,2026-04-21 11:59:59.999000+00:00,2026-04-22 11:59:59.999000+00:00,1,76352.77694271023,76938.97910240572,-586.2021596954874
base_01,SVR,2026-04-22 11:59:59.999000+00:00,2026-04-23 11:59:59.999000+00:00,1,78203.09985676418,77091.55423809934,1111.545618664837
base_01,SVR,2026-04-23 11:59:59.999000+00:00,2026-04-24 11:59:59.999000+00:00,1,78268.95410801632,79058.85728605292,-789.9031780366058
base_01,SVR,2026-04-24 11:59:59.999000+00:00,2026-04-25 11:59:59.999000+00:00,1,77455.31561794388,78621.14335669692,-1165.8277387530397
base_01,SVR,2026-04-25 11:59:59.999000+00:00,2026-04-26 11:59:59.999000+00:00,1,77612.01787472462,77071.44357709469,540.5742976299371
base_01,SVR,2026-04-26 11:59:59.999000+00:00,2026-04-27 11:59:59.999000+00:00,1,78657.5394229309,77271.49848377238,1386.0409391585272
base_01,SVR,2026-04-27 11:59:59.999000+00:00,2026-04-28 11:59:59.999000+00:00,1,77366.62342550905,79782.04187690499,-2415.4184513959335
base_01,SVR,2026-04-28 11:59:59.999000+00:00,2026-04-29 11:59:59.999000+00:00,1,76350.67385656755,78580.4149907708,-2229.7411342032574
base_01,SVR,2026-04-29 11:59:59.999000+00:00,2026-04-30 11:59:59.999000+00:00,1,75776.13655438689,77917.65194356971,-2141.515389182823
base_01,SVR,2026-04-30 11:59:59.999000+00:00,2026-05-01 11:59:59.999000+00:00,1,76304.31879680282,77082.94967223606,-778.6308754332422
base_01,SVR,2026-05-01 11:59:59.999000+00:00,2026-05-02 11:59:59.999000+00:00,1,78179.00372062408,77120.78944725193,1058.2142733721557
base_01,SVR,2026-05-02 11:59:59.999000+00:00,2026-05-03 11:59:59.999000+00:00,1,78657.24856610392,79414.54439327585,-757.2958271719253
base_01,SVR,2026-05-03 11:59:59.999000+00:00,2026-05-04 11:59:59.999000+00:00,1,78538.22338525036,78310.35908878021,227.86429647014302
base_01,SVR,2026-05-04 11:59:59.999000+00:00,2026-05-05 11:59:59.999000+00:00,1,79827.90609480675,78884.41384618303,943.4922486237192
base_01,SVR,2026-05-05 11:59:59.999000+00:00,2026-05-06 11:59:59.999000+00:00,1,80927.05164940716,80892.56890719834,34.4827422088274
base_01,SVR,2026-05-06 11:59:59.999000+00:00,2026-05-07 11:59:59.999000+00:00,1,81427.53296903499,81641.33111163748,-213.7981426024926
base_01,SVR,2026-05-07 11:59:59.999000+00:00,2026-05-08 11:59:59.999000+00:00,1,80009.99377551692,82337.35272978943,-2327.3589542725094
base_01,SVR,2026-05-08 11:59:59.999000+00:00,2026-05-09 11:59:59.999000+00:00,1,80186.76228443993,80251.46224019067,-64.69995575073699
base_01,SVR,2026-05-09 11:59:59.999000+00:00,2026-05-10 11:59:59.999000+00:00,1,80664.36769147658,80759.50672240378,-95.13903092719556
base_01,SVR,2026-05-10 11:59:59.999000+00:00,2026-05-11 11:59:59.999000+00:00,1,82138.93139455045,80804.59346274023,1334.3379318102234
base_01,SVR,2026-05-11 11:59:59.999000+00:00,2026-05-12 11:59:59.999000+00:00,1,81728.30033269321,83804.67060052435,-2076.3702678311383
base_01,SVR,2026-05-12 11:59:59.999000+00:00,2026-05-13 11:59:59.999000+00:00,1,80477.49603969125,82706.89712990206,-2229.401090210813
base_01,SVR,2026-05-13 11:59:59.999000+00:00,2026-05-14 11:59:59.999000+00:00,1,79277.11435904496,81414.4219953064,-2137.3076362614374
base_01,SVR,2026-05-14 11:59:59.999000+00:00,2026-05-15 11:59:59.999000+00:00,1,81051.25048674886,79958.7881162028,1092.4623705460544
base_01,SVR,2026-05-15 11:59:59.999000+00:00,2026-05-16 11:59:59.999000+00:00,1,79065.6831951815,82367.6020645375,-3301.918869355999
base_01,SVR,2026-05-16 11:59:59.999000+00:00,2026-05-17 11:59:59.999000+00:00,1,78131.43410962251,78670.66419964883,-539.2300900263217
base_01,SVR,2026-05-17 11:59:59.999000+00:00,2026-05-18 11:59:59.999000+00:00,1,77429.35519853412,78341.44112292383,-912.0859243897139
base_01,SVR,2026-05-18 11:59:59.999000+00:00,2026-05-19 11:59:59.999000+00:00,1,76954.17551219983,77704.1617631012,-749.9862509013765
base_01,SVR,2026-05-19 11:59:59.999000+00:00,2026-05-20 11:59:59.999000+00:00,1,76750.90401037443,77527.30106025448,-776.3970498800481
base_01,SVR,2026-05-20 11:59:59.999000+00:00,2026-05-21 11:59:59.999000+00:00,1,77457.7734947166,77403.03130590206,54.74218881454726
base_01,SVR,2026-05-21 11:59:59.999000+00:00,2026-05-22 11:59:59.999000+00:00,1,77539.16918693176,78424.42749671516,-885.2583097833995
base_01,SVR,2026-05-22 11:59:59.999000+00:00,2026-05-23 11:59:59.999000+00:00,1,75488.24251898863,77039.8354941986,-1551.5929752099764
base_01,SVR,2026-05-23 11:59:59.999000+00:00,2026-05-24 11:59:59.999000+00:00,1,76673.36511200857,74438.73432613078,2234.6307858777873
base_01,SVR,2026-05-24 11:59:59.999000+00:00,2026-05-25 11:59:59.999000+00:00,1,76981.12726529702,77713.36511357913,-732.2378482821077
base_01,SVR,2026-05-25 11:59:59.999000+00:00,2026-05-26 11:59:59.999000+00:00,1,77279.92611112288,77764.02715731191,-484.1010461890255
base_01,SVR,2026-05-26 11:59:59.999000+00:00,2026-05-27 11:59:59.999000+00:00,1,75825.7348078344,78242.89261586849,-2417.1578080340987
base_01,SVR,2026-05-27 11:59:59.999000+00:00,2026-05-28 11:59:59.999000+00:00,1,74344.70121337207,76892.02750015011,-2547.326286778043
base_01,SVR,2026-05-28 11:59:59.999000+00:00,2026-05-29 11:59:59.999000+00:00,1,73536.55825078522,74867.12336735637,-1330.565116571146
base_01,SVR,2026-05-29 11:59:59.999000+00:00,2026-05-30 11:59:59.999000+00:00,1,73372.52701970768,73621.64937102658,-249.12235131890338
base_01,SVR,2026-05-30 11:59:59.999000+00:00,2026-05-31 11:59:59.999000+00:00,1,73754.83868090664,73753.80736807255,1.0313128340931144
base_01,SVR,2026-05-31 11:59:59.999000+00:00,2026-06-01 11:59:59.999000+00:00,1,73579.68785248669,73792.26151018911,-212.57365770242177
base_01,SVR,2026-06-01 11:59:59.999000+00:00,2026-06-02 11:59:59.999000+00:00,1,71319.77113041593,73758.38977618335,-2438.6186457674194
base_01,SVR,2026-06-02 11:59:59.999000+00:00,2026-06-03 11:59:59.999000+00:00,1,66703.6600051648,71707.14337355694,-5003.483368392146
base_01,SVR,2026-06-03 11:59:59.999000+00:00,2026-06-04 11:59:59.999000+00:00,1,64014.36706677971,67795.44203484342,-3781.074968063709
base_01,SVR,2026-06-04 11:59:59.999000+00:00,2026-06-05 11:59:59.999000+00:00,1,63801.57423484784,65007.04377282143,-1205.469537973593
base_01,SVR,2026-06-05 11:59:59.999000+00:00,2026-06-06 11:59:59.999000+00:00,1,60922.666333508816,64661.41616613746,-3738.749832628644
base_01,SVR,2026-06-06 11:59:59.999000+00:00,2026-06-07 11:59:59.999000+00:00,1,60867.41430919016,62117.597434997064,-1250.183125806907
base_01,SVR,2026-06-07 11:59:59.999000+00:00,2026-06-08 11:59:59.999000+00:00,1,63239.51960014498,62374.72613809409,864.7934620508895
base_01,SVR,2026-06-08 11:59:59.999000+00:00,2026-06-09 11:59:59.999000+00:00,1,63090.59017041845,62418.98753151458,671.6026389038743
base_01,SVR,2026-06-09 11:59:59.999000+00:00,2026-06-10 11:59:59.999000+00:00,1,61643.78042523286,61978.24796331274,-334.4675380798799
base_01,SVR,2026-06-10 11:59:59.999000+00:00,2026-06-11 11:59:59.999000+00:00,1,61449.288433366004,62020.104038773425,-570.8156054074207
base_01,SVR,2026-06-11 11:59:59.999000+00:00,2026-06-12 11:59:59.999000+00:00,1,63561.05340220524,62038.55788692926,1522.4955152759794
base_01,SVR,2026-06-12 11:59:59.999000+00:00,2026-06-13 11:59:59.999000+00:00,1,63543.19830571025,63617.14176686763,-73.94346115738153
base_01,SVR,2026-06-13 11:59:59.999000+00:00,2026-06-14 11:59:59.999000+00:00,1,64421.32531378413,63544.15525035196,877.1700634321678
base_01,SVR,2026-06-14 11:59:59.999000+00:00,2026-06-15 11:59:59.999000+00:00,1,65710.39994119978,64178.178396513555,1532.2215446862247
base_01,SVR,2026-06-15 11:59:59.999000+00:00,2026-06-16 11:59:59.999000+00:00,1,66289.49709817079,64998.108033511766,1291.3890646590226
base_01,SVR,2026-06-16 11:59:59.999000+00:00,2026-06-17 11:59:59.999000+00:00,1,65600.64307031105,65286.781834860216,313.86123545083683
base_01,SVR,2026-06-17 11:59:59.999000+00:00,2026-06-18 11:59:59.999000+00:00,1,64418.4461112965,65512.59384845794,-1094.1477371614383
base_01,SVR,2026-06-18 11:59:59.999000+00:00,2026-06-19 11:59:59.999000+00:00,1,62896.473140210524,65830.16313427628,-2933.6899940657604
base_01,SVR,2026-06-19 11:59:59.999000+00:00,2026-06-20 11:59:59.999000+00:00,1,63540.83551190768,63785.098160080015,-244.2626481723346
base_01,SVR,2026-06-20 11:59:59.999000+00:00,2026-06-21 11:59:59.999000+00:00,1,64239.67608125665,64124.42385381464,115.25222744201164
base_01,SVR,2026-06-21 11:59:59.999000+00:00,2026-06-22 11:59:59.999000+00:00,1,63237.53800397451,64087.99680939747,-850.4588054229607
base_01,SVR,2026-06-22 11:59:59.999000+00:00,2026-06-23 11:59:59.999000+00:00,1,63952.10718838148,62521.74960984428,1430.3575785372013
base_01,SVR,2026-06-23 11:59:59.999000+00:00,2026-06-24 11:59:59.999000+00:00,1,62668.02127182165,64051.09648459936,-1383.0752127777087
base_01,SVR,2026-06-24 11:59:59.999000+00:00,2026-06-25 11:59:59.999000+00:00,1,60995.1331465521,63542.737164521786,-2547.6040179696865
base_01,SVR,2026-06-25 11:59:59.999000+00:00,2026-06-26 11:59:59.999000+00:00,1,59721.67718353604,61651.490300980135,-1929.8131174440932
base_01,SVR,2026-06-26 11:59:59.999000+00:00,2026-06-27 11:59:59.999000+00:00,1,60016.42812551923,59663.38207169961,353.0460538196203
base_01,SVR,2026-06-27 11:59:59.999000+00:00,2026-06-28 11:59:59.999000+00:00,1,59940.095723129656,59864.53183109053,75.5638920391284
base_01,SVR,2026-06-28 11:59:59.999000+00:00,2026-06-29 11:59:59.999000+00:00,1,59532.34134872448,58640.59308399841,891.7482647260767
base_01,SVR,2026-06-29 11:59:59.999000+00:00,2026-06-30 11:59:59.999000+00:00,1,60138.377281171444,59133.987812692416,1004.3894684790284
base_01,SVR,2026-06-30 11:59:59.999000+00:00,2026-07-01 11:59:59.999000+00:00,1,58558.85849470885,60037.372969977194,-1478.514475268341
base_01,SVR,2026-07-01 11:59:59.999000+00:00,2026-07-02 11:59:59.999000+00:00,1,60003.75670005626,58450.740028209104,1553.0166718471592
base_01,SVR,2026-07-02 11:59:59.999000+00:00,2026-07-03 11:59:59.999000+00:00,1,61485.2991940841,60059.36599683581,1425.9331972482905
base_01,SVR,2026-07-03 11:59:59.999000+00:00,2026-07-04 11:59:59.999000+00:00,1,62544.200871125904,61653.251891059204,890.9489800666997
base_01,SVR,2026-07-04 11:59:59.999000+00:00,2026-07-05 11:59:59.999000+00:00,1,63088.306166519855,62387.93895091927,700.367215600585
base_01,SVR,2026-07-05 11:59:59.999000+00:00,2026-07-06 11:59:59.999000+00:00,1,63547.88421082061,63172.15697396708,375.72723685352685
base_01,SVR,2026-07-06 11:59:59.999000+00:00,2026-07-07 11:59:59.999000+00:00,1,63995.01590457115,64043.94543653546,-48.929531964313355
base_01,SVR,2026-07-07 11:59:59.999000+00:00,2026-07-08 11:59:59.999000+00:00,1,63297.396315570295,64403.45942690178,-1106.0631113314885
base_01,SVR,2026-07-08 11:59:59.999000+00:00,2026-07-09 11:59:59.999000+00:00,1,62257.57570481748,63503.30990512071,-1245.7342003032318
base_01,SVR,2026-07-09 11:59:59.999000+00:00,2026-07-10 11:59:59.999000+00:00,1,63193.14767541663,62412.01578998162,781.1318854350102
base_01,SVR,2026-07-10 11:59:59.999000+00:00,2026-07-11 11:59:59.999000+00:00,1,64127.14200564058,63679.391551478155,447.7504541624221
base_01,SVR,2026-07-11 11:59:59.999000+00:00,2026-07-12 11:59:59.999000+00:00,1,63802.026626271436,64473.19027453156,-671.1636482601243
base_01,SVR,2026-07-12 11:59:59.999000+00:00,2026-07-13 11:59:59.999000+00:00,1,63758.21852318039,63308.279689844436,449.93883333595295
base_01,SVR,2026-07-13 11:59:59.999000+00:00,2026-07-14 11:59:59.999000+00:00,1,62239.12272912624,64536.39527943435,-2297.272550308109
base_01,SVR,2026-07-14 11:59:59.999000+00:00,2026-07-15 11:59:59.999000+00:00,1,64956.114226158075,62412.24218946166,2543.872036696419
base_01,SVR,2026-07-15 11:59:59.999000+00:00,2026-07-16 11:59:59.999000+00:00,1,64712.376491365714,65556.02902522808,-843.6525338623687
base_01,SVR,2026-07-16 11:59:59.999000+00:00,2026-07-17 11:59:59.999000+00:00,1,63789.27945534556,64991.35476455777,-1202.0753092122104
base_01,SVR,2026-07-17 11:59:59.999000+00:00,2026-07-18 11:59:59.999000+00:00,1,63899.45899791906,63899.96894828137,-0.5099503623132478
base_01,SVR,2026-07-18 11:59:59.999000+00:00,2026-07-19 11:59:59.999000+00:00,1,64796.60308902005,64054.011047592205,742.5920414278444
base_01,SVR,2026-07-19 11:59:59.999000+00:00,2026-07-20 11:59:59.999000+00:00,1,64690.80495914814,64891.904268370876,-201.09930922273634
base_01,SVR,2026-07-20 11:59:59.999000+00:00,2026-07-21 11:59:59.999000+00:00,1,65230.02619403271,64925.6695479859,304.3566460468137
base_01,SVR,2026-07-21 11:59:59.999000+00:00,2026-07-22 11:59:59.999000+00:00,1,66505.12243620168,66629.16523666428,-124.04280046260101
base_01,SVR,2026-07-22 11:59:59.999000+00:00,2026-07-23 11:59:59.999000+00:00,1,66100.79952459608,67009.57513983503,-908.7756152389484
base_01,SVR,2026-07-23 11:59:59.999000+00:00,2026-07-24 11:59:59.999000+00:00,1,65044.81420944089,66224.08021687067,-1179.266007429782
base_01,SVR,2026-07-24 11:59:59.999000+00:00,2026-07-25 11:59:59.999000+00:00,1,64098.49783446598,64986.26347294466,-887.7656384786751
base_01,SVR,2026-07-25 11:59:59.999000+00:00,2026-07-26 11:59:59.999000+00:00,1,64311.811411853945,64102.3070158483,209.50439600564277
base_01,SVR,2026-07-26 11:59:59.999000+00:00,2026-07-27 11:59:59.999000+00:00,1,65340.30111696009,64417.93143954687,922.3696774132186
base_01,SVR,2026-07-27 11:59:59.999000+00:00,2026-07-28 11:59:59.999000+00:00,1,63724.897675781795,66392.4330341066,-2667.5353583247997
base_01,SVR,2026-07-28 11:59:59.999000+00:00,2026-07-29 11:59:59.999000+00:00,1,63871.363661081654,63710.02303358176,161.34062749989243
base_01,SVR,2026-07-29 11:59:59.999000+00:00,2026-07-30 11:59:59.999000+00:00,1,63908.16797586797,64393.610632833246,-485.44265696527873
base_01,SVR,2026-07-30 11:59:59.999000+00:00,2026-07-31 11:59:59.999000+00:00,1,64725.30694754697,64300.81998726943,424.4869602775361
base_01,SVR,2026-07-31 11:59:59.999000+00:00,2026-08-01 11:59:59.999000+00:00,1,62813.74727922484,65112.299864795496,-2298.5525855706583
base_01,SVR,2026-08-01 11:59:59.999000+00:00,2026-08-02 11:59:59.999000+00:00,1,62763.320664606166,61741.690863462194,1021.6298011439721
base_01,SVR,2026-08-02 11:59:59.999000+00:00,2026-08-03 11:59:59.999000+00:00,1,63481.99891620785,62642.61597802269,839.382938185161
base_01,SVR,2026-08-03 11:59:59.999000+00:00,2026-08-04 11:59:59.999000+00:00,1,63460.898508760445,64364.87637055711,-903.9778617966658
base_01,SVR,2026-08-04 11:59:59.999000+00:00,2026-08-05 11:59:59.999000+00:00,1,64055.95346396064,64162.59616066779,-106.64269670714566
base_01,SVR,2026-08-05 11:59:59.999000+00:00,2026-08-06 11:59:59.999000+00:00,1,64597.4991894323,64644.34569234337,-46.846502911066636
base_01,SVR,2026-08-06 11:59:59.999000+00:00,2026-08-07 11:59:59.999000+00:00,1,64262.11315986208,65001.31572700202,-739.2025671399388
base_01,SVR,2026-08-07 11:59:59.999000+00:00,2026-08-08 11:59:59.999000+00:00,1,64880.18992794641,63865.08212865988,1015.1077992865321
base_01,SVR,2026-08-08 11:59:59.999000+00:00,2026-08-09 11:59:59.999000+00:00,1,64904.686597840824,65596.69552431595,-692.0089264751223
base_01,SVR,2026-08-09 11:59:59.999000+00:00,2026-08-10 11:59:59.999000+00:00,1,64844.88526056732,64941.70584478055,-96.82058421323018
base_01,SVR,2026-08-10 11:59:59.999000+00:00,2026-08-11 11:59:59.999000+00:00,1,63910.586753885575,65607.00005936675,-1696.4133054811755
base_01,SVR,2026-08-11 11:59:59.999000+00:00,2026-08-12 11:59:59.999000+00:00,1,63551.87333774477,64552.30613660464,-1000.432798859867
base_01,SVR,2026-08-12 11:59:59.999000+00:00,2026-08-13 11:59:59.999000+00:00,1,63402.43362537117,64087.99189002943,-685.5582646582552
base_01,SVR,2026-08-13 11:59:59.999000+00:00,2026-08-14 11:59:59.999000+00:00,1,63402.17125005826,63618.410027123595,-216.23877706533676
base_01,SVR,2026-08-14 11:59:59.999000+00:00,2026-08-15 11:59:59.999000+00:00,1,62975.59383765358,63438.019467001766,-462.4256293481885
base_01,SVR,2026-08-15 11:59:59.999000+00:00,2026-08-16 11:59:59.999000+00:00,1,63024.31944618373,62834.37563550564,189.94381067808717
base_01,SVR,2026-08-16 11:59:59.999000+00:00,2026-08-17 11:59:59.999000+00:00,1,62818.651078477385,62852.467744520254,-33.816666042868746
base_01,SVR,2026-08-17 11:59:59.999000+00:00,2026-08-18 11:59:59.999000+00:00,1,64506.25528743356,63172.13251877752,1334.1227686560378
base_01,SVR,2026-08-18 11:59:59.999000+00:00,2026-08-19 11:59:59.999000+00:00,1,64680.712326016976,65898.05722607479,-1217.3449000578112
base_01,SVR,2026-08-19 11:59:59.999000+00:00,2026-08-20 11:59:59.999000+00:00,1,69266.18565852672,64856.918981354465,4409.266677172258
base_01,SVR,2026-08-20 11:59:59.999000+00:00,2026-08-21 11:59:59.999000+00:00,1,73032.76119017735,68922.59507519045,4110.166114986903
base_01,SVR,2026-08-21 11:59:59.999000+00:00,2026-08-22 11:59:59.999000+00:00,1,78335.18447127173,74684.48703414817,3650.6974371235556
base_01,SVR,2026-08-22 11:59:59.999000+00:00,2026-08-23 11:59:59.999000+00:00,1,77083.41369629378,81542.37627808403,-4458.962581790256
base_01,SVR,2026-08-23 11:59:59.999000+00:00,2026-08-24 11:59:59.999000+00:00,1,77755.26185892553,78377.17734238558,-621.9154834600486
base_01,SVR,2026-08-24 11:59:59.999000+00:00,2026-08-25 11:59:59.999000+00:00,1,78964.48188718018,81576.59998921098,-2612.1181020307995
base_01,SVR,2026-08-25 11:59:59.999000+00:00,2026-08-26 11:59:59.999000+00:00,1,78564.9770338259,82566.44417990383,-4001.4671460779355
base_01,SVR,2026-08-26 11:59:59.999000+00:00,2026-08-27 11:59:59.999000+00:00,1,79027.42375214693,79559.8270101945,-532.4032580475614
base_01,SVR,2026-08-27 11:59:59.999000+00:00,2026-08-28 11:59:59.999000+00:00,1,80257.54237127447,79447.50233558842,810.0400356860482
base_01,SVR,2026-08-28 11:59:59.999000+00:00,2026-08-29 11:59:59.999000+00:00,1,77830.2884161716,79700.25365688973,-1869.9652407181275
base_01,SVR,2026-08-29 11:59:59.999000+00:00,2026-08-30 11:59:59.999000+00:00,1,78245.81183339408,76619.05835664287,1626.7534767512116
base_01,SVR,2026-08-30 11:59:59.999000+00:00,2026-08-31 11:59:59.999000+00:00,1,77667.57335298105,78312.65878846103,-645.0854354799812
base_01,SVR,2026-08-31 11:59:59.999000+00:00,2026-09-01 11:59:59.999000+00:00,1,78548.63425232602,78945.9202854748,-397.28603314877546
base_01,SVR,2026-09-01 11:59:59.999000+00:00,2026-09-02 11:59:59.999000+00:00,1,77403.62419920585,79580.04516790008,-2176.420968694234
base_01,SVR,2026-09-02 11:59:59.999000+00:00,2026-09-03 11:59:59.999000+00:00,1,77300.47890614565,78992.92236817296,-1692.4434620273096
base_01,SVR,2026-09-03 11:59:59.999000+00:00,2026-09-04 11:59:59.999000+00:00,1,81271.74521290051,79043.5533394194,2228.1918734811043
base_01,SVR,2026-09-04 11:59:59.999000+00:00,2026-09-05 11:59:59.999000+00:00,1,79671.96685975797,80462.01236950693,-790.0455097489612
base_01,SVR,2026-09-05 11:59:59.999000+00:00,2026-09-06 11:59:59.999000+00:00,1,79823.86734808386,79057.09741992035,766.7699281635141
base_01,SVR,2026-09-06 11:59:59.999000+00:00,2026-09-07 11:59:59.999000+00:00,1,80350.04312037546,78191.00047569089,2159.0426446845668
base_01,SVR,2026-09-07 11:59:59.999000+00:00,2026-09-08 11:59:59.999000+00:00,1,79115.84836277652,78989.41839732495,126.42996545157803
base_01,SVR,2026-09-08 11:59:59.999000+00:00,2026-09-09 11:59:59.999000+00:00,1,78438.58091615305,78377.05932017302,61.52159598002618
base_01,SVR,2026-09-09 11:59:59.999000+00:00,2026-09-10 11:59:59.999000+00:00,1,78259.51966638006,79462.01712945785,-1202.497463077787
base_01,SVR,2026-09-10 11:59:59.999000+00:00,2026-09-11 11:59:59.999000+00:00,1,76568.1241336471,80194.28625355233,-3626.1621199052315
base_01,SVR,2026-09-11 11:59:59.999000+00:00,2026-09-12 11:59:59.999000+00:00,1,77173.79310139746,77342.70905303191,-168.91595163445163
